"filename","s1_maxfreq","s2_maxfreq","s1_minfreq","s2_minfreq","s1_peakfreq","s2_peakfreq","s1_specentropy","s2_specentropy","s1_maxslope","s2_maxslope","s1_minslope","s2_minslope"
"ind_1",3.08526477791301,2.9881341116495,1.96739962811588,2.1855730871652,2.41534656223545,2.34233674764679,0.543823031698378,0.518448812638634,0.404849208629617,0.99403878697155,-0.604988245540119,-0.331152932569031
"ind_2",3.25893951397756,3.05424173889868,1.78694473848676,2.18339139811564,2.43353796364044,2.31242560539674,0.508782635126731,0.490386193711831,0.492902467543585,1.12818476936913,-0.594083831584901,-0.494586207516892
"ind_3",3.05914261223692,2.9416858538201,1.93083705781668,2.16602213709783,2.45929542618812,2.36355465472883,0.541031755922649,0.497334097675359,0.509278921458821,1.15611844285851,-0.487559270266943,-0.277504023597137
"ind_4",3.16662652734009,3.08896057518184,1.98663554693182,2.20815988221546,2.44896208895357,2.46674826379496,0.518243319700849,0.51122013870603,0.331531355433925,1.36581317564549,-0.606147153182242,-0.378172319619425
"ind_5",2.8212529021466,3.22677809395204,1.84615278406858,2.12765500946868,2.46000630659887,2.18785322542387,0.513405761057149,0.494620373066027,0.356053837118614,1.2839026665856,-0.727641672776335,-0.332438134364029
"ind_6",3.04785438478824,3.01932773910428,1.97095501231309,2.16187181286863,2.45983466639971,2.17375427827489,0.538520029872285,0.530542790626006,0.492758164616158,1.25429364300499,-0.441716989915773,-0.344408911190553
"ind_7",3.27518645291042,3.02787414187899,1.96077566547687,2.16854995591615,2.47708870121931,2.16690729465441,0.51746354143966,0.526171058991346,0.477022630921383,1.02674681395438,-0.628431803660192,-0.330334129951332
"ind_8",3.10449815233399,3.19461806339753,1.99975858710753,2.16612000355338,2.47073132498816,2.38660193762971,0.570323051786184,0.490501069893253,0.444104460596695,1.23376760127192,-0.355149530957903,-0.347871612481785
"ind_9",3.23388192573458,3.02568874902736,1.73739819703702,2.17327068848853,2.50686872291533,2.27872627858753,0.523468350354162,0.481489432303559,0.379173910450627,1.49265291536125,-0.585532304578632,-0.35898682283563
"ind_10",2.97361259267691,2.75582464724735,1.98468192198298,2.19121576517081,2.44402320735614,2.45288616216563,0.572847181466114,0.498121852860461,0.348365823167874,1.20751772418549,-0.373913209981778,-0.451828737031734
"ind_11",3.39474678424536,2.96383662456725,2.01266440633239,2.15097565379599,2.51519996130799,2.34935433683274,0.588540481962725,0.533388350619888,0.293266241533818,1.35187440840952,-0.70266869285217,-0.507247725364437
"ind_12",3.41126221193075,3.02033022701298,2.1970626609081,2.17852788697283,2.47701683510321,2.27652258428197,0.540062323016011,0.500828090874152,0.484898254573913,1.04832383556116,-0.335819463367462,-0.379002253172237
"ind_13",3.09501389858753,3.02051978006686,2.31583602607694,2.17515038275762,2.47009373703613,2.3987806970497,0.560793750081205,0.495864111631116,0.375313088653885,1.17326040889865,-0.545443531141016,-0.388583504987365
"ind_14",3.43143097065472,2.88680048335006,1.96998844414869,2.21370483722253,2.48278439449675,2.44107679553478,0.561677891948737,0.516539867956871,0.369679884726836,1.38443856042847,-0.569321930451525,-0.571981768547816
"ind_15",3.08295445991637,3.23687908157066,2.09967621382956,2.1533184100497,2.46414193610818,2.3720107182551,0.556131712188363,0.501459655980031,0.270423119895851,1.33947654513021,-0.406978727378147,-0.253603570371659
"ind_16",2.92532777782341,3.16507101615867,2.00406447630918,2.19628217994448,2.42256490515859,2.18117810894544,0.555324534672147,0.520263097266958,0.388698350765687,1.17211893723931,-0.557300743357244,-0.461305444210644
"ind_17",3.02143020385331,3.22101418718652,2.05706448903717,2.18335890176997,2.43050537036924,2.29628674257685,0.531427851670387,0.511743963272657,0.500288568644659,1.07899533716367,-0.581986036781464,-0.435958369821346
"ind_17",3.07658150764258,3.18158629518597,2.05009124127208,2.1805936028692,2.43832499471287,2.30208300922233,0.527602824412356,0.507592660873556,0.504314488146735,1.10418313414632,-0.542227523214418,-0.450238100059439
"ind_18",2.77697640233135,3.16441256299047,1.98436297252987,2.17692245844608,2.45771913906626,2.34837730755207,0.579113576975436,0.514024027535168,0.362788099889194,1.56011868873281,-0.455896632720408,-0.382023248353961
"ind_18",2.83123751520652,3.13697580868006,1.98890201532209,2.17481174194988,2.45921328090383,2.3239204347541,0.571172545398559,0.521322520760484,0.366069055383107,1.55487701723215,-0.464937331730356,-0.383581343945472
"ind_19",3.01106788844465,3.02215593385051,2.06121702231577,2.18743793909178,2.45592898790215,2.37799255084645,0.544805483273282,0.508599237248632,0.396872551054994,1.40354409870901,-0.377935385486235,-0.371389224676501
"ind_19",3.02419410597136,3.06887629320185,2.04119129721053,2.18052740474456,2.45811100316161,2.38869434652164,0.540301648444216,0.510349738522688,0.405661872406158,1.45723309403738,-0.383432732610218,-0.372299400862363
"ind_20",3.17087602784323,3.02179381861585,2.10227749106579,2.14487478942717,2.42629362728825,2.27080783053759,0.512978478279772,0.507389483002944,0.535584698942947,1.30149726051446,-0.532169826640484,-0.477392695507166
"ind_20",3.15543154468906,3.03439503285973,2.08962008977996,2.15168211885058,2.43089107053292,2.25496578755779,0.507775795996243,0.511469001730199,0.517947976943229,1.33903900820521,-0.562130317697657,-0.503354552618744
"ind_21",3.65617170384599,2.89074612219607,1.92186558153416,2.17291204234281,2.45753776290158,2.26431810300067,0.546668854228075,0.483230991736504,0.485311786148878,1.12947297951094,-0.615851672443777,-0.240034333541642
"ind_21",3.5907593474188,2.92018592732658,1.86942318141631,2.16697678661321,2.45068639356675,2.24979700020367,0.55034692235848,0.484947050037905,0.49292710265586,1.10888347406347,-0.62246938705647,-0.275861192572471
"ind_22",3.0418547138022,2.91392673674826,2.18916602759057,2.14165357378198,2.39775004866676,2.31683177583792,0.572141741029051,0.515671832893512,0.443715451460132,1.29333765114341,-0.416991048069959,-0.433240093594362
"ind_22",3.00115172738764,2.95433894106709,2.12835440838829,2.13446553248315,2.39638153164407,2.33396343710953,0.57778092496868,0.515796089460022,0.42260897587831,1.21923395958633,-0.455072021229976,-0.416206280110348
"ind_23",3.19416153538094,3.0773059315454,1.86642815469194,2.16720478706148,2.43418707278198,2.07246855796469,0.545301239983829,0.499644639554556,0.435509266761373,1.20393577613564,-0.418611250426652,-0.296480879615039
"ind_23",3.15716333938586,3.079743424185,1.91094320146514,2.16289431318777,2.42420310935895,2.0840242475811,0.547769393132219,0.497746101486576,0.428893856579835,1.16734171705951,-0.468783181125125,-0.33368719791229
"ind_24",3.35609910200532,3.1570502515145,2.05816382021961,2.1406571579441,2.46404544427645,2.15405953113245,0.581841103834645,0.493273815450885,0.325676899593681,1.36299215176984,-0.346060043882211,-0.433988234012508
"ind_24",3.45027316128034,3.16472542737801,2.05044353563267,2.13706089289167,2.44853390433104,2.16514709057744,0.573320443386079,0.500741103478648,0.307034590593436,1.35832235353437,-0.350299461132988,-0.412856659075058
"ind_25",3.3354758075568,3.08819349666592,2.09351820930403,2.17174832709361,2.48115739342335,2.22190043058411,0.555285125848128,0.515164354319977,0.317745065590232,1.19675934038954,-0.648168642926065,-0.280703636281287
"ind_25",3.39342599605623,3.13098993386655,2.06510691101878,2.17431894995342,2.48972603255999,2.21081596248172,0.553935868718043,0.51483339040805,0.321744050167108,1.24778097054062,-0.649919713817093,-0.286494929806554
"ind_26",3.0978443341906,3.08215335219612,1.8709715715456,2.17313292723465,2.47418532524026,2.1289335031778,0.571224879327398,0.493616204035058,0.388369531212802,1.06936784721625,-0.594483855748755,-0.543644685352562
"ind_26",3.10375340916987,3.11036615029016,1.83743979783764,2.17130881612822,2.48092217906591,2.17160896382306,0.566887757924856,0.49560471862169,0.388116726861341,1.04696109288601,-0.568036177645008,-0.537665574147477
"ind_27",3.42001441565458,2.92733958388072,1.75596497295856,2.19774694072643,2.48063191786366,2.4287642801974,0.519740479637253,0.516282129943085,0.392076698635076,1.08779747307241,-0.643522750075309,-0.446993551328005
"ind_27",3.33845248788059,2.95788793364693,1.73703486884227,2.19628483663797,2.48802916915702,2.41043238611736,0.529714138266443,0.51200734701076,0.355926939775369,1.10121705509124,-0.63895938342092,-0.444364328032074
"ind_28",3.22311333153533,3.25759836035068,2.00169945271279,2.19343128892278,2.48253516209654,2.32017686164566,0.546692092316196,0.535885939358088,0.509315165371334,1.07459792460244,-0.433840658785906,-0.412663742196684
"ind_28",3.18442592290928,3.2833876486337,1.95876962308499,2.18635652995702,2.48217830147733,2.32227024973467,0.549150898366765,0.53246073767564,0.498587530632372,1.03921149138372,-0.438443349751397,-0.388749823277188
"ind_28",3.24147657049605,3.26221885374889,2.02202055689796,2.18463583786614,2.46678731479113,2.32121813451063,0.557532899000448,0.529633254062011,0.487692789324518,1.11272238594774,-0.422472714928891,-0.422259577053878
"ind_29",3.02976807606982,3.09207723517097,1.96218610258058,2.18989991071547,2.44206219701191,2.48145568649646,0.602452565202809,0.516714401453958,0.35357929303216,1.08445022219936,-0.373156580768683,-0.360801778988178
"ind_29",3.02367462069596,3.02857827682679,1.93503600198679,2.19452041160821,2.43622946991886,2.50812012441164,0.599035870829042,0.52233969807906,0.349801459832316,1.13950082190779,-0.391449475186235,-0.358555117330461
"ind_29",3.06900832812072,3.05021855307887,1.94226141783813,2.19169100371433,2.43585439679808,2.51385237354984,0.599867193188886,0.511718643402957,0.354473548678204,1.16589373661234,-0.383241864084633,-0.370885132958213
"ind_30",3.52978722028399,2.98213205249919,1.99649800711533,2.19600254513266,2.41772639046488,2.34206204148586,0.561342361130463,0.501835982171495,0.400869979698309,0.986570075639958,-0.59408802605784,-0.369983350336552
"ind_30",3.53859213623072,2.96304775830638,1.92929968268794,2.19971764301569,2.4105807685637,2.32695949166363,0.564437379536617,0.503083332002272,0.386648304028998,0.93368510719573,-0.591237608508087,-0.369350788526186
"ind_30",3.49742716552977,3.02319769337049,1.93874033028528,2.19865817738871,2.42519841556247,2.31909888235883,0.56579007865667,0.504916378619821,0.393600840609727,0.899075925954633,-0.578676678538548,-0.380101881633312
"ind_31",3.24425388576823,3.08236032119078,2.01443414213272,2.17275574108088,2.4276869871227,2.28852743436368,0.565169485952485,0.517833913231678,0.502999131692886,1.01502222595837,-0.577078516404659,-0.342422627330287
"ind_31",3.16166203916015,3.07599015261179,2.01593733199494,2.1729258214319,2.41952989540857,2.2361638307443,0.571418778304901,0.51919123163954,0.503274873013722,1.13119390228831,-0.573271914381206,-0.3583950781761
"ind_31",3.20660395651919,3.09440876161851,2.00540464059793,2.18385648707345,2.42878710306754,2.22513613804221,0.563770923782405,0.51718620079211,0.506613491374029,1.05499284165585,-0.551129524972093,-0.334864393951802
"ind_32",3.23154045444392,2.94809914161477,1.97601210938549,2.19573119976286,2.45696092843453,2.40500628223167,0.559665215443966,0.499205364952799,0.411231465318334,0.999293807321978,-0.375841777080946,-0.465129180895311
"ind_32",3.27044673409121,2.94812806097925,1.94691980402529,2.20349001502655,2.45995439358042,2.39702980294416,0.554118809802302,0.498075739186789,0.426818777191177,0.994568253442708,-0.328725474757924,-0.43613663959014
"ind_32",3.22667310233602,2.92516096826008,1.99411211625739,2.19859852817354,2.4572508717132,2.39652051273,0.568623673638746,0.501699389551381,0.417067661975689,0.983107759769956,-0.342604269672894,-0.47446470647163
"ind_33",3.32230485579488,3.01314599408495,2.0490938543516,2.16107595968857,2.45685007277939,2.16984774887311,0.524542788441411,0.501287427216347,0.511109505111159,1.51084728345333,-0.41315970374046,-0.438244969974235
"ind_33",3.37148110262375,3.02275662158689,1.99630050706353,2.15941141108736,2.4642291172967,2.20618553371918,0.518276843881664,0.500116689738263,0.527630872700081,1.53206346885892,-0.420589530891662,-0.45257625628073
"ind_33",3.33073185594822,3.05446269219751,2.09188545428707,2.15802029970281,2.45085527683684,2.18234537646988,0.532915261255661,0.500975279477576,0.503159596818552,1.50835916411581,-0.414593323475166,-0.474316101368261
"ind_34",3.3883545244046,3.15307330145486,2.2010933942122,2.18387132618587,2.45824957896013,2.30913294921491,0.522600631758411,0.476784879920905,0.460455198514833,0.930641054921727,-0.464560533921857,-0.469014847778475
"ind_34",3.34279879355685,3.14275202669374,2.17890311584438,2.17462630679437,2.45940690586352,2.3089584897137,0.528872449974943,0.478257747489318,0.431198686873003,0.90872573694096,-0.414602669086592,-0.464294179065025
"ind_34",3.36062312721125,3.19975611561662,2.21576700636062,2.17853083578076,2.44712240315018,2.28402642385715,0.533460911115555,0.481700328788053,0.485720582605001,0.949654219701197,-0.420758143428779,-0.487301027900431
"ind_35",3.16795492340567,2.98408131375711,2.10539932142219,2.1735274843427,2.42016437253517,2.35449462564522,0.516838889553926,0.476678675027794,0.355524001959052,1.3361861432532,-0.457540246087197,-0.364189000870611
"ind_35",3.14808685187922,3.01529024293041,2.13777369520014,2.16505015702285,2.42298974278696,2.37097493541179,0.512160361973572,0.479460826504855,0.3520022579751,1.3127104082605,-0.511159080388614,-0.351197294819077
"ind_35",3.17848109442998,2.98289797758132,2.03353530575114,2.17313968320904,2.42545395155827,2.34844906289116,0.508216209688279,0.478589837359024,0.379940740137303,1.28472783346555,-0.440484888547547,-0.366678077436488
"ind_36",3.25081956358263,3.15522801415409,2.31827526548924,2.15987999427757,2.43433417695709,2.33399977197232,0.56704327287927,0.504694214847409,0.316761418144581,1.16960603145167,-0.354285022547169,-0.295932358031149
"ind_36",3.27822525025107,3.12785202739294,2.34349017721943,2.16443842707301,2.44956347635215,2.31725870550006,0.574135079028703,0.504159558950928,0.302374563060467,1.20261797585948,-0.368776961266119,-0.307436926795554
"ind_36",3.28532245801445,3.1534140716094,2.34359043603206,2.1611180991333,2.4475968967724,2.29421841780264,0.572098399962518,0.504921505354784,0.352198623415259,1.19184657684248,-0.38717444684662,-0.314123436162094
"ind_37",3.32742473767989,3.03743304930981,1.96368392948598,2.11668801733398,2.48273228218931,2.38173679270017,0.586880876942474,0.507071426294266,0.500091426782904,1.22308724753798,-0.495536361270385,-0.404254356396524
"ind_37",3.36497315707652,3.05098375264231,1.93055088455388,2.12795088307673,2.48232919116552,2.41048433589862,0.589073809647124,0.501911547872667,0.52449880512931,1.2739094634411,-0.473128393867653,-0.392863098774888
"ind_37",3.40909772710726,3.04017482875648,1.97931200251898,2.12330087708634,2.48330691092424,2.43669941577288,0.568956167840126,0.504319372844852,0.500135620643331,1.24498351719117,-0.388458682402125,-0.402432196926729
"ind_38",3.1651891451044,3.21890355189948,1.9255811285162,2.21405227949549,2.47561334053045,2.17024825650597,0.551099353825474,0.504391671470129,0.458153887954637,1.16713120866986,-0.452536935763703,-0.283005205869565
"ind_38",3.16544796243369,3.17696243094124,1.93171179727931,2.20663752231917,2.47274653269572,2.16211340315478,0.548755230002067,0.502569439164003,0.471336844906939,1.14538097715935,-0.447011015607917,-0.307249015963406
"ind_38",3.28810924934825,3.20034655378609,1.98442404544469,2.21251326079957,2.4767622771078,2.23312527038802,0.546699171489938,0.507634571070183,0.439507744080887,1.1626485922636,-0.418928004799566,-0.293537169493666
"ind_39",3.29216111040755,3.14100272017141,1.88251481662697,2.17795618490799,2.47139288534051,2.24753972062014,0.525683904715091,0.494349633021021,0.400806950990268,1.02679367585788,-0.634822773032726,-0.521991137729293
"ind_39",3.1649534904389,3.16069583794194,1.87667512360394,2.17548339514375,2.4585119163999,2.21903732531402,0.530745277619306,0.494263322252888,0.414042363638749,0.992752676291742,-0.650334566808873,-0.503961945898824
"ind_39",3.32550055446213,3.13182411970143,1.88550865815019,2.17380649095199,2.48011915305807,2.26361961364597,0.521357746633511,0.497591797958036,0.405761759920267,1.02622093586643,-0.673029482495924,-0.512620471605189
"ind_40",3.35819557381868,3.00212062160055,1.91040470153186,2.1399888566063,2.49714267176783,2.05437638476136,0.560752072369928,0.498822160094734,0.438448805013475,1.07570967730725,-0.527746136082992,-0.472032964853109
"ind_40",3.33501007399654,2.97179666763991,1.94303067889791,2.13589492678323,2.48400345230965,2.02995291169274,0.562842712450609,0.503720005118694,0.435177830141807,1.03986304734734,-0.53002792915731,-0.464831057875573
"ind_40",3.26057755505816,2.95773451496262,1.96478653306442,2.1464370659783,2.50431391998049,2.02110911887493,0.558447561491168,0.49964400180097,0.42837496662291,1.05168879708405,-0.499807820202301,-0.488409588298677
"ind_41",2.81591755142402,2.99066847605993,1.97196186141601,2.19770393190819,2.43370204147322,2.12885434954219,0.52659556622943,0.506829497584167,0.387870823584457,1.17759719303355,-0.522533735159868,-0.42155670137506
"ind_41",2.83567855249347,2.94592696257488,2.04728466462786,2.20013829250265,2.42939385278818,2.18704195331561,0.534857234846937,0.508931639159419,0.393945974683058,1.14875532764852,-0.540335361054476,-0.432892457247892
"ind_41",2.82314316128217,2.93945350786259,2.03895996361057,2.20321959247096,2.42113131515693,2.16511326023846,0.543032015376373,0.503103211203334,0.415405518806968,1.16140252725386,-0.526628458124355,-0.416300847061093
"ind_42",3.17335797890041,3.09940413384689,2.05009070382721,2.20397130124406,2.42497557224326,2.37215872734238,0.517383982454928,0.530405090929296,0.357600676725895,1.11189552650163,-0.562438325921308,-0.409671836707275
"ind_42",3.19469636241043,3.14309457409801,2.0490149094428,2.20547850380959,2.4345884755999,2.39943167037233,0.519279256886667,0.529427289829957,0.335536203160725,1.14891165664859,-0.535335056190179,-0.433869819684568
"ind_42",3.11191916820194,3.15516583771954,2.03678447687335,2.20596601974338,2.42700832796724,2.33272313476989,0.520593404125899,0.524863959677752,0.33079237030736,1.13031094754394,-0.543337858960688,-0.430445707506814
"ind_43",3.05238835137171,2.93295709981679,1.76152867300418,2.15946711482528,2.42819499596551,2.37925955662191,0.534464442650194,0.503846098335285,0.471863956541838,1.25894817098624,-0.642994572131269,-0.49082394614857
"ind_43",3.15200157211765,2.88710828566806,1.7338733589524,2.16273643321025,2.41507507551709,2.38565802435475,0.535575563741932,0.503673526542063,0.439311578798592,1.30165715933843,-0.62922571037143,-0.51629239383229
"ind_43",3.10692619068248,2.89127923148658,1.72585598008628,2.15744539093316,2.41878727116535,2.40452480868391,0.542126063707191,0.506321408113687,0.450649702004094,1.32003837738681,-0.665816963805502,-0.489978758838415
"ind_44",3.0513094689097,3.12848910702925,2.00070375567284,2.16135267312558,2.45669841322053,2.38981735949952,0.522062054558452,0.515302752697215,0.35035345412961,1.10976752917053,-0.472147188538123,-0.344177775249808
"ind_44",3.10669510079054,3.11984847623943,1.97512249412986,2.15745530589154,2.46213393674346,2.3730290237159,0.524586758407635,0.511234448299487,0.351809413901533,1.11391774621581,-0.456864138062078,-0.361726753034865
"ind_44",3.01326482495831,3.13744856503392,2.01253267538747,2.163736543143,2.44669473617284,2.3993058145383,0.534166548385809,0.516239262846652,0.362977848211701,1.06881266320711,-0.470803565497888,-0.33027914735162
"ind_45",2.96357192607702,3.14976999941229,1.93386505875445,2.18095912171507,2.4496252985599,2.38087802522889,0.531448534905603,0.49535547716558,0.375144683401448,1.26959269520932,-0.189783154841107,-0.552889643959824
"ind_45",3.00690357537649,3.1074172959928,1.9842934279513,2.18954098785027,2.45273893610377,2.40478272139005,0.530279943570289,0.494017913954644,0.374833800154287,1.22657029692462,-0.181177146760361,-0.574746138662352
"ind_45",3.03379362410015,3.16455147754223,1.95074302953561,2.17783714152538,2.45090156896801,2.39464565106279,0.525975292282253,0.495580566193714,0.389195512874266,1.18611401037961,-0.176041146531649,-0.560034571750582
"ind_46",3.41466656082966,2.92602609240649,2.01034685180106,2.16616535420655,2.45941808410369,2.40588332775109,0.561789134692113,0.496672812939389,0.471937477968501,1.0153124673003,-0.316634230975481,-0.461484691286771
"ind_46",3.48003334146249,2.88856640133735,1.97577580962668,2.15284831125922,2.45629250787459,2.36564859422392,0.560281178393698,0.495629740669233,0.456643068884324,1.05024244947464,-0.352849606593105,-0.486612740965267
"ind_46",3.41419475546335,2.8617155726622,2.0103287270683,2.17771848283029,2.46463440861437,2.38103653914585,0.565759790735829,0.492398047791662,0.467109997710775,0.996610618166122,-0.304557294945752,-0.468459087505197
"ind_47",3.1744240846083,3.12312320946401,2.20992452748701,2.1798207628164,2.44622361326917,2.41291788399876,0.573864953363391,0.511867096286871,0.427853181443487,0.944996629699492,-0.456610792274532,-0.31453933133146
"ind_47",3.12909937746185,3.1452046682164,2.1571387698171,2.1801261644462,2.45146373177993,2.38783135543229,0.581544315847141,0.512664197448621,0.440811659132187,0.976808354913342,-0.410039848179199,-0.319661334351993
"ind_47",3.05397387887223,3.17215308945058,2.2141271131305,2.18523538995851,2.45043543881647,2.31503445988907,0.580745525306301,0.51249555930685,0.420658507187194,1.00061928889786,-0.414347012869029,-0.304772724349667
"ind_48",2.85835952892368,3.02363673786738,2.00578520298263,2.19736778901255,2.46790625375234,2.19605786060706,0.549267596032654,0.513587816276021,0.356186472403364,1.08909307119008,-0.39745515119483,-0.377361346617877
"ind_48",2.92644804776412,2.99735701877046,1.97405056113838,2.20613730173824,2.47554316414283,2.23168600995537,0.558153410137116,0.511330056120316,0.36534408097043,1.06861186929484,-0.373946040401638,-0.373401398967417
"ind_48",2.90106217449176,3.0273048000496,1.93534658942731,2.19493894064436,2.48061154723046,2.19910846698682,0.551766596751999,0.514525234377944,0.384380018213591,1.10391066316467,-0.388446014312646,-0.389601012947606
"ind_48",2.87252919756208,3.02843393838772,1.96661175119282,2.20050865273693,2.47740968261106,2.20276968663192,0.557907877832497,0.511003235136705,0.374494866639759,1.04777059409958,-0.368786245066335,-0.377307126664551
"ind_49",2.97499925442702,2.85972938948102,2.07945490869033,2.14931126142833,2.46258684790442,2.25291329894561,0.52245405622518,0.5034460624099,0.358357548229547,1.3322354079794,-0.498610055995501,-0.506552984407641
"ind_49",2.93098338290837,2.83081956975874,2.10887680304195,2.15550224214882,2.46283239845832,2.24676226464078,0.525592572657313,0.500922237699357,0.350257227392268,1.35480530838392,-0.481951603208192,-0.494319727398326
"ind_49",2.93797477694599,2.83738635040477,2.09910256588825,2.15238729005959,2.47579088987521,2.21402423401317,0.536911650665757,0.497252353747927,0.388370972961863,1.33704743443709,-0.45539450099627,-0.498994205239407
"ind_49",2.93978256351114,2.83059906867764,2.1431874601149,2.14859722429297,2.47645975263095,2.24308276154086,0.530323524934797,0.497864801468584,0.347446120669016,1.37492519702934,-0.490493081048319,-0.51338459356191
"ind_50",3.19068195112411,3.04128193882362,2.02389829046704,2.16208197373736,2.44354892818078,2.2910600606472,0.54320238192033,0.516765651985036,0.444003638329548,1.3026728542056,-0.406056347449332,-0.314506486535801
"ind_50",3.10761700948371,3.02858775279602,2.03901877266548,2.17092889215565,2.44746314168472,2.3268200437307,0.53031278096917,0.518346819936483,0.45429021887523,1.29955508950294,-0.456948497822965,-0.352691710616458
"ind_50",3.18453955369786,3.04385001166753,2.03099586655123,2.17503767444792,2.43329799824071,2.26865262126671,0.526777310853852,0.510598792582133,0.447652147205986,1.32912552677875,-0.440065627445275,-0.313888503063493
"ind_50",3.23828960308466,3.04237401644264,1.99547169390159,2.16034616627868,2.44217210956564,2.340840531386,0.537751049002717,0.51580289541127,0.435983886913774,1.31456898115592,-0.418085840115908,-0.337331282758872
"ind_51",2.85828925820741,2.85951964173579,2.09110575973613,2.17157960018454,2.47978070681693,2.32431549314869,0.543528115654451,0.507819567067012,0.329133623982831,1.07976304266781,-0.740778872704013,-0.343690310737359
"ind_51",2.86267424832336,2.82086899370029,2.13676742055729,2.17839786286113,2.48495682176873,2.31362069995496,0.534774110872285,0.502767356810453,0.297134654048992,1.09240163350801,-0.736266405694213,-0.360329304714101
"ind_51",2.8359146203388,2.83656797019589,2.141516214597,2.17105075672273,2.46885425641236,2.31815515465275,0.531198539237237,0.509150078202164,0.297707726530736,1.00551474390349,-0.719536402012904,-0.375865936558899
"ind_51",2.8413251265909,2.79665985141681,2.10877054119673,2.17701926273497,2.47649527163736,2.36029098249573,0.541042795286788,0.509309724820934,0.314394182668106,1.09782650368634,-0.735211786655091,-0.35644603696693
"ind_52",3.31919036815307,3.11105988797561,2.09426603632802,2.15857477707984,2.44626266157054,2.53609198622244,0.562508926202304,0.5105326189341,0.438441036798517,1.33795432545315,-0.378250249996057,-0.442666450395571
"ind_52",3.30756102223212,3.128004459784,2.06051370943225,2.16224623468896,2.44006585567358,2.50056786336704,0.567886317660405,0.509447084881664,0.412652470954416,1.29765849103516,-0.416609955593817,-0.378145178971391
"ind_52",3.19794707270822,3.10243885064249,2.04314442644501,2.15878702220627,2.44659815850271,2.49290545963601,0.566898306572206,0.508835749077338,0.414098705845926,1.36338251900141,-0.386387369562478,-0.426257919786419
"ind_52",3.20147012144742,3.09286221055618,2.07456613751103,2.1531881682998,2.43789044804279,2.49654339415559,0.565125065895612,0.506624908157619,0.407617772924069,1.36775723994476,-0.400010285655869,-0.438219001671463
"ind_53",2.90591734026648,2.96976961794609,1.78714088773644,2.15739522205598,2.50172407809878,2.24597354535454,0.544616818287461,0.500913776538463,0.501340661562961,1.18736570987326,-0.644423837401375,-0.452870223309934
"ind_53",2.91411388799849,2.9693296032899,1.79405330924578,2.15483527252569,2.50367672139273,2.25431133076798,0.539732799129157,0.498812919761223,0.488802707410945,1.17082218488437,-0.690406499917167,-0.447521836801976
"ind_53",2.91038807275559,2.9878538873153,1.7849253707966,2.14176450608563,2.50622679671167,2.25407893472547,0.5504322446801,0.499878371601814,0.48777750871649,1.17162094104854,-0.694511132860989,-0.475757719885264
"ind_53",2.94284703522553,2.96673568958437,1.79760599922325,2.15683629018915,2.5057666302821,2.275216496633,0.54969397011507,0.501461652693884,0.480973801715487,1.22791123812393,-0.649868195559344,-0.424027300986107
"ind_54",3.56631539809875,3.20933084148121,1.93184346243409,2.1981746587472,2.47192967523753,2.14512438639291,0.562056054515746,0.527442742037004,0.468765834820101,1.28836338648938,-0.403674679094263,-0.467170570709979
"ind_54",3.60312376379795,3.14926277571233,1.91864432701675,2.20045091010883,2.47641522247915,2.12935648326688,0.572293859098233,0.527343031441464,0.490391069799931,1.30193877134514,-0.386093213696087,-0.426316001326019
"ind_54",3.50221194272834,3.21746063520722,1.94067558155099,2.19921916336554,2.47602193967521,2.15272394409287,0.565152519523783,0.521813707003877,0.468066579157506,1.30950802235228,-0.414779425479688,-0.446346566358959
"ind_54",3.49787891202899,3.19550677884586,1.93404560618445,2.18981204371756,2.47538213806489,2.13136007685585,0.560127502108564,0.519888069717002,0.466430972896353,1.26477713396299,-0.399765012358132,-0.426069418034215
"ind_55",2.84519719876811,3.19929208816873,1.98269028110997,2.14487551752831,2.44918722236524,2.26789546561643,0.549630948201236,0.499911085602539,0.361571088735117,1.29008638222411,-0.297247119353587,-0.467076093086819
"ind_55",2.83434592563978,3.2206894979894,2.07148184327381,2.14678985261337,2.45045094965305,2.28597255739175,0.543911544900817,0.500689836244215,0.350839466184854,1.3244800571728,-0.339187770470505,-0.464356264306629
"ind_55",2.83489520508195,3.22838934973066,2.01039257713135,2.14214394188227,2.4508616016851,2.33619182780205,0.556398776299291,0.493276712727913,0.334628184981853,1.25618886958823,-0.300910774819653,-0.467520057744106
"ind_55",2.88854683394331,3.20184903744904,2.04928739410507,2.13232653195448,2.45156547489773,2.34118702488501,0.540266961191936,0.501234432820636,0.330272444459198,1.31545418974712,-0.259461630480385,-0.473566696252006
"ind_56",3.2062818655251,2.9778410429021,1.74372782699081,2.21499691271773,2.46474309924968,2.28508512819438,0.524262916304965,0.526474760341698,0.380354354338454,1.15255557415218,-0.544361857426478,-0.297245418170633
"ind_56",3.20425535781686,2.95617089532571,1.69431957360871,2.20751616529947,2.47587982026428,2.23685282673809,0.528765705099108,0.526210758125506,0.374809556225089,1.13585767848293,-0.575787212140079,-0.329627246824568
"ind_56",3.20663056371956,2.95185502505373,1.77162664753143,2.22024980261022,2.46249025915223,2.27712153896174,0.513495862811703,0.52375764593305,0.380632883888156,1.18180140844993,-0.595723523760187,-0.364949157029096
"ind_56",3.28946864034085,2.95155015549101,1.70184765403201,2.22455145750309,2.47473710885909,2.27696869971082,0.525324101882965,0.521244244629195,0.391439505826074,1.1694186082258,-0.548799032214946,-0.285425305089014
"ind_57",2.9367006957098,3.20901904737131,1.90688889458244,2.14808835439121,2.43997698434008,2.37321244888587,0.543461408619236,0.507273867128691,0.512486897957953,1.21647905822305,-0.535322693210723,-0.378022740802688
"ind_57",2.96081344203056,3.21694250792441,1.86575021969943,2.15050270255999,2.4254695199464,2.39528337091327,0.549129589464266,0.504962810304354,0.491209713921966,1.24717926900326,-0.548552485090545,-0.346091412573127
"ind_57",2.89890045356555,3.1643855560819,1.93480428785247,2.1445525803237,2.43905783063113,2.38603241384314,0.54676398393067,0.503191588485356,0.500134298966532,1.23846325203843,-0.55393602804281,-0.356965403679546
"ind_57",2.90510247348551,3.14951499628867,1.92535101546518,2.1432307791301,2.43270053325256,2.4110255472754,0.554086187626042,0.503183409041075,0.47385227948249,1.22316631268357,-0.523960293887368,-0.372225598882083
"ind_58",2.99633899856657,2.94238936392836,1.9260735587212,2.16865221198339,2.40604757818438,2.21907788855102,0.535911071398228,0.509099647074879,0.40295287007644,1.20783169452313,-0.506359865800874,-0.37949361508228
"ind_58",2.8948592258374,2.9633513331432,1.9690868771844,2.16265871339496,2.41285515167781,2.24270102992737,0.542525815042471,0.512519365328611,0.4227825368399,1.13675551815806,-0.498601486164043,-0.365451180196651
"ind_58",2.91354956353624,2.97018274683466,2.03939738364171,2.17467947020655,2.41645437187882,2.19540406649246,0.539929026890241,0.512256818114662,0.413382373636805,1.14983384459428,-0.436115241830401,-0.383379708079402
"ind_58",2.98018956296221,2.92122729708256,1.99748985879032,2.1719601678306,2.41077695629916,2.19520897297024,0.54083614841167,0.512065645647982,0.428237216875882,1.1909712200182,-0.437011654737108,-0.360232646728614
"ind_59",3.3894459544374,3.23788939318694,1.80888300168219,2.17285387066224,2.47380215630488,2.25130110611718,0.569211551290042,0.496513280656634,0.361691784535741,1.30842622378073,-0.500144952287427,-0.498195979268859
"ind_59",3.3814983266518,3.17312611815865,1.80471829370967,2.17222963921686,2.46530563098784,2.23437117663156,0.573879452154519,0.495913610727162,0.343233092107553,1.35806127871448,-0.496734971218917,-0.505326570897699
"ind_59",3.36288986197995,3.25196141166038,1.81924572947534,2.17250473794414,2.47533599369051,2.25306123059369,0.568766349045919,0.49625637659674,0.365894504594202,1.30039890881151,-0.519314555162409,-0.473131456688617
"ind_59",3.36854946045637,3.19172323500207,1.77121758313189,2.17113803052397,2.47869163360238,2.27129689614782,0.567539698939509,0.497172706858091,0.337207400440746,1.33092242591099,-0.547023852995566,-0.473293757269588
"ind_59",3.34137240834561,3.19518459950035,1.79410086324266,2.17213128202679,2.47055579727981,2.23131385972838,0.570592858955714,0.495774825430362,0.376874516185187,1.34562805584013,-0.484953074915162,-0.519791316757069
"ind_60",3.25895732986679,3.13590696626883,2.08773064701293,2.17568874255671,2.47661129098127,2.51879448876467,0.588152814838503,0.499399150188429,0.452534118873245,1.40617348700536,-0.474541150219932,-0.397314618946004
"ind_60",3.19720055079036,3.16766839449074,2.09651352581603,2.17000677306964,2.46522112368879,2.46600268344466,0.591950065803062,0.494533050495869,0.450404552879806,1.37978498979446,-0.543336045233158,-0.40559761563379
"ind_60",3.26281497352503,3.11056314683928,2.02710353309062,2.17979571388794,2.46373931262786,2.50038256363851,0.581198531059552,0.493071900428484,0.426625178384754,1.33476868812787,-0.497963170268783,-0.395913121197762
"ind_60",3.23930681932962,3.12751656898234,2.02773289128147,2.16216731618395,2.46001369985561,2.51221343569363,0.582087789092705,0.493610355761966,0.447582211757174,1.35850257939135,-0.506079483692274,-0.423537831386355
"ind_60",3.24082006394535,3.1634857669747,2.02313985892588,2.1764604548355,2.47009419468796,2.5590353314612,0.582466758871016,0.495355869724664,0.426988064169812,1.369433547315,-0.465989773147421,-0.39463250563771
"ind_61",3.21306266682383,3.15903250803589,1.69752174706173,2.17059358100177,2.4430042603448,2.3622810564921,0.544349454007608,0.494611699573,0.460634418685266,1.11261128563448,-0.568161322864612,-0.547821750970527
"ind_61",3.33924713768019,3.18804502094435,1.69002536507458,2.17524633486909,2.45510043535914,2.35558144673578,0.535744217741722,0.491924871107462,0.474074320954054,1.0994461623393,-0.542510372041226,-0.546087432454749
"ind_61",3.22705439350715,3.1338154323183,1.70560248593095,2.18001364335701,2.44743504685957,2.34691708658585,0.540163263728026,0.489164778821437,0.469680333436405,1.10004295901348,-0.532414665065793,-0.546055934484685
"ind_61",3.38377382790711,3.17563020322968,1.68376042737912,2.17177349306173,2.45102522265574,2.38657413499085,0.539311761260702,0.491652242984965,0.470084979017366,1.11197868584496,-0.553941321568558,-0.573182091052216
"ind_61",3.25740089607713,3.14265759628503,1.72480457866512,2.17760856471011,2.45836261161882,2.38864152798952,0.543139328338562,0.499483409494398,0.484741563701002,1.03246329113535,-0.523361656724036,-0.564605328179291
"ind_62",3.06407613384787,3.13344709403313,1.70383433568923,2.16084480587184,2.43131266144485,2.31196003969394,0.553934660920453,0.515275456468252,0.418384420198233,1.20649977001911,-0.349758914788658,-0.298062687901287
"ind_62",3.02553172575273,3.12143551936924,1.73091286672982,2.16067731086603,2.4290981104696,2.30111119054025,0.55565383884061,0.511577621793723,0.381131540670073,1.19811239022323,-0.360359806083671,-0.317437535753506
"ind_62",2.89630605996392,3.09416202704396,1.70537288221326,2.16078913310039,2.42975244070284,2.32133555618401,0.559431267550926,0.515828512413961,0.424295869563428,1.22553703617912,-0.3091417353147,-0.308965932797772
"ind_62",2.92818340841918,3.07142085614219,1.7257410679475,2.14977835475394,2.43597307608891,2.28336121529086,0.555186127995634,0.515872891066624,0.393151359858313,1.24509361872924,-0.32357069631039,-0.274136685099862
"ind_62",3.00708889588403,3.11230792445735,1.71517359868211,2.14768583134503,2.43261179277086,2.31332099634005,0.555953936025691,0.515373566092544,0.414378359817365,1.18708190416324,-0.324370542920892,-0.308335486812013
"ind_63",3.04265542794823,2.882357897422,1.74152228720365,2.14121695679356,2.47634672334412,2.24860412219775,0.511719556098731,0.500436058825116,0.505968076128296,1.12140687611717,-0.566502031661843,-0.505591319577131
"ind_63",2.97690125734931,2.90349177726617,1.80974254324385,2.15412650332298,2.46757682440612,2.22882970476391,0.512250562223956,0.501198228307233,0.488653687953523,1.15861810015527,-0.615331481106945,-0.506851845045686
"ind_63",3.06983705281087,2.90480504044788,1.74237490067347,2.14822816999119,2.46161574818001,2.24536494496325,0.513953059283227,0.499880409702043,0.505062485679221,1.1294993151454,-0.599517230401836,-0.491832787321971
"ind_63",3.0552474318895,2.90183346207037,1.79369486973659,2.14661990023382,2.46298429220846,2.20502887006061,0.511947720078538,0.497343942264299,0.475842780234314,1.08991962033951,-0.609839743954711,-0.509924137442086
"ind_63",3.01114322250024,2.87775570483704,1.79736947758023,2.15244191272783,2.46921687270876,2.20583772245615,0.502790864672311,0.493402243953241,0.488545239181667,1.11968734933833,-0.561257395280339,-0.497563082334781
"ind_64",2.98249478206794,3.15728565186074,2.03872359566495,2.18171673196519,2.45372122779747,2.09332130358669,0.53540417060699,0.517794054641865,0.323635998761029,1.12207555881734,-0.472194463126325,-0.518511469511886
"ind_64",2.97674091482742,3.16245332908403,2.06725908314748,2.17695854927678,2.45219049246573,2.11611323103896,0.543885227076232,0.521936161950013,0.334471429852624,1.03499925614933,-0.515608383155449,-0.517514601835128
"ind_64",2.94635589996773,3.16323201388253,2.04439441529144,2.16377848794325,2.45750453001311,2.12305153791556,0.530702271069207,0.517084401274217,0.334978171676942,1.08358335084623,-0.494654808923453,-0.551791724275377
"ind_64",3.0038024871751,3.19684435958974,2.03348126627785,2.18388234898511,2.45444928694863,2.08671249663494,0.54683833931715,0.522261290117978,0.33362854276277,1.11955414059282,-0.492932078044354,-0.532815917034114
"ind_64",3.00156578100717,3.19295554648655,2.06193211339351,2.17039785032452,2.45255466026554,2.09592817528854,0.54104885904496,0.516591963449339,0.344848744689393,1.10336770697505,-0.426452758082102,-0.551489088605222
"ind_65",2.84115887885095,3.19247442231808,2.02924756477854,2.1799326983865,2.45378220837899,2.18354163749001,0.566153664595777,0.499815681164692,0.422455149795628,1.24615973264561,-0.498261566915699,-0.297314510847496
"ind_65",2.93427687965401,3.17723414775209,1.99069708598469,2.19686301860287,2.45812515175803,2.25091286388449,0.561481693880369,0.500114295679173,0.423911981752083,1.33386334061381,-0.428970473915269,-0.298472237363211
"ind_65",2.79198931133361,3.23139890898137,2.06437921678335,2.19788095578452,2.45979142478732,2.16298357892701,0.57179904936735,0.494984088255685,0.421009256956902,1.27493490325247,-0.498799313149849,-0.304557096039971
"ind_65",2.8504761615784,3.171320905345,2.06920619997981,2.18933586272361,2.47562425672656,2.2290993965459,0.563219077058277,0.496376556140316,0.403966274768929,1.29691644904459,-0.48687812832652,-0.302426419559125
"ind_65",2.88801082578536,3.15877707458917,1.99177318335415,2.20438729413692,2.47037947629959,2.22330064666498,0.56358130948721,0.490435825133364,0.433777776580492,1.25057942574755,-0.474400339520582,-0.324743272038989
"ind_66",3.09454347505812,3.03869146368864,2.07881671137761,2.18395188889871,2.48492973192231,2.37440214781652,0.53406117261972,0.522434371160129,0.457637884890127,1.09083560679232,-0.469067081600012,-0.345515024865233
"ind_66",3.13536529055691,2.99595560675784,2.09295493765614,2.18703882849459,2.48216611123479,2.39342543724359,0.541790937545383,0.519938354587945,0.475030135112858,1.07308142723229,-0.44167272523139,-0.316905939949895
"ind_66",3.12835657092052,2.98906699662927,2.09113290320315,2.19042851431405,2.48020905519367,2.41158537426279,0.542247038474069,0.518432081013902,0.485108059515717,1.11533078064767,-0.435106272709271,-0.334826702107332
"ind_66",3.11342211227977,2.98106584678779,2.16005326161585,2.18840956323957,2.48151858709743,2.39637913833257,0.533518353408246,0.526400521361185,0.474886867452938,1.0589930890989,-0.462749765820715,-0.331371620013624
"ind_66",3.08890760473367,3.01104320524569,2.1221102601713,2.18309778328412,2.48283722328729,2.38803657397744,0.532605263840019,0.515291471103936,0.481997978092535,1.09785962179614,-0.473037011227013,-0.326118540044035
"ind_67",3.60918828890395,3.09982774664253,2.09222398755737,2.14877052821503,2.43335434935345,2.2105571098093,0.54519354947736,0.50912312892489,0.46028644547708,1.30222046385191,-0.424342603764166,-0.367496122736259
"ind_67",3.58124374984487,3.13775201753844,2.15156600960558,2.13773738267549,2.43832670885115,2.18648502742362,0.538225935675288,0.510561349658509,0.446337700819697,1.35264921767701,-0.476559454455131,-0.351987957009047
"ind_67",3.56426317664931,3.14494549803485,2.12038827588687,2.13515352471323,2.4326396167823,2.20393863363488,0.537899334324646,0.506452461589512,0.477133816377926,1.31944886043052,-0.464948044400452,-0.389835925979226
"ind_67",3.56422334116794,3.12209141404904,2.17737577270698,2.13388960438544,2.44272306900583,2.18028551034219,0.54609175182335,0.507787278162016,0.456264070243759,1.3252953406856,-0.476137530205968,-0.382132367430047
"ind_67",3.49565899722043,3.09565087046567,2.18812344598498,2.14184009951264,2.4531533380476,2.20760236686868,0.535463259537962,0.505754606211462,0.455556511963824,1.33046099996001,-0.454648586857442,-0.368910410095174
"ind_68",2.98727114587943,3.14055187465136,2.38279250196912,2.16840681869056,2.48237277542535,2.26615261722466,0.507666582286522,0.50499829348399,0.54613630523995,1.13098748299741,-0.4417753765355,-0.394186160782992
"ind_68",2.88478446090873,3.1159124626652,2.36279376514015,2.171029065348,2.47064706403852,2.21640373937999,0.509645832090487,0.50787281437406,0.544096491120917,1.14492018090685,-0.467596515680577,-0.370602948986978
"ind_68",2.95992840909262,3.10463384882,2.40062940583278,2.15661313396742,2.46639360975872,2.26668345509349,0.509620121779829,0.505200574779725,0.537197728068046,1.13096245544732,-0.457996575342208,-0.408409293231776
"ind_68",2.92047754684849,3.12590297391059,2.32845504270551,2.16551898099974,2.47072582354646,2.29493161793571,0.512087925844587,0.513791274069349,0.540720355520899,1.14497619327365,-0.464099786452526,-0.383677463794479
"ind_68",2.92261264601469,3.13001476053457,2.3751271932887,2.16237252630833,2.47333395078668,2.27200852859664,0.500727748780577,0.507462009857852,0.553241694922894,1.15376487409674,-0.417010501430934,-0.370157267370832
"ind_69",2.89966966746803,3.18460683196998,2.15149328962507,2.1572722129677,2.50686606784336,2.39139978212844,0.605226790029709,0.516301545865308,0.383504503872339,1.08104534139114,-0.563479793571945,-0.376073880312299
"ind_69",2.85327650023839,3.17053471556916,2.16877978822203,2.15336454396313,2.49629767262567,2.41973340471213,0.598909100511126,0.51997808037699,0.3764370469572,1.06433279194318,-0.567932247473611,-0.405297571675362
"ind_69",2.93118202124222,3.12464034787429,2.18576628834391,2.15548585428704,2.49661416616722,2.35066081422712,0.599073587706179,0.525182254316503,0.364719835460499,1.06302987167743,-0.557892595409039,-0.376331675025242
"ind_69",2.95446295800471,3.16375756665746,2.18978710081376,2.15214890288741,2.49754443006209,2.3977109288918,0.599518990501469,0.519683544133403,0.34291442262224,1.11971220045475,-0.578088376529594,-0.36592778853651
"ind_69",2.94796393464458,3.17097127257915,2.16451844420761,2.15719519849795,2.49445130866186,2.45242022624406,0.598507703521596,0.517394080725793,0.339221159577919,1.11575111382786,-0.609144679008512,-0.364261333264626
"ind_70",3.45493726766907,2.95235733082231,1.87892173483399,2.15513079789407,2.4413635378874,2.24778432423692,0.563842189659705,0.514058525004403,0.427227869440203,1.29997791126768,-0.552589532405394,-0.365721537464872
"ind_70",3.49379336384351,2.98235249033664,1.84859436578069,2.1570655119974,2.44404137143405,2.28614553884636,0.562166581510914,0.513592939720971,0.423873947714178,1.29839193235983,-0.561148474250716,-0.372438061680117
"ind_70",3.44616292917141,2.99665593200055,1.88185809094933,2.1446319535535,2.43356154119719,2.26553165030842,0.553798261222523,0.509839621701686,0.407353575450955,1.28287707420926,-0.542589551477681,-0.37918023570698
"ind_70",3.47684182930371,2.9896703065828,1.82228395581309,2.14632078857056,2.45224085076037,2.33272192635785,0.556029583109726,0.515460458363101,0.430873483461884,1.31392128793709,-0.526908079245115,-0.374505596613409
"ind_70",3.38901737034576,3.00272844121387,1.92048214170637,2.16543481679509,2.44299469357516,2.31123240600315,0.558494114170824,0.513896763816818,0.440377402381361,1.33809928091124,-0.573581968324893,-0.396201503623628
"ind_71",3.06274980631351,3.21913230960326,2.0348528884156,2.19409432073569,2.42958493397011,2.42559970219526,0.547783401072017,0.479613372352216,0.62627459061821,1.2957147119215,-0.527181517585881,-0.364024038206965
"ind_71",3.096395287633,3.22566481006419,2.0251427725308,2.2029145569914,2.43156780993017,2.43490800818631,0.547938242655358,0.477544359057017,0.603733084837835,1.31888822843582,-0.493644605263313,-0.381807085615317
"ind_71",3.09790314308622,3.24624508370836,1.98270277687604,2.20551956459915,2.4322315465162,2.44161496464184,0.547505284312418,0.481512099180693,0.56517356611107,1.30709954129785,-0.469667085825504,-0.352790754092361
"ind_71",3.05704048543017,3.24818493214273,1.9727962175337,2.19955835756596,2.42922172108315,2.49024685489566,0.546957549841986,0.480952029490554,0.579914293081475,1.27960757711882,-0.480250077595242,-0.376825592534494
"ind_71",3.1032235086331,3.26199294033457,2.02766269236511,2.20952551172083,2.43260512421686,2.48611771107139,0.551037095745238,0.485401137385243,0.629210912447702,1.31105527672882,-0.538381080971775,-0.385026272853265
"ind_72",3.23551201662059,3.16866957567535,1.85833854993735,2.16537021958736,2.4234688220747,2.48596389906692,0.533620890008262,0.494494248737978,0.364332389502272,1.46424010858177,-0.409396279305175,-0.312402128795566
"ind_72",3.25842888724723,3.14446057278019,1.9043825619157,2.16769786265881,2.43401686729361,2.46098167818883,0.521514975458996,0.491172772133749,0.389694041907034,1.42502678174075,-0.437073471517842,-0.299106740958723
"ind_72",3.23175770963462,3.13836278935002,1.84785067325934,2.17015975861231,2.41674004858687,2.44774306392088,0.528501822807853,0.489129352574088,0.387538743978632,1.52189232062443,-0.420456589611021,-0.300258501385661
"ind_72",3.23086209295643,3.15526284461105,1.90218631813806,2.16255770273119,2.43523428229117,2.43676291166013,0.530965336140593,0.494595033338783,0.372554776501016,1.50856680649305,-0.402570327219534,-0.316816161399285
"ind_72",3.27082976986146,3.16255426555902,1.85629309063706,2.16850426268131,2.43587562067639,2.45023610330311,0.537339166880544,0.491352740708971,0.384906617416604,1.45447439865454,-0.428377553534791,-0.297599674389088
"ind_73",3.27159099218207,2.9679296790382,2.01470247858433,2.17950874146289,2.43285131919814,2.35642579250328,0.560655098302045,0.497478399805194,0.487367782782188,1.35069703704976,-0.534255911074717,-0.338530608047843
"ind_73",3.22349941077204,3.00572781301932,1.98854191077219,2.16898778922171,2.43386379441227,2.31821182099833,0.559435154176585,0.497535007965904,0.49845714826391,1.31184057880664,-0.530443950668657,-0.36635423608842
"ind_73",3.27560410699003,2.99650333235056,2.00868146037503,2.16379813959887,2.44465767968921,2.2775807842353,0.556204251206887,0.496436105514149,0.494168222499557,1.33698613563935,-0.585047650414111,-0.380305681226892
"ind_73",3.29061809616983,2.96242375987031,2.00766593416731,2.17567151462623,2.43271964944901,2.27468857419334,0.552418652775579,0.494462185008562,0.51616131627099,1.33230200393789,-0.539403195077557,-0.364693678761228
"ind_73",3.28384492501411,2.99369512788453,1.98726452116186,2.16890757594496,2.43419045825295,2.31464157185994,0.557583135805231,0.496066893902253,0.493802314829555,1.31288679412708,-0.556873551063872,-0.358365187439421
"ind_74",3.37841874974819,3.06759794952071,2.0369436168287,2.14387908948752,2.43303434884909,2.17889838006243,0.519228582462487,0.509310051396444,0.463693196092749,0.910541742810413,-0.49373439932277,-0.391447882086483
"ind_74",3.43680384990724,2.9778960036622,2.08027060923307,2.13650777701522,2.41604747356801,2.16140764918441,0.514831041983285,0.511566229010503,0.472422897691781,0.936278107404135,-0.476532188908508,-0.392704821608987
"ind_74",3.39660962878571,3.01124911156907,2.01759032929217,2.13742032021826,2.42401993745837,2.17709044042528,0.514278272163741,0.513867745664101,0.470053177046686,0.860808554194785,-0.506765494641031,-0.393096529428558
"ind_74",3.37275717040571,3.03540789554685,2.03796547327535,2.14292451704647,2.4346350833889,2.1439963690706,0.513030352139772,0.50814767345718,0.451395543149694,0.911256532387937,-0.48087794624869,-0.408705187385238
"ind_74",3.37309261142224,3.0342196175922,2.02444972984021,2.14773473672496,2.42339388688443,2.16085550238792,0.513066807631644,0.515045032247406,0.467070891497549,0.892573329757794,-0.459986755701592,-0.419845611470542
"ind_75",2.97680062844042,3.08087002326769,1.87206245553288,2.11327901680856,2.45811147085556,2.26224325091712,0.527417877486519,0.514996600421157,0.421379139042605,1.09622625542664,-0.470908414095134,-0.252870924971711
"ind_75",3.07365402370225,3.07608379659914,1.85172945848103,2.13007159311731,2.44936142637745,2.24503466464501,0.529739243641915,0.512908111597994,0.440153346734984,1.04777954245634,-0.488780328056361,-0.262475895681883
"ind_75",3.10689150850578,3.04904246144849,1.88607612520466,2.13411933906781,2.45541225854015,2.22758224285326,0.535053589478959,0.509961218866261,0.440613287771805,1.08978360893256,-0.523432300763811,-0.305604911245285
"ind_75",3.0496149777978,3.07159314885648,1.83697710193787,2.13108044333972,2.45561200738821,2.24452111730446,0.534221555221424,0.512652117926139,0.413374479330601,1.10736240173137,-0.526138334399256,-0.271419865069131
"ind_75",3.046907266266,3.12607981614661,1.8229958090253,2.12034570486039,2.45178276649073,2.26573256397399,0.54046438142828,0.516155847886666,0.432227612566547,1.09814898186509,-0.453103715874493,-0.268653365797703
"ind_76",2.91066639412712,2.99576280744736,1.84187600489524,2.1379839485755,2.43307600813976,2.40170022274234,0.542519755960153,0.522685805653652,0.470439547937241,1.27099794237403,-0.744428135086578,-0.46125462254746
"ind_76",2.84583348574665,2.98638284493532,1.80315493668291,2.14751022053198,2.41780125054535,2.43268877116947,0.534711435323385,0.512370193518964,0.488905316754986,1.24198304620043,-0.712196049385276,-0.485922995892475
"ind_76",2.84547955085241,3.01847893197119,1.8574376616602,2.14631139458073,2.43324812761336,2.40629745678931,0.538679198568027,0.514426255983095,0.451467521314824,1.24411009160053,-0.71309886229337,-0.449390652317501
"ind_76",2.84607751142605,2.98192571712905,1.85017876973838,2.14620161403429,2.42327477817981,2.42035667016089,0.540874174393841,0.510909377058928,0.486596090573257,1.24798887974645,-0.774774375303385,-0.425667102542184
"ind_76",2.89382316923714,2.91406808644788,1.85823763701907,2.12403412922494,2.42205543318611,2.41754200912168,0.534598151503511,0.512996578716474,0.470521819173245,1.23205945671225,-0.727918147991372,-0.439648231904861
"ind_76",2.97285517692284,3.03214303367077,1.86545652867251,2.12893637870613,2.42024583415823,2.42857374964174,0.544447406198529,0.511997029642337,0.482079377352653,1.2530805895453,-0.739893234976688,-0.489832370787314
"ind_77",3.03154859096516,3.01627536269634,1.95744199782114,2.15097504853293,2.49011902628895,2.31845626785702,0.51210901540053,0.511407571060812,0.39645446641366,1.29777750226044,-0.449924820636446,-0.416461673347644
"ind_77",3.14170857212531,3.02413087301661,1.8898994835293,2.1472655202991,2.48065214806054,2.32409349676478,0.517760829252042,0.508517363889559,0.414655397892468,1.29431309976114,-0.389823019368871,-0.444038642627083
"ind_77",3.13916931152769,3.02417072629962,1.87449927427539,2.15773525023026,2.47935222089025,2.2561022688683,0.50790733253291,0.512386925097756,0.419015202092914,1.27692662184582,-0.433041417278289,-0.425956686922461
"ind_77",3.14026003449702,3.02106486324549,1.95689296043674,2.14831683745477,2.49046812876922,2.33174821061976,0.517407747224987,0.507840576049341,0.37462608003522,1.29749864503192,-0.385760599499544,-0.414727805785677
"ind_77",3.09261168264615,2.99287544174765,1.93868518034115,2.14230841625265,2.48723103729231,2.28954680690937,0.50257293256187,0.510058807841713,0.424486444992908,1.23384927202336,-0.375840625505797,-0.406067634610698
"ind_77",3.18161357734188,3.02282034980998,1.9112453552095,2.14781974863751,2.49112625985551,2.31675585009436,0.516450848717636,0.512570310394186,0.395759410733418,1.30712801603036,-0.404829411936697,-0.423179094398024
"ind_78",3.19490405644048,2.99856595275359,1.95268636366951,2.16040384861383,2.46645224604222,2.2897915530096,0.556211535482634,0.50376589646879,0.456711325656389,1.14059782815281,-0.457765159960133,-0.202126297303827
"ind_78",3.15368075654393,3.05610378120341,1.92042540508006,2.15420571502708,2.47708354552211,2.21083849193526,0.5517831080293,0.501962336994517,0.439016646747742,1.15627122931341,-0.471968771126506,-0.222309623911582
"ind_78",3.25429842204356,3.01142359702127,1.889093890652,2.16214736152807,2.46743802942356,2.2114152826824,0.551419867743696,0.50473975274348,0.449647749767664,1.13907906709599,-0.51085269342449,-0.199831821095009
"ind_78",3.19238491568799,3.00049486742642,1.95771188976165,2.15470419453478,2.46069186314314,2.25752268562757,0.559142891223965,0.502924673476077,0.479333608638556,1.18845339176717,-0.496646422134916,-0.235587198546387
"ind_78",3.24829174271191,3.01854095196119,1.92692714415565,2.16384424691265,2.47124172150599,2.22815348137436,0.566268429447901,0.50524032327407,0.436557528950221,1.19892285188714,-0.500884756492281,-0.188123661824324
"ind_78",3.26058838551661,3.04296809171592,1.87713775346881,2.16320699551094,2.46464490737492,2.25118129264166,0.557484635739951,0.499135002699245,0.431808291783351,1.19171529327696,-0.47069568120997,-0.206383995913168
"ind_79",3.25700091139394,3.02638277557735,2.01527428661926,2.14061392934868,2.47309038272336,2.40696110086655,0.576185745986505,0.506927675695529,0.429750986912725,1.33184764926987,-0.422984595900999,-0.211896281789889
"ind_79",3.23973550925303,3.01754640709,1.98888454962642,2.12653609195631,2.478481371259,2.41637238354369,0.577108113803159,0.505848204500788,0.445754963908479,1.31285825558211,-0.410338172427073,-0.231976698539892
"ind_79",3.21263522703096,3.05204520818223,2.02019573642598,2.1244694138753,2.4770317795151,2.43107990225769,0.578270089278074,0.503456044138843,0.44026117538079,1.30998791087133,-0.418480558087098,-0.20512022617554
"ind_79",3.22205358447066,3.0251984673298,2.09587589728109,2.12500986533505,2.47507079942794,2.39561286059635,0.576765846890306,0.506743925753567,0.447791815276015,1.36024967005005,-0.409880510287622,-0.198259838441949
"ind_79",3.2647384839023,2.99616671400761,2.02341439114352,2.12496698889598,2.46624770659465,2.45592774308068,0.582259910851991,0.509026982306045,0.432719047196798,1.33317071434905,-0.393001700356934,-0.239441716283923
"ind_79",3.19599416267497,3.01405863791609,2.0278163879867,2.14131995400453,2.46823933615335,2.3929137205948,0.580970423772253,0.507791535529178,0.468471107266123,1.33339542820615,-0.406344153842577,-0.186629351837236
"ind_80",2.87104461996883,2.90850728532793,2.069067368921,2.16622170945884,2.45441888053709,2.40162669843848,0.580282184203333,0.499693967593203,0.335581582967428,1.30838035280012,-0.376841060592648,-0.362346477329218
"ind_80",2.90714973148968,2.90074375179684,2.07015089761951,2.16874369504586,2.43725771537683,2.39615618183769,0.57517491041509,0.499349730082353,0.33531364103796,1.30273644673583,-0.403018219585337,-0.346752301956487
"ind_80",2.88470973058525,2.87297501813086,2.04466558876709,2.16314302388864,2.43229933865919,2.35796540974839,0.574022002921621,0.504169132268988,0.344932821221582,1.31260426659099,-0.378916862747202,-0.351434449109818
"ind_80",2.86437843203389,2.90413315604111,2.02031639353324,2.16856350087843,2.44072771732115,2.34440289771309,0.574440841890576,0.497711695290404,0.353379103213771,1.26770903700108,-0.415368874872648,-0.395736195153916
"ind_80",2.93462756170831,2.84630532028648,2.00632794522027,2.16172344745653,2.43572725235897,2.3542838990109,0.574636962080702,0.499417981825755,0.350854434796722,1.26417063367385,-0.412426402411566,-0.33775344303368
"ind_80",2.90301919408867,2.89291905915522,2.08810687057746,2.16140546261379,2.4390605322393,2.33306161474975,0.567679522046779,0.498189038336203,0.373238968323255,1.32950012952237,-0.441161222065464,-0.36463998106238
"ind_81",2.93082157762441,3.05225387506105,1.92878138515834,2.17295919723306,2.48800182090647,2.18741934221653,0.584732231842007,0.502093514654637,0.479152104634733,1.34733540151611,-0.407903119985838,-0.407796263147295
"ind_81",3.03114841067926,3.02918853313951,1.90822558086984,2.16487596469847,2.4883042911096,2.20827155151122,0.572281381326774,0.499963550102776,0.495478507653919,1.33465941646363,-0.404285676326774,-0.420410945951894
"ind_81",2.99944325764704,3.00444914368181,1.9080558590891,2.17815833037839,2.49719269845322,2.19493693676554,0.571999520562989,0.501934927035758,0.49939459958904,1.32458911947062,-0.382615490172266,-0.426493001838593
"ind_81",2.9107507819013,3.00810205670695,1.89805756717562,2.16476636807461,2.49393047998552,2.21628436275003,0.581905139536983,0.499173380851994,0.486155710262951,1.31359737342871,-0.359629262670104,-0.453696546792112
"ind_81",2.97870158319954,3.02949206205103,1.97352684800186,2.17252186846056,2.49137649746267,2.21129936669316,0.575672591322993,0.497354172929432,0.481393872440284,1.33110365463245,-0.348601438944776,-0.402064759414428
"ind_81",3.03438318625075,3.00042459681138,1.94640533672491,2.16667892705771,2.48907257975854,2.16922846484428,0.578442266034413,0.501326625789365,0.486118908525582,1.34931929881577,-0.339496315337321,-0.415520039981244
"ind_82",3.21334446155642,2.94272018903828,1.98231785690745,2.16350445226953,2.39832469220629,2.43874017829833,0.538047441701977,0.489158885201454,0.544525175968679,1.29911389951173,-0.483606487633559,-0.348914205516815
"ind_82",3.13603180584543,2.93361854218763,1.94914141516089,2.16882963066177,2.40426905796698,2.44199395897043,0.540827476806346,0.490330203646558,0.563056430966962,1.26114409679413,-0.519798511049051,-0.332894807524931
"ind_82",3.1771832055767,2.92992644357016,1.97027566641742,2.16481707474122,2.40699687064951,2.44903742437278,0.540894615589497,0.488309575992231,0.570633107921869,1.32157690129529,-0.486886775427365,-0.352185511219137
"ind_82",3.15213142379887,2.92555297338116,1.94568873043094,2.17276586891686,2.40821895168805,2.4654097963897,0.548745999296024,0.492780959029286,0.551053425441369,1.27364021009945,-0.510361686271466,-0.370783409831418
"ind_82",3.2063726666797,2.92440431042723,1.93862670937063,2.17058764367556,2.41191678244589,2.43055202281875,0.549856391757344,0.487786269188189,0.548821106465389,1.32478947999792,-0.426249743101198,-0.349086214719413
"ind_82",3.1489869597096,2.97191159860194,1.97484825391714,2.15935034458404,2.4028869991064,2.43076689089756,0.545196773125472,0.493493534551299,0.558156730476264,1.32462974780162,-0.540493939930362,-0.353687266122632
"ind_83",3.67954995230759,3.1140819770845,2.15700515670731,2.18103853305528,2.5181481424342,2.26243105161412,0.553503828887313,0.518597363342032,0.352594486977446,1.33319568704017,-0.440586050458748,-0.438844664531863
"ind_83",3.68188745680774,3.12362926025557,2.13668372894683,2.17328362089703,2.51540445169513,2.22666667012167,0.547873020031826,0.515552153352494,0.375945886949516,1.33776182782672,-0.481679565983335,-0.440767296347179
"ind_83",3.65069129260786,3.16912378702365,2.13968701766486,2.17756570331944,2.51710854378421,2.22073585897504,0.549749774686635,0.514389684463553,0.347578381470603,1.37041974451134,-0.461992689946105,-0.426928902662866
"ind_83",3.62617570023912,3.16816849899913,2.20517767439285,2.18303627325092,2.50547671709719,2.19055841651946,0.556597128527223,0.518380931038544,0.353372096946269,1.3415484844031,-0.454428263931585,-0.380553758247627
"ind_83",3.63103934255505,3.13863964970626,2.14013254848436,2.173616913356,2.51726884821875,2.24272712195023,0.555855432069825,0.517452630755274,0.412582823370265,1.34142810828899,-0.500959561423785,-0.455057617442025
"ind_83",3.56227286378864,3.1414780851765,2.14653442422589,2.17768709587736,2.51799771839949,2.2414280092604,0.554666587882615,0.518198440205823,0.374434469820309,1.3542118560633,-0.430058182486635,-0.392440648281326
"ind_84",3.408554162007,3.02202647587514,2.16238479669062,2.17060786502655,2.45602054893444,2.33808316447455,0.525274045150756,0.520971112022156,0.417665580816628,1.32180830144867,-0.59243315448321,-0.347946522124714
"ind_84",3.49982170202285,3.02666389894795,2.17240707168195,2.17950257925001,2.45242754470011,2.29642106465979,0.539146346465404,0.523124549975281,0.433874726074161,1.32549971995157,-0.579272952411895,-0.374834019240081
"ind_84",3.48332254327891,3.03158199204686,2.21459978063686,2.17163512262115,2.46053401786483,2.31911493509753,0.52369479735069,0.516364693197659,0.435849476426758,1.32557002832267,-0.549209302273943,-0.37402826602599
"ind_84",3.40524047829809,3.02361136640507,2.16344284900324,2.17308771263396,2.44725568412149,2.33690660196121,0.528451429671133,0.522805599835581,0.412395388582739,1.36825082581501,-0.591680995936756,-0.353934915944065
"ind_84",3.5061083566596,3.05852477074075,2.1500680769783,2.16844779879504,2.44904142351928,2.36102740620508,0.532543802258602,0.523949325702106,0.44395900712671,1.34178535971647,-0.600176227906502,-0.349310684907125
"ind_84",3.44889078614985,3.02110007219236,2.18473881796555,2.17000562942958,2.45777002081634,2.36081021649526,0.526730890441744,0.518566215955754,0.417940484099619,1.32717634357635,-0.591240679552773,-0.397228349834741
"ind_85",2.93616688652308,3.08499660579222,2.24982425892738,2.19871834458085,2.48551331781539,2.24098483518881,0.52605422891441,0.511239759022019,0.383258963696645,1.38644380950969,-0.270842846377082,-0.379253046146185
"ind_85",2.87255015067683,3.07785827626037,2.24182235333886,2.19693645253345,2.49310785738546,2.22877005932846,0.526834636321408,0.511416413424256,0.365933468905563,1.38130380301233,-0.305653247819987,-0.377279559686357
"ind_85",2.8799672493202,3.05103987491722,2.17510089245738,2.19796204744744,2.50223830913195,2.24630254750718,0.532337881209946,0.511384481603212,0.381354133419595,1.39855651724945,-0.280921635897561,-0.381546939855827
"ind_85",2.89169432349422,3.11497842055256,2.2091813193489,2.18834235318431,2.49818851084558,2.27296694710451,0.524501389997052,0.51092615347969,0.372558163938468,1.32803408913082,-0.282669191131866,-0.392401499512246
"ind_85",2.84825510853479,3.04489194929335,2.18868528239523,2.20110845860433,2.50160552180946,2.27704327251679,0.525412969616697,0.51182182177127,0.406199881012459,1.37985295895125,-0.333649636545524,-0.390268143175943
"ind_85",2.93857740684104,3.06785054704736,2.17123651578566,2.20067300370694,2.49274498341446,2.26509457394358,0.532584842290381,0.508864610350875,0.378386113976333,1.34514651816381,-0.309658619638897,-0.425664727875081
"ind_86",3.28065911935875,2.90213643676811,2.07678811373502,2.18447015149412,2.49445101357508,2.52892144169087,0.565992648337443,0.514522676853674,0.351255988614911,1.10415127381913,-0.512835827603608,-0.461548102819655
"ind_86",3.34615405542468,2.89662794738688,2.10674784108292,2.18049248433399,2.48827249607784,2.51435942728834,0.560848877266205,0.515806399535816,0.350705086852117,1.13286120400035,-0.488152125004569,-0.513605688581903
"ind_86",3.3617866106755,2.8819631580807,2.05224518709252,2.19237386187007,2.49859581491667,2.48719171726481,0.56480976982215,0.512151969214044,0.35922165723299,1.16778388853749,-0.519910915057706,-0.478300992602288
"ind_86",3.28272215300349,2.8854232127718,2.07266619649833,2.18675707611735,2.49290819808089,2.52425099979247,0.568755313798128,0.510643622138296,0.360905561128365,1.12511574392221,-0.532736101917502,-0.503611497610289
"ind_86",3.28488111146509,2.84142142161902,2.06397687288887,2.1805503048762,2.50425508950382,2.52290325595611,0.563699982066896,0.5133416289313,0.376785566129737,1.0958299321493,-0.506579041679531,-0.482741840712631
"ind_86",3.30384791443284,2.84593701002522,2.04105760214321,2.18510885711158,2.48278149042746,2.49077758553205,0.562379653263357,0.517686546461227,0.380949383483361,1.17804841230978,-0.486470666534288,-0.48669379608443
"ind_87",3.40873503491689,2.97909303423355,2.17096845331758,2.15686479107691,2.45570853304392,2.35732094780814,0.525928736939544,0.512024393836796,0.320983776724303,1.47233243954089,-0.330989159882035,-0.442899699397456
"ind_87",3.45800524643524,2.96313614673377,2.17519407055984,2.1549972408211,2.45940129157678,2.3420149275221,0.515945128491922,0.514010714491909,0.332479986360745,1.51257219784512,-0.28404223031073,-0.422948908924279
"ind_87",3.314810221266,2.96245603528278,2.23817017644913,2.15880572221183,2.44629945076988,2.34256175892489,0.518825140954431,0.514559593374857,0.321959015147656,1.53503585991024,-0.280267611302232,-0.446441159334913
"ind_87",3.40387040894063,2.9991093719231,2.187017940342,2.15495180550996,2.45263566060101,2.34215353321627,0.527398832016941,0.511980832413382,0.294518525576693,1.51359533306032,-0.3268003516207,-0.446697879254536
"ind_87",3.34265671681395,2.9711359815874,2.16711715816388,2.15427181038338,2.44931681806246,2.35814861691956,0.525017580574485,0.508177915486593,0.332636535756227,1.46256844766839,-0.31649231769249,-0.434847237343101
"ind_87",3.40899947347414,2.9744279636813,2.1398561127995,2.15681289358872,2.45386187324417,2.31828006906488,0.523836879489542,0.516077676334071,0.346097747276261,1.4858205145918,-0.31167857638202,-0.427171280033818
"ind_88",2.80966916104603,3.13118069143062,2.04521364384224,2.16357480337672,2.47567895051304,2.27874527467704,0.564229917513164,0.482195173628737,0.4328743038045,1.33447049697284,-0.248495715526592,-0.2616894235549
"ind_88",2.78683258745318,3.09972584715565,2.05065371530123,2.15646638735553,2.4701776961744,2.25687369599756,0.562070670251648,0.480080814514683,0.433440802767559,1.32668722735075,-0.220899398260602,-0.284732191897396
"ind_88",2.85138531319361,3.06385339616102,2.0596443728945,2.1592082521762,2.47470646945892,2.27392743269941,0.554653619842289,0.485046765889755,0.436366948910893,1.36515890305613,-0.243241504056614,-0.267848837371324
"ind_88",2.84270790140526,3.08403754855569,2.06233902755368,2.15882535839036,2.47164222661407,2.25893852211063,0.556760841919433,0.479850289021741,0.420533270219779,1.36573891037043,-0.245654516835475,-0.273148216640793
"ind_88",2.81042035224423,3.06613029603181,2.03383220839106,2.1584064784183,2.47665154695253,2.30691604719864,0.563757171214879,0.486173756709726,0.411779520639751,1.35392156861699,-0.221029315338787,-0.248170607784387
"ind_88",2.79141872164998,3.11916771616965,2.07454185890315,2.17101712271934,2.48098833235563,2.25708141731371,0.55398881179068,0.482050280494411,0.451045040625283,1.27499352247576,-0.209876109998807,-0.290208762183869
"ind_89",3.05621954743436,2.85852573327835,1.99148942323787,2.18489732257441,2.44902431609658,2.29584040027379,0.580866567253258,0.52199081934321,0.389387484154005,1.2601577622175,-0.685888846449536,-0.440021113292815
"ind_89",2.99266647062644,2.89363858172823,1.96024338298216,2.18195044686387,2.43542329207301,2.3335587843128,0.587764223536743,0.517579195472233,0.379888829471448,1.25054042051583,-0.70266679333496,-0.451023657068348
"ind_89",3.0452233272919,2.91504340874638,1.98146755610701,2.19156417456694,2.44016904008803,2.35325415332097,0.584703542011791,0.522027852297714,0.402556729929794,1.21481477370421,-0.706104702402591,-0.440484737426382
"ind_89",3.02726204101984,2.91336822822166,1.95943092762075,2.19286200084787,2.44479420131182,2.37050349775862,0.581789596568027,0.521909562018635,0.418921417062173,1.26296079127315,-0.69877233149713,-0.457010738380111
"ind_89",3.04165116370895,2.86038899140789,1.97168682930472,2.17468740740862,2.4409894962575,2.38811044487863,0.584260562751685,0.519364919586434,0.386898284524063,1.2627095196856,-0.679560085407701,-0.440190388256611
"ind_89",3.03953926411351,2.88080479265914,1.96422043895297,2.18472515942026,2.43595590983476,2.35811697688818,0.584050223058981,0.519758708520771,0.390217069303662,1.22771083761813,-0.678379144438332,-0.462485045014736
"ind_90",3.13219173393103,3.13141550020081,1.84743479506994,2.12286555664316,2.53129091164646,2.44921985551807,0.530236922283138,0.508791824289709,0.480839479066034,1.31013506729622,-0.349797540154191,-0.609221325839769
"ind_90",3.06638661045256,3.08646247337781,1.80260172505848,2.13328108074288,2.51744711156489,2.47758678361896,0.537222787647006,0.508897892787202,0.478720777329113,1.26246383188723,-0.350003201983325,-0.555967308525285
"ind_90",3.13490831238908,3.11660037800408,1.86633637188829,2.13432159120032,2.51072949859407,2.4258320398204,0.540290609418328,0.510995167388623,0.480781936586834,1.33063553627465,-0.355662362336075,-0.587701323076866
"ind_90",3.15187721527253,3.11695039818702,1.78789102777972,2.13396976796011,2.52030165401207,2.40453130613863,0.539648000629665,0.512367390566451,0.48250912628988,1.3011035778087,-0.376395113155277,-0.560377270839826
"ind_90",3.03789510866193,3.11597680838073,1.85319520479728,2.12702892988848,2.49932613759929,2.45222976497652,0.535745161534098,0.511932498905244,0.462355401082558,1.29919767655213,-0.351840622615382,-0.581478731609283
"ind_90",3.16435569290361,3.14583051550561,1.8649935759479,2.12741690987186,2.51191219382022,2.43794426560242,0.537484398374474,0.506571940724057,0.5043534208876,1.26226810283124,-0.315259962401978,-0.566497313479529
"ind_91",3.66617964263921,2.99082082302641,2.09899286378003,2.22005547592381,2.45691053206482,2.20956902335293,0.583860715903733,0.501908557579145,0.441056887669302,1.26942408830095,-0.334862353943914,-0.472119947445822
"ind_91",3.6770200496006,3.02185120985037,2.09052592127249,2.21554451228752,2.45949535952082,2.17981179190848,0.585583322520897,0.502007441578791,0.44891883050985,1.27476037042802,-0.344888863585855,-0.46870550211531
"ind_91",3.68895987503308,2.96713033955235,2.1056177993584,2.22344541895758,2.46644664713977,2.21143103878992,0.580092764849607,0.492531008503744,0.446930803997246,1.29177307459218,-0.393450032396049,-0.449835535860665
"ind_91",3.62386485002795,3.01651507899594,2.10488688577227,2.21262255875679,2.45407444501075,2.2486081710886,0.587780120659575,0.500061226507546,0.47354042029062,1.26419012539615,-0.325251060181279,-0.452044636273307
"ind_91",3.69138401671651,3.02319439022592,2.08303416409578,2.21319921935689,2.46294340757989,2.19646041815006,0.586797467488708,0.500779046685034,0.445693439351622,1.32378513850975,-0.362649273630545,-0.459192618090921
"ind_91",3.53497328893859,2.99102607984007,2.09661232645837,2.21656193328115,2.4595880838462,2.16735544305387,0.578528042768839,0.497953962799532,0.468581199386653,1.28420116237455,-0.324048029551973,-0.449002608759566
"ind_92",3.33668155636335,3.19834321455386,1.88733215906931,2.17672295013705,2.44622209075785,2.32390546987078,0.561767805982513,0.510100683627632,0.412651820354364,1.16503141530363,-0.422778632979749,-0.335908534069184
"ind_92",3.33324581493847,3.16305801491047,1.94098827314111,2.17939583968253,2.43330596670404,2.32820647678083,0.555858211438591,0.512350592864928,0.424051218458258,1.17632683420497,-0.459470581974807,-0.394855588029859
"ind_92",3.32634750274892,3.18551591413415,1.81593796195419,2.17302554535349,2.44317619957249,2.31417086918593,0.568754966002514,0.510260515565353,0.396103514528533,1.23025342518727,-0.464781537622501,-0.342591965508152
"ind_92",3.27161722600459,3.21954146206195,1.87471026274974,2.17960853195192,2.44526720857116,2.30276974884075,0.569683669871677,0.511549484188047,0.394525646133463,1.23282944528159,-0.455207454277124,-0.392862336008948
"ind_92",3.34269700608099,3.19711262645474,1.89209989159354,2.18509808498298,2.44393752866605,2.32072590451475,0.561556167364993,0.508708922567725,0.422912896508386,1.21039907575887,-0.460363918546716,-0.373303026674502
"ind_92",3.33441580605567,3.22211269587567,1.85043762564793,2.17145129493728,2.45217621259341,2.31103919589261,0.563528377411538,0.507894730126171,0.414481704610727,1.20162407337821,-0.477148312705571,-0.378036492893592
"ind_93",3.06062509642261,3.15300854428919,2.07891320323954,2.17382012466753,2.4756886201773,2.21474273909342,0.523061887749727,0.501875820444391,0.473505307695399,1.39962784594897,-0.721907249008421,-0.451520972946388
"ind_93",3.04258576872475,3.14808864599809,2.09662313700801,2.16780874734898,2.46663897564192,2.21747869274283,0.518549881052583,0.505862494556873,0.464187309087418,1.35655437176962,-0.650278358100473,-0.41713451370592
"ind_93",2.99453689054601,3.1447572728456,2.0760216376348,2.16901425854795,2.47657900517397,2.23276337870181,0.529671377340311,0.50024500055554,0.47145273012236,1.31872729257859,-0.667989086416025,-0.430387741311453
"ind_93",2.96498903256264,3.20237985488024,2.08986995138535,2.16374289402327,2.46726508465385,2.23767838185734,0.527829743667683,0.506696642916144,0.4741869874643,1.40921670800307,-0.641135180058972,-0.410759581614585
"ind_93",3.03122368600276,3.12430618663879,2.04722388293739,2.16904670055438,2.4597969088233,2.22177421542625,0.526192634718008,0.508122163357696,0.471604182506959,1.42061738517031,-0.608130451005111,-0.439462133212675
"ind_93",3.01648014974873,3.15143054016275,2.01392952665812,2.17524104024491,2.467757330327,2.21194920607767,0.529451197470569,0.500580386299083,0.470937668731608,1.39231065018252,-0.685948154564661,-0.444863618216606
"ind_94",3.29300169026476,3.07717006400546,1.9626354139121,2.17546278756347,2.49333149036647,2.43837180545407,0.541564103741615,0.513534290515866,0.436039139507866,1.27564207131206,-0.41918352752297,-0.509408811243853
"ind_94",3.30413156168555,3.0364401099464,1.94791361156394,2.18141374710758,2.49017695088336,2.49534049426403,0.548690522020519,0.512270322379051,0.476859181171886,1.26370942887302,-0.428107004803117,-0.481659922761542
"ind_94",3.24212135908447,3.1105024909643,1.94195388520395,2.17734158219181,2.49249097352294,2.50100912017258,0.548905870458867,0.511319407536491,0.450516123804976,1.21628737136481,-0.435364274402536,-0.4791421889373
"ind_94",3.31808121082475,3.06462436929475,1.982132372958,2.16975648734566,2.49065126472628,2.48443205347597,0.547496662535781,0.515035986070374,0.450389582868481,1.20214624302533,-0.439205056748305,-0.483718107798189
"ind_94",3.24497347178504,3.09476033952529,1.96267990664022,2.16450294551578,2.49676108412448,2.47028659754317,0.541888519484866,0.508842634026962,0.451358247685637,1.24851437027679,-0.420948492282528,-0.48369237020757
"ind_94",3.28644731149403,3.05119396759293,1.91612044306522,2.18026191923473,2.48605977331687,2.50388141936185,0.546542113528515,0.516377918642388,0.459050970815957,1.25212677993197,-0.435435062907781,-0.498144966501517
"ind_94",3.21727995526769,3.0677287852215,1.95371347535437,2.16668552415526,2.48713959995784,2.48152221892005,0.550492971801631,0.512453888625122,0.448800604829647,1.19732044048081,-0.431492772534042,-0.518751273323858
"ind_95",3.33228220474993,3.16830983610008,1.95646998052063,2.13886210728547,2.47836368383109,2.36203952923179,0.544468451011864,0.533799366717025,0.430750075040285,1.44260751679821,-0.444103436680025,-0.322036946557055
"ind_95",3.3076419643491,3.16833094296211,1.92126352317269,2.13697541202561,2.48317992534897,2.33232991511387,0.535391683151314,0.537108272132776,0.438404576620474,1.40954469732915,-0.472044922348025,-0.319843709635132
"ind_95",3.29736873374423,3.20833828526897,1.90873450724141,2.1319106035473,2.48667088811147,2.38783036657247,0.541186264402615,0.53679661933769,0.43572947459152,1.4107896156752,-0.463776035294217,-0.328806501748967
"ind_95",3.33347663489455,3.16028435894395,1.95402510388288,2.1360415441399,2.48037848594299,2.38074775963927,0.53205407366766,0.542635485317256,0.453310635933667,1.38078347622213,-0.4444712386592,-0.317372930626746
"ind_95",3.23450153468771,3.21807674640524,1.91920094897726,2.13741013435935,2.4894774464179,2.35092223377695,0.539442974980878,0.538404026485794,0.409961888589959,1.36633847391922,-0.439156444981551,-0.326111834935506
"ind_95",3.29862136063913,3.21623520964523,1.92135377062253,2.14355689923078,2.48874757922622,2.36709742043465,0.533134324480106,0.532874451048685,0.417109968841049,1.38176827380585,-0.438032987756184,-0.320036107413472
"ind_95",3.37001049426816,3.16987459903525,1.9333145750406,2.1461247890858,2.47991928394798,2.31624202914464,0.539889938882635,0.538122914414205,0.442228779657001,1.35220805164685,-0.45240106560564,-0.351739776467588
"ind_96",2.98286156884409,3.0612455221483,2.03656467832236,2.19421671693706,2.45335957147516,2.4173570103264,0.54537468315886,0.500411812972304,0.410937119413867,0.981457273292863,-0.47920198547754,-0.325789376169552
"ind_96",2.89078850527392,3.07098410615397,2.06625345885081,2.18797927096072,2.45761321008841,2.39520549452602,0.538140239995374,0.502421160768929,0.425073332706807,0.974101036974881,-0.475914836321666,-0.3351452998911
"ind_96",2.98726113163302,3.01982178231827,2.10284706585976,2.18674575016298,2.45527666066739,2.39106938444373,0.543324770144131,0.50565978069886,0.43144125756196,1.03249332489988,-0.502503616789708,-0.313423320194751
"ind_96",2.93573746966402,3.06551310133495,2.04637999647971,2.18684925225889,2.45768680403288,2.36320065697175,0.543097735783368,0.504138334782051,0.425141756907989,0.96480195191774,-0.461549549331513,-0.332352271194984
"ind_96",2.92946656968965,3.01365405790114,2.02766706956408,2.19089125082128,2.45613768301456,2.39806861430514,0.545337598720077,0.50248077805625,0.427772720811448,0.956946198530766,-0.478063106476227,-0.315544387531549
"ind_96",2.96837149636118,3.07281422207491,2.10151259374645,2.18513094470987,2.4681821158736,2.45516817930051,0.534602604612307,0.504952035380921,0.42043797283436,1.04917899825001,-0.481206958429662,-0.320392043605274
"ind_96",2.99701482779219,3.05270321798447,2.0502752025024,2.19439803865069,2.45495895287793,2.41019215130219,0.545732891482901,0.503431196781208,0.44560795810092,0.955925190862668,-0.470757468191893,-0.319745480032915
"ind_97",3.5145459913256,3.19857036757081,1.93770749685894,2.19109995937544,2.45315763367352,2.33854680797373,0.563003416914052,0.502096107020471,0.371704751025429,1.19419972178042,-0.428497562078218,-0.37732183276005
"ind_97",3.6176097116134,3.12570196938501,1.96244570234392,2.19582828338628,2.45228817903643,2.32486560949465,0.560757141236665,0.50961108128532,0.351646793405373,1.21221584915653,-0.383669808805718,-0.370195698040564
"ind_97",3.52037935133216,3.16929419663237,1.99415020512064,2.19117334740498,2.44875927260372,2.32216264948488,0.55919275907457,0.500071654781363,0.385092156046247,1.21673040071545,-0.416505845659227,-0.342235405527088
"ind_97",3.51225004895448,3.15043874814107,1.97607331562937,2.19163791433939,2.45559540248494,2.29001670221663,0.565253138303804,0.506723604306354,0.381331905199349,1.22379155199016,-0.434351687851949,-0.360834034248524
"ind_97",3.5620599061754,3.15845347339226,1.98108022039844,2.20294519249652,2.44450841489393,2.2818655540996,0.56422434430013,0.499444153707685,0.367345104693144,1.21405961343229,-0.410704437620682,-0.397210512220338
"ind_97",3.54469929867823,3.17147536326576,1.96047041872191,2.20075561139111,2.44328306559328,2.32764116327303,0.551862226555536,0.501213909156532,0.396594799909203,1.26272752556509,-0.423497844579575,-0.398247811803897
"ind_97",3.52356208059787,3.16482072806274,1.90841248072617,2.19334614590631,2.4501346230293,2.31869503833576,0.559339050648514,0.505825411241922,0.366121646992851,1.26388179183612,-0.410609941545511,-0.373206752709447
"ind_98",3.35144832865858,3.06326274106609,2.06070531971805,2.16613932324168,2.46391635888304,2.44232862153355,0.583903189255464,0.517476983940117,0.352669997707623,1.10169780864697,-0.495583718462188,-0.416488986860318
"ind_98",3.38647989287305,3.07170160160648,2.02340912881913,2.16569242120889,2.46056629877912,2.404930299019,0.58883080908591,0.514620900925515,0.363560060094506,1.08262649178681,-0.496506256271004,-0.397365667875282
"ind_98",3.34508432799068,3.02383109516188,2.1069079142434,2.16220433312447,2.46073206502631,2.46797364253125,0.582205553464808,0.516366374174683,0.360601814131248,1.05331325237419,-0.471029817149052,-0.410690217875761
"ind_98",3.33247956471971,3.07580878168687,2.03653367936222,2.14510003473604,2.45483210543273,2.38837701826483,0.588947980731971,0.515396664246449,0.352652646232837,1.0932304040899,-0.508447840788644,-0.398546684758825
"ind_98",3.40983094851989,3.04495713185751,2.0569266942978,2.15700357141829,2.45706461381671,2.35488070805442,0.569458061940204,0.515369002953889,0.385142991530517,1.03482134746353,-0.495565704179711,-0.40754776087509
"ind_98",3.28927083597075,3.09205323144155,2.02546240096166,2.15389974294769,2.46561021424579,2.42127262265766,0.584662003703321,0.514233080151141,0.382841258934093,1.08423004707862,-0.429115337533548,-0.425977168901335
"ind_98",3.32836273425408,3.09842475643841,2.03033082874572,2.15222211202142,2.45093183282581,2.43675977884482,0.576406935320999,0.518115079840933,0.337679518617207,1.08925343938176,-0.46834927462535,-0.394383788163401
"ind_99",3.47437737194568,2.87477397320016,2.1128483229169,2.15306714896908,2.46323294323739,2.31275030600138,0.549704944340697,0.530427312054363,0.344951537191817,1.22142842143554,-0.53586470648895,-0.515708811740328
"ind_99",3.56062381813786,2.89001456952677,2.05526047732649,2.15512402023223,2.46507435796962,2.27823487454126,0.55569718091372,0.522534985166321,0.390488026302754,1.18931742481002,-0.554407746668199,-0.507560084967068
"ind_99",3.58430727180382,2.83427401954808,2.09866281242533,2.15238796841207,2.46555244533893,2.35944213435311,0.547668235799191,0.524071497434543,0.392916037682309,1.24195472647925,-0.54440002786714,-0.501157306043934
"ind_99",3.51339411976149,2.82513277386931,2.07244716710605,2.15854658911531,2.46388853424726,2.31088965198923,0.555092024438887,0.527273821839135,0.335225512282922,1.24247708647235,-0.537159972631207,-0.474443176012837
"ind_99",3.496557140028,2.85061311373189,2.09629701462761,2.15868623938755,2.46050918719362,2.34828374084286,0.557255373282329,0.528262664274236,0.374569450872247,1.2495932901488,-0.570917442163098,-0.500780136804917
"ind_99",3.55854396093291,2.84082778289664,2.08836107742746,2.14130079411365,2.46143513236242,2.28342964848593,0.557247140830004,0.523347489668899,0.378696141643958,1.23055302888741,-0.533041265456663,-0.442534127852396
"ind_99",3.57990111966157,2.82867348927378,2.08419234222105,2.16347780459295,2.46100476183548,2.31373434612002,0.557113751079014,0.528048028687874,0.362085074567486,1.24237812786944,-0.544210186206009,-0.509510439102588
"ind_100",3.27926958689396,2.97093394813054,1.98834707287522,2.16927269901213,2.46721634863034,2.35651790496757,0.511588210837493,0.502630935958187,0.385881334906367,1.29237118859028,-0.531792039476505,-0.468812654188603
"ind_100",3.30436312752387,2.95911391853868,1.92760964071556,2.18422487402526,2.47437802928289,2.39773232774386,0.511415788006325,0.504399864847382,0.382136387577025,1.32947253053867,-0.533425367677589,-0.461907777400672
"ind_100",3.37883898436849,2.98206348927512,2.01220279496959,2.17810335068002,2.46515116253147,2.40731196163103,0.517242354992775,0.499231762087723,0.380654613173143,1.34653983621513,-0.568423212832293,-0.46549922278488
"ind_100",3.26073715755756,2.99623495426484,2.01390321865262,2.18713548263609,2.45872723356137,2.39589847630904,0.52264922820901,0.499735189876967,0.380273629716429,1.36802667549566,-0.567019858055094,-0.480997263874992
"ind_100",3.35250586138357,3.00318546075302,1.98012300375545,2.18179010527314,2.46786991147739,2.40226985605034,0.515482754652687,0.506200864402619,0.388859979783362,1.30406858445851,-0.528258729639814,-0.461605347948496
"ind_100",3.30656754419902,2.99185562543518,2.04781885404259,2.17997556013826,2.47373109158345,2.40023190235532,0.515963845521462,0.503139504649919,0.382241798009971,1.31246833351507,-0.523292039620117,-0.467348438519934
"ind_100",3.38218322829004,2.97631365944199,2.0009066946957,2.16388534865454,2.46724054475577,2.42001631458591,0.513627831259238,0.500269751213983,0.394987291175386,1.31453968353346,-0.516980888058273,-0.469311349036756
"ind_101",2.8777853972763,2.97717737141668,1.91823243126321,2.13217209342909,2.47666226334233,2.29998064567581,0.536693270616442,0.50597354770762,0.426914271571817,0.952337334255921,-0.257201985087667,-0.347974852659016
"ind_101",2.88317004659758,3.01806126877148,1.95983135472445,2.12291972691224,2.48667769348476,2.32875582751568,0.540783219523622,0.507882612120873,0.385328670376413,0.940639130251394,-0.284842114764739,-0.358067953565212
"ind_101",2.78249568558013,3.00058869503901,1.93559064680064,2.12334626463121,2.4716185927862,2.26728525845741,0.53304889124442,0.511468954195525,0.425605828372518,0.946146518957082,-0.292007252202072,-0.322814152372381
"ind_101",2.8797870675221,3.00961050809492,2.01071126482468,2.13051148988202,2.47059429145756,2.28117829919715,0.544799115822538,0.502619212700559,0.421189811740986,0.960286982040302,-0.250190813185816,-0.354015471143484
"ind_101",2.86780219788805,3.04445616281716,1.96569836616906,2.12419592607285,2.47847000032548,2.31766470291297,0.543143683394213,0.50505810661322,0.419520643278512,0.903482849822551,-0.233776436476747,-0.340722913034743
"ind_101",2.74655997577045,3.03172252327265,2.02537920074714,2.13039182840998,2.47054616648551,2.28173451377778,0.537726767655409,0.503074188540991,0.422744528900379,0.970336716909125,-0.261066801714835,-0.335221813012532
"ind_101",2.8917519769133,3.04478999693711,1.95950691812185,2.1310623205847,2.47840376230057,2.29283799942374,0.537345324348874,0.504687151891517,0.422150987457856,0.991158239107204,-0.258101004080159,-0.358642679602952
"ind_102",3.22426894712577,2.9638775436912,1.93294441730405,2.19615418479326,2.49010882847188,2.32735803333764,0.554481505851464,0.483727755940677,0.249532460449593,1.25568895618722,-0.410052599884461,-0.35637243727748
"ind_102",3.27969637461626,2.92850068048279,1.96954675281812,2.19243262522276,2.48747726755673,2.30706881541075,0.559358303281138,0.482827457275752,0.255205563957077,1.26202571982444,-0.349726962608874,-0.339064713914467
"ind_102",3.24082409003218,2.95536489051039,1.94256132822636,2.19620003186224,2.48779827764448,2.37472655349378,0.555711359338295,0.482551168311077,0.260969230949971,1.22174701141129,-0.392223320587345,-0.387840373030622
"ind_102",3.37577025117885,2.96073185840825,1.89655671850792,2.19105706171251,2.48549408688547,2.32037723732956,0.551897693534427,0.484935773264232,0.262310141108539,1.26058163850444,-0.359835657517107,-0.388745343067085
"ind_102",3.37136969064716,2.90136504556111,1.96241268408607,2.19965569578181,2.48901737736382,2.35088329073908,0.557498964508635,0.483202638289605,0.234141914337379,1.2574623768976,-0.392617142651349,-0.371427422927799
"ind_102",3.33499603776746,2.95604040046521,1.95686977972735,2.19306154203733,2.49032360872925,2.3612257723489,0.553103452486257,0.481320743122376,0.259967603582731,1.22621778382824,-0.3856822778275,-0.362251718787272
"ind_102",3.30199598257534,2.9422038092397,1.86087460008711,2.19571821645618,2.48915626861805,2.35547805074597,0.55218360218956,0.480568781262783,0.228595720735245,1.19275855220824,-0.478592351272456,-0.395089280243544
"ind_102",3.34300333490556,2.94214612356149,1.89343667414099,2.19149081808329,2.49488303912455,2.32970670985823,0.555269024169522,0.48224460708665,0.263212627329473,1.18540957736375,-0.367389410172848,-0.350079267776837
"ind_103",3.28364874932921,3.17445344576097,1.94929635684067,2.17776385892012,2.43947751022236,2.48043140298928,0.59535946612193,0.481608687676409,0.456290588221188,0.854148154609032,-0.241801622384912,-0.389747717155617
"ind_103",3.3230080560934,3.14580703583669,1.98219606766616,2.17642152212947,2.44225125816175,2.4796517079664,0.59278330638754,0.485232600212641,0.450268650638065,0.890110833863212,-0.271900001201046,-0.387800345279498
"ind_103",3.41099491181064,3.09469445493303,1.98914104265865,2.1801433089855,2.4275770430948,2.46211164513398,0.592488984180568,0.481388553437155,0.455669611014263,0.898425345654907,-0.254374633546637,-0.375022235456271
"ind_103",3.34206018986658,3.12380257911768,1.95865021829198,2.17580771749174,2.4286411547414,2.48831866043194,0.595115024712503,0.483474780779857,0.445812170325756,0.873556264526237,-0.211291145880553,-0.373827065462288
"ind_103",3.25734848175902,3.13418523194819,2.00715750243552,2.17647920981293,2.43315492722352,2.45852993369268,0.597320622826975,0.485615451352871,0.45600115563596,0.832310329778681,-0.258259761555114,-0.400992265498991
"ind_103",3.28899796376212,3.14409380088286,2.00144283356524,2.17281284253866,2.43199836842808,2.49865270184324,0.5906870796069,0.480564493670996,0.425853835177254,0.895635300475173,-0.26950471048916,-0.387791363258991
"ind_103",3.35006277552736,3.13607912736919,2.02037508198525,2.17546976281163,2.43291919631517,2.53249538002346,0.591730697571101,0.482490631162329,0.46734016123329,0.850498352234564,-0.254379888163021,-0.354456777644408
"ind_103",3.29280525974332,3.12861013363771,1.99124970905216,2.18127559775491,2.43487690970739,2.48309164626794,0.589026303505544,0.48340452871922,0.44410564752962,0.906747523145945,-0.25953534556846,-0.363792219682592
"ind_104",2.94585610654235,3.0819251102579,1.98885104323418,2.21272804663582,2.45401128219227,2.3650331967203,0.520584659505024,0.510839096542335,0.517434764017532,1.12705171029694,-0.498525446613491,-0.463577254772478
"ind_104",2.97651319879864,3.08527537490584,2.05536658799691,2.21188657443193,2.45350887493976,2.3645276391964,0.520955645959348,0.512078416822153,0.502883490436785,1.1026097774406,-0.488229351019125,-0.443340048127082
"ind_104",3.01548244503474,3.06826597204127,2.07812535451717,2.21443828258213,2.45461850629209,2.37316114357041,0.520021938246859,0.514328281316879,0.539549703484235,1.10455504831357,-0.461225126983753,-0.45629065524648
"ind_104",2.91906772619837,3.05017605023842,1.99122465692181,2.20853984525152,2.46205714066295,2.35752969376946,0.520741818861515,0.5049949598743,0.508954169259224,1.07591670037525,-0.426403915417494,-0.475332529744899
"ind_104",2.91928885042697,3.04006663339439,2.01174888413942,2.21177110587842,2.45551412564632,2.35083672434856,0.530163364370191,0.512013083537162,0.532445961837924,1.11426703836114,-0.518858113347613,-0.445007424885425
"ind_104",3.02663164682181,3.05350414050011,2.0518897976585,2.21348125177998,2.46278425066293,2.3863091742211,0.524205933119526,0.508410130448858,0.503822529206638,1.12075742255912,-0.492269583143143,-0.454811114537503
"ind_104",2.985538654299,3.08264286558466,1.96558324666116,2.20637493183494,2.46105746099336,2.35565148587323,0.514247730373709,0.504759801979621,0.537303117190229,1.06437456084224,-0.478954398357849,-0.462902254513544
"ind_104",2.99446030769461,3.13238880948688,2.04588375939634,2.2095589432775,2.45483015219061,2.38477804387694,0.520321825531716,0.510531295777472,0.506324409715474,1.11298271725825,-0.51025149327907,-0.484046018213893
"ind_105",3.316513129153,2.82933987367582,1.98112804683941,2.14052022309308,2.50016869737142,2.49419285073608,0.537772707513588,0.496442733797374,0.397262629802747,1.21452369021791,-0.125257829155371,-0.362145961138152
"ind_105",3.31078653664443,2.82294709952391,2.02556600934696,2.15842733751561,2.50495888957139,2.53548734492676,0.54348380263322,0.499908469217076,0.418419871427005,1.16933809666208,-0.155291090720999,-0.404483822529886
"ind_105",3.27708636967677,2.8495385052621,2.00081922656284,2.15893540779993,2.49088359540161,2.51746258276485,0.548118438829116,0.49870279335731,0.394348847585977,1.16372955169126,-0.141928309574126,-0.368856403453952
"ind_105",3.32324039892518,2.86009750828969,2.01550549471173,2.15659655251394,2.4961365685932,2.53935602618934,0.535175657084429,0.499768835171519,0.407408770189016,1.12013731955699,-0.107523321616031,-0.369617370137634
"ind_105",3.26628790388781,2.82744515701578,1.96206802796583,2.15422894530806,2.49816284178416,2.53788913878882,0.540477517290089,0.503373546940462,0.422208519583671,1.19595070743132,-0.13102097155265,-0.386000579143945
"ind_105",3.29770705770171,2.81575692203474,1.99810751440336,2.15415063112405,2.49193187750979,2.54012457277438,0.53352458242854,0.49466053176647,0.427391648521366,1.18909626028404,-0.128830616583158,-0.406999828783902
"ind_105",3.22037408438254,2.8505647255267,2.03180216511907,2.15296609267571,2.49398575645425,2.52759018822844,0.538690059437101,0.499731938977575,0.385044999050859,1.10764162397338,-0.108543086402172,-0.380193978605501
"ind_105",3.31334447803618,2.84117432217764,1.96733207171579,2.14697790291047,2.50731456213664,2.5130023492348,0.550219080313299,0.500750752209331,0.420346113746812,1.17262565415847,-0.150905622210318,-0.386875647269134
"ind_106",3.05309030893818,3.05649331012005,1.90792032334149,2.1480696595404,2.46836290805156,2.1849441745306,0.581809605004637,0.500642443339818,0.439093664253657,1.24388320406158,-0.698994455853011,-0.430839275721403
"ind_106",3.10921060618436,3.05073395772024,1.93751742751413,2.15304960617022,2.47221109515914,2.15790835181205,0.57753515743501,0.500867986750643,0.453995817380729,1.22890891981759,-0.632952485680836,-0.458372029500617
"ind_106",2.99736858808198,3.05518041663729,1.91999085506368,2.14354713984637,2.47450190485457,2.176284712184,0.569375753694848,0.49893774829447,0.483130435381431,1.21924418623701,-0.671376188230588,-0.487065233669412
"ind_106",3.01516517287425,3.05075215989497,1.92610918865991,2.15084073156179,2.47069389314576,2.16334389686192,0.575967905027301,0.499120420132676,0.458718704087935,1.20186650039174,-0.706238849847179,-0.434977818804128
"ind_106",3.02246872528052,3.06443386116707,1.92120663604818,2.14111556358067,2.45157369003124,2.1561524286028,0.569829674568934,0.502641527835527,0.448252919590178,1.20479498137263,-0.724306139435854,-0.435572223914228
"ind_106",3.01693610010377,3.12881248763762,1.90342797012921,2.15534021078183,2.46684263458485,2.15243586637067,0.566830687708717,0.498436071643433,0.453241194473668,1.21644998209183,-0.696789525377168,-0.430802249092246
"ind_106",3.03889554289013,3.04900790677063,1.93076433906158,2.14876814930463,2.45911924235071,2.13854832977001,0.571654840791252,0.500562521986428,0.458871920500971,1.18187295575775,-0.745090562443711,-0.474986259591546
"ind_106",3.08296001760911,3.05472475622535,1.87232856802785,2.14651286978977,2.46591828142239,2.16134788519374,0.573709841157642,0.49710027827778,0.454939407431573,1.20877922620934,-0.634626120241705,-0.441854207070173
"ind_107",3.11996086725784,3.15841842435859,2.19665563856905,2.19282495010064,2.47870753274065,2.28883363908829,0.521806027976484,0.491306541097644,0.460071763013228,1.42928271680749,-0.347266197391748,-0.429948626917376
"ind_107",3.09799074207127,3.21897337406325,2.18777199147746,2.19195695572006,2.49126926471188,2.25521850922608,0.520671985287285,0.48971813023768,0.45644720758412,1.41390873393143,-0.310634778128881,-0.418180629337667
"ind_107",3.08519594246379,3.18468000614287,2.15437614816103,2.19179203192183,2.48974071941136,2.22862677065513,0.525474026453794,0.491445563382896,0.482683978704545,1.42368820141321,-0.368857364880047,-0.402464616291052
"ind_107",3.08870274378585,3.14517503006344,2.12628118234112,2.18027734318005,2.4879972224827,2.27735049684159,0.522817655723943,0.489051807802003,0.45150594494009,1.43718266530216,-0.292167704539654,-0.428006773960037
"ind_107",3.01305103377656,3.18008327995632,2.12154595336956,2.1849134633812,2.48364261060785,2.20082441042847,0.516797851194191,0.487108050714683,0.458156145068049,1.43663279982151,-0.334161682812223,-0.425018930121563
"ind_107",3.07325362398946,3.19744599807796,2.18716044048903,2.18301105425692,2.47734950489074,2.27961937562318,0.521706314680364,0.491831723864466,0.447485223506598,1.47525975811519,-0.349350754936699,-0.392890360901006
"ind_107",3.1552698687145,3.19715965857718,2.20468119060058,2.18716890376902,2.48013321394469,2.21838688294455,0.528299025961318,0.489303901075297,0.464993057515975,1.43658466109881,-0.408874859075307,-0.413451739862873
"ind_107",3.13977342565799,3.21388652571484,2.17737219874035,2.17884247327251,2.48679721461469,2.25769748678421,0.524620953613221,0.490079543952951,0.454933700361086,1.44708556625742,-0.356248214542912,-0.424566814602462
"ind_108",3.35813188718119,3.12822244904598,1.85265100901299,2.18559380589154,2.50964590782615,2.15523841612405,0.558274107463063,0.497933302482942,0.474010351280649,1.06943361452699,-0.413428667993776,-0.413398168085387
"ind_108",3.36718550300013,3.12492666313902,1.83958195131165,2.1957747240808,2.50896041043632,2.15446008250628,0.555808087188311,0.501757508891609,0.460602048385,1.07603575626652,-0.395629845455919,-0.382571872600694
"ind_108",3.43803259278283,3.19003703437791,1.83334883386158,2.18755862755865,2.51002946031602,2.16601871505484,0.546054448737568,0.501093123956715,0.463694450107006,1.12842720888027,-0.387162250169985,-0.401321557123604
"ind_108",3.34438679458329,3.16981881363121,1.86872681581284,2.18806003557906,2.50815682265467,2.16688061273621,0.557930951043184,0.501448155770173,0.450998988743021,1.06356970017966,-0.485410788930282,-0.408111703980414
"ind_108",3.36973096242222,3.17792681794143,1.80380500969753,2.1934146330804,2.50320850778411,2.15554339758606,0.55804329376965,0.495128024720254,0.484935305012,1.02655069181521,-0.375242021167687,-0.359184481394018
"ind_108",3.41901711152945,3.11671970639655,1.81956427639925,2.18896472053181,2.508464126141,2.20269808495055,0.553454980079251,0.503401960888516,0.474553519167041,1.10627822243156,-0.423686558431099,-0.391195428216267
"ind_108",3.40858682086525,3.20470395752445,1.8494835857682,2.18996720810426,2.5034893717194,2.15803550654713,0.552466908762347,0.498870997273153,0.50549051755805,1.07481761673412,-0.421096711711548,-0.364261029936853
"ind_108",3.25586944329964,3.16347410342143,1.81867237082788,2.18752809850446,2.50898749309614,2.20319332888863,0.553217531970321,0.495776262277692,0.474554197375586,1.04777814537908,-0.424972061181033,-0.398974810648938
"ind_109",3.0332449237557,2.71873463804903,1.88860690790714,2.13104699240089,2.48870438461109,2.40321725071434,0.553101634914571,0.532162285646183,0.41563325816349,1.54601612700465,-0.345019548272332,-0.44354270281436
"ind_109",3.04736429656893,2.7042809641546,1.87533267363324,2.13623739163529,2.47033445437625,2.4607130075704,0.55634211882788,0.527664491053562,0.423931100073327,1.56215259764129,-0.327268983546592,-0.436198218667675
"ind_109",3.01862074602639,2.68657094264779,1.91726254771872,2.13930295827818,2.47193301034584,2.44479313436065,0.550526355886654,0.531566600813676,0.424561330994485,1.57038328895596,-0.351959866510609,-0.433660611464266
"ind_109",3.15238355528674,2.70923200943227,1.94087157229274,2.13463034409637,2.48227423128769,2.41371338463533,0.552353220642083,0.531125756059256,0.408256444749066,1.59014790055646,-0.372376378490102,-0.457593119973501
"ind_109",2.99265771569956,2.72169757698915,1.89135708636368,2.1413866787412,2.47281791682051,2.44830641715446,0.551614355443292,0.527529475807941,0.433258750406848,1.61196273700536,-0.381780690532266,-0.450856009699941
"ind_109",3.04504226403435,2.73107147772412,1.93086856450955,2.13077801561215,2.49161656427302,2.4179097427157,0.558775293702443,0.527551563097738,0.449797561383645,1.55244303015783,-0.39936180827876,-0.41295545231614
"ind_109",3.05464782240208,2.73260417029746,1.98557241628637,2.1251558589268,2.47692979076182,2.40205359820663,0.553176429818803,0.530056347637391,0.41463368958482,1.58176266299823,-0.41020598462179,-0.422550656199045
"ind_109",3.03573403309869,2.69947387798292,1.91041785590454,2.13200037330338,2.49171967009608,2.46360862803458,0.555565165394983,0.529267342510413,0.419350694309736,1.54021890379805,-0.340149848752564,-0.44820921528703
"ind_110",3.43467766282115,3.1659093101824,1.6802849063916,2.15369120871911,2.46740582931143,2.28056485884678,0.563123946877199,0.515598391003117,0.407688264331671,1.24974308226523,-0.465983145833573,-0.33880705621599
"ind_110",3.48660323755969,3.15225304677831,1.68414904470602,2.15547831537471,2.46718319155259,2.24166749080116,0.562327024929827,0.51339882609703,0.383346795927724,1.22821367603188,-0.446830564780563,-0.326728790020015
"ind_110",3.41553294529176,3.15272180465983,1.67052839683895,2.16356640653154,2.46140413659519,2.29419872577349,0.563332588765383,0.513587190178617,0.406292324243599,1.27287524542232,-0.43697762871264,-0.367176546700097
"ind_110",3.4674650144159,3.15004526522065,1.66805556005389,2.14892444579743,2.45905157924426,2.28882040305654,0.561073388864369,0.514383686157069,0.423620002648562,1.28386603489868,-0.426279564394641,-0.356933429504829
"ind_110",3.42731073322264,3.15449747637161,1.67783370389381,2.16847134176437,2.45937641198217,2.27289109434286,0.570386517649577,0.511077747611486,0.417950814657781,1.21307381171444,-0.416534653454892,-0.368222187638923
"ind_110",3.49788238355637,3.13213624572749,1.7093130716269,2.15210963179639,2.46512148917255,2.3423984750505,0.556237439021059,0.512333797123795,0.393465808640647,1.25509929708306,-0.397191855992864,-0.344188395934712
"ind_110",3.44775141960051,3.15219014426963,1.74048804615054,2.1604061782815,2.45028168393292,2.28551361208995,0.565809949994033,0.516497431625289,0.402849478195994,1.22461699403029,-0.429611554788927,-0.344234331769849
"ind_110",3.47232372223218,3.12716569053058,1.64247464453178,2.14909168352491,2.46125112488424,2.2965348603657,0.564525457171229,0.517389744181128,0.415833169630242,1.2388960616301,-0.442939941284287,-0.393593874641834
"ind_111",2.9501291350948,3.08860309463752,1.99816043346175,2.16742376676595,2.44152613591765,2.11083398288436,0.549829890558592,0.483596947935193,0.411007420076768,1.07163964680182,-0.47441759996579,-0.532149809482743
"ind_111",3.00392086879118,3.08814530370276,1.97036275282035,2.17098804390404,2.45445756442294,2.07758272311786,0.550994336320963,0.485653831474699,0.37317412484135,1.05190847503316,-0.519271646035581,-0.540521565194655
"ind_111",2.98475096952404,3.09786304497597,1.9711780160494,2.15893019919402,2.46039719271267,2.13790253146797,0.549019972919392,0.483231343725959,0.394467044684269,1.01946469421502,-0.555951301533915,-0.553053188031391
"ind_111",3.05342708596677,3.05979914437093,1.917036210922,2.17335738563349,2.44593969918888,2.1061733450849,0.551652950042072,0.483677743988637,0.39727077500002,1.01615487601565,-0.498393391131685,-0.535309999775307
"ind_111",3.02802405718167,3.12828887917748,1.91474360766058,2.17305267721426,2.44818151660447,2.13050219708704,0.552564585948967,0.482854992705972,0.386071704421895,1.08782923941592,-0.535398863451114,-0.561374037191501
"ind_111",2.99772159272372,3.0794735311705,1.95890345691531,2.16823196172329,2.44771804458807,2.13550806311113,0.553045970362567,0.480900955509986,0.404370989870327,1.04529179913849,-0.50590413664679,-0.524598498883856
"ind_111",2.9059524799996,3.0571236309181,1.96348570530243,2.17641524205604,2.46044989774746,2.08905305017265,0.551920514831409,0.479624592695802,0.376078545977652,1.03349359643874,-0.492731604992538,-0.517871044058207
"ind_111",2.94853628661868,3.0829015146208,1.95935873875684,2.16405399352933,2.45106497961253,2.11752982224696,0.55348180543919,0.482013951482464,0.391134926132082,0.97588397846569,-0.508510294539858,-0.549888538262123
"ind_112",3.20971719598904,3.02827150646121,1.84437446948155,2.16523262751335,2.39170535800785,2.31126879750791,0.532056780616184,0.518189770085048,0.442271665119451,1.3965271867917,-0.460113256777847,-0.233648832375739
"ind_112",3.07065913861254,3.0182764567505,1.87562856896645,2.17212915512843,2.39376216100685,2.25450249803868,0.515196580130944,0.518131496127915,0.4452344786207,1.38529163501545,-0.460601373443158,-0.262161164475396
"ind_112",3.07656053080384,3.06835831667215,1.81854101223256,2.16565630895977,2.40532880129475,2.29957064902963,0.526725755338445,0.51461483530826,0.437492218549444,1.37403352928548,-0.522174368564296,-0.261605731598912
"ind_112",3.15303252536043,3.04583638961121,1.7450944700641,2.1548216216808,2.39838329994157,2.26396556155437,0.525111670955865,0.515424275888757,0.440875203973966,1.36189358645554,-0.478825113849305,-0.247989498179738
"ind_112",3.17113759937765,3.02078763505926,1.84601026590223,2.16619980679924,2.40024814301381,2.2797815858863,0.525827805460065,0.521484849890918,0.409004031857336,1.39061741854807,-0.466978835641449,-0.249170915111377
"ind_112",3.25583301784076,3.03291951431532,1.80445836975876,2.16401006845832,2.3982982914607,2.24599625667836,0.526642014381654,0.517783188669261,0.422267319974465,1.35342246872478,-0.431401398844046,-0.2492339366524
"ind_112",3.15409105979491,3.03731763443015,1.78944822822486,2.17110023728708,2.39261919577517,2.26077014232871,0.525596431364708,0.521424287956806,0.446999949629717,1.3687568965653,-0.455637060501645,-0.23918871708705
"ind_112",3.16770862903944,3.03272132844218,1.78452890941292,2.17077216616749,2.39028667815176,2.23459845414159,0.524875895429401,0.516441830704623,0.424015753735697,1.4052258005524,-0.462841575885363,-0.264506961246532
"ind_113",3.23728324939641,3.00675298764067,1.86486086341376,2.18149621867993,2.4311459549577,2.42063633177792,0.554073204190986,0.503892901547271,0.385107272956742,1.32079737429069,-0.548881299324916,-0.284425379961807
"ind_113",3.29062205693469,3.04132826949434,1.84047253740853,2.17642738660522,2.43491353488653,2.39092982816855,0.55692570446417,0.502867753090548,0.374295704109104,1.29587588250448,-0.577479714381266,-0.283936857789968
"ind_113",3.29719478062765,3.01213249924102,1.85601850750575,2.17342565327076,2.41649064572604,2.4365464199951,0.549991970780826,0.504278501488452,0.361961583484812,1.305948020409,-0.563119757043865,-0.269530043197099
"ind_113",3.28365677780455,3.01947221081778,1.76887525178746,2.17372237398106,2.43766106692445,2.41293682448261,0.557371762900252,0.500046621901186,0.367505734667883,1.28261915066477,-0.51877100735419,-0.28982688964796
"ind_113",3.288041735846,3.00292141309529,1.84292802075005,2.1814494384768,2.41998958891338,2.39224124510736,0.550163909724816,0.507512241258875,0.354815021459238,1.29737808634738,-0.582859651175099,-0.330194258448129
"ind_113",3.28789391736618,3.00588334164856,1.83247720519328,2.17294347319536,2.42264086785091,2.395433139605,0.555031124100907,0.503839767716422,0.361326057999488,1.29789753402481,-0.564962756750235,-0.293953984458574
"ind_113",3.18937607044699,3.02689529701424,1.80016112695883,2.17431701651432,2.43875285456951,2.36119635973806,0.552384520413481,0.503048270525727,0.360990202127711,1.29118835106165,-0.566495402214993,-0.296579318393861
"ind_113",3.24401715085123,3.02029479065646,1.86970790634417,2.18169661406608,2.42421770549962,2.34281330294499,0.554098204293884,0.502411673764893,0.381056957062459,1.26602537542801,-0.562355361971489,-0.274403733716908
"ind_113",3.35955667376451,3.0163400361853,1.82169685952757,2.18187894944048,2.42827839212425,2.41367468890219,0.550582308036029,0.503325268056817,0.362330817508326,1.30397635197984,-0.560618445340552,-0.287530149437881
"ind_114",2.84481376969621,2.86051645684901,1.83916594385679,2.15707906312729,2.47379809343803,2.22486760744245,0.535270922593484,0.510756412846482,0.369279354707532,1.36651270987805,-0.406350305018056,-0.505716880170396
"ind_114",2.71839199510092,2.83508491389046,1.87929588768664,2.14925080903377,2.47491443082588,2.24303795910811,0.546030870875686,0.51018557386356,0.381013994224461,1.37155547852031,-0.417470363695913,-0.466897896356436
"ind_114",2.78554049004208,2.85249259788142,1.91471370264217,2.1548930681023,2.47079867218982,2.23253364707581,0.533926715118899,0.511237340359452,0.370870378291256,1.38787050546815,-0.456330360057506,-0.480419909264298
"ind_114",2.83596757625282,2.87530855322543,1.87568582324434,2.1569800397154,2.47789356679514,2.23215116490249,0.534852670692484,0.512668208705609,0.383150943660201,1.41057986852147,-0.419135397256974,-0.51948462476397
"ind_114",2.84712292588984,2.82776458351323,1.84491679980931,2.15379354833961,2.46664008088609,2.22174348723451,0.541425355431848,0.512161654741816,0.383581773727458,1.38271945026438,-0.335817730314268,-0.507420821837115
"ind_114",2.83454179816216,2.8415288595276,1.84990206766643,2.15176258090975,2.48204944683426,2.22265646116271,0.539662606505664,0.509662830818095,0.351937411072575,1.35004029514037,-0.451650679928138,-0.484962586552844
"ind_114",2.80975310759153,2.83979464136437,1.89361885515287,2.15640237506881,2.47102402447551,2.22990146317946,0.546987899328927,0.509896054464387,0.376638414727198,1.37829262533197,-0.453344678894265,-0.513027891590713
"ind_114",2.742976023432,2.85908960220289,1.77971775538518,2.15482344318198,2.47200897897279,2.23349178950591,0.544746120632815,0.508047159864257,0.385845232655477,1.36196619771121,-0.425712351830008,-0.502606396514688
"ind_114",2.70629117678898,2.87971688996933,1.86835216768083,2.14606823800164,2.46280558202356,2.20229049892292,0.540534224094752,0.512346206692757,0.362629485356765,1.36234728635957,-0.412844898139487,-0.508560743444213
"ind_115",3.31911740773187,2.77129359701351,1.96271331367166,2.1744415673369,2.43324540245677,2.36902451033735,0.550555887353789,0.484268497539379,0.341385332209692,0.968814940244247,-0.464389081912852,-0.402302770889018
"ind_115",3.35361393705444,2.74655934478569,1.98070209408047,2.17907784265947,2.43840804057013,2.40221461224849,0.551094052723174,0.487344568798842,0.349082045242609,0.935561355318605,-0.449966994558006,-0.379742166430866
"ind_115",3.20702334861071,2.72252917938055,1.94608749832501,2.1844093856372,2.43842502383389,2.33431365310123,0.545751103955928,0.487649493228525,0.340893030651157,0.996848219343942,-0.494635321966576,-0.40294202595926
"ind_115",3.31729360095288,2.77264225319884,1.96352507089997,2.18451509307715,2.43394465506907,2.3470398223997,0.552591050684149,0.488310395085459,0.341754836218267,0.935888339467067,-0.42172828151163,-0.384379595140431
"ind_115",3.33157844134419,2.84517847433993,2.00240025162674,2.18018293957187,2.4272538943549,2.3664422060464,0.543749064639025,0.487890021346018,0.330191514245325,0.96942241601738,-0.478339381357162,-0.369981156975619
"ind_115",3.25838605859916,2.7436587390779,1.97253825348941,2.18520660337293,2.4263822841366,2.39659024266849,0.544254445508367,0.489553384016677,0.319487138195769,0.976069366158807,-0.493569835422945,-0.380842026046366
"ind_115",3.27545909285079,2.79131104247366,2.03522398480472,2.18166406196588,2.43965334976016,2.40955844752136,0.549644452604836,0.489202521892904,0.319395828011783,0.936570881564822,-0.437480768895836,-0.394056577828259
"ind_115",3.3280429495484,2.74168206737092,2.01452194294063,2.18736539072183,2.4185307351192,2.38523247576829,0.554642926642206,0.490804712267242,0.342101425502128,0.91693262646574,-0.443911454365864,-0.354427933690458
"ind_115",3.28204251795339,2.75688308535974,2.02196784313814,2.18936353180933,2.43479022925941,2.34632832175569,0.552170637937398,0.490419411259363,0.338953512655033,0.89566786402632,-0.446306258212286,-0.425997211794189
"ind_116",3.30435744392435,3.19931290705857,2.11481315274957,2.2177374084525,2.45941704601654,2.29942111747502,0.561549297661708,0.496602429177852,0.314656010695753,1.32630536736834,-0.469786459107532,-0.487759752595311
"ind_116",3.24163115801381,3.12826190935645,2.11468515960507,2.21537415211399,2.45629877965127,2.27963005985964,0.565522557360023,0.494072516868484,0.3137656800123,1.3455037008482,-0.484108576671368,-0.443001933931933
"ind_116",3.22198177812022,3.15801546932823,2.15378898949601,2.21353516704069,2.46949606846999,2.28194909403193,0.562117886877004,0.498668978284113,0.332198924640422,1.35507602921339,-0.486660865305852,-0.469010955189887
"ind_116",3.26339390647323,3.13244945689394,2.1247706297831,2.21478805140809,2.4556692119227,2.3355406480218,0.565428041500505,0.496926269418746,0.304964934572415,1.33547654137015,-0.449949611430479,-0.464136551479058
"ind_116",3.30999063664304,3.17773245151007,2.18726046611951,2.21767875357032,2.46490131904441,2.3105473003265,0.566352358454997,0.493273519401306,0.329396665123771,1.38645894186687,-0.459291207364945,-0.465355833469158
"ind_116",3.18856770121663,3.14573318098748,2.12497791915019,2.22063247643675,2.46051087274454,2.3282295452605,0.561044551519084,0.497140147344534,0.30547198944977,1.31379931085888,-0.464493797817965,-0.457480400017966
"ind_116",3.28161782671766,3.18797599774485,2.16502537179302,2.21786535839656,2.46886306492252,2.28219817740406,0.562433152134925,0.492972559126529,0.30833837518865,1.34825078720167,-0.469057384464961,-0.4510837151311
"ind_116",3.24434869266847,3.15936256958652,2.10467570203624,2.21620990818808,2.46308560994581,2.31028926162746,0.558321439261914,0.49075713239199,0.340233585092548,1.35938138620173,-0.463341929038515,-0.466461022958205
"ind_116",3.25276231374997,3.18911905284334,2.14545384442004,2.21554553318884,2.46513023055727,2.30859539263225,0.561286734578502,0.49465494759264,0.313100924709958,1.39261892922739,-0.488091566857035,-0.464617277309054
"ind_117",3.38094120863857,2.98342051451554,1.9691092278185,2.1726631032222,2.44418913799013,2.30465734081019,0.59311799393581,0.515510777125356,0.48284023017868,1.27263058573036,-0.434565277881687,-0.346514551685875
"ind_117",3.38394923184175,3.00375145460849,1.98183297811332,2.1704779571355,2.44610349792571,2.30877483566129,0.58240163091823,0.512964412340639,0.494776876654752,1.21941071750197,-0.406545528093397,-0.334262973761873
"ind_117",3.32593292875948,2.95933358730521,1.98908903181565,2.17680283171764,2.4494280879024,2.30841728875508,0.586717166357429,0.514926835752323,0.495809600940085,1.2380424879385,-0.422668526580207,-0.368136293644751
"ind_117",3.36492450139388,2.95238300021009,1.95563757448073,2.18470680015275,2.45054502680988,2.28615098519098,0.596966287892002,0.510836487219533,0.498747349822347,1.20885503424925,-0.446800627125999,-0.365016492951382
"ind_117",3.35652753239109,2.945397071157,1.95291922838728,2.17346562314469,2.44766953500128,2.31834683354888,0.584247015253476,0.514130102827191,0.498705717956656,1.22194463415574,-0.426372652836339,-0.368917200718108
"ind_117",3.37604208164598,2.99801859352909,1.96351747631602,2.18323320443563,2.45193285343603,2.33036568630386,0.588397613977679,0.511906437084571,0.495222004617234,1.24764311902788,-0.429632518775836,-0.364921522124878
"ind_117",3.40193674246942,2.97143233247404,1.95382296670117,2.18921214216084,2.44401341532702,2.24920127007079,0.593280961455421,0.509709133082242,0.484756287606682,1.20887330851181,-0.451280210171903,-0.380299365969702
"ind_117",3.32389459826954,2.98579148557363,1.92133641969817,2.17695199867569,2.44909405659059,2.3072985300733,0.581956344039404,0.510914206422477,0.47599054299335,1.21568916565246,-0.445954964986572,-0.359655841204668
"ind_117",3.33038538140376,2.99419332099404,1.99520619752919,2.17936703705888,2.44373176619904,2.33378083958909,0.584151094544158,0.514295947756392,0.487383192191795,1.24454525072779,-0.42596731990704,-0.371359876501518
"ind_118",3.10051697460146,3.03943272240006,1.88338765053915,2.18533052995222,2.46016922889052,2.18486012273918,0.548406651773205,0.497361433992296,0.447237108014788,1.37991843127001,-0.405657576685887,-0.312992432973827
"ind_118",3.1780319558014,3.04394946041458,1.90099369565069,2.19303472593199,2.46278753655546,2.18576782347365,0.553038254393453,0.496354546844212,0.446272323476474,1.42769626004783,-0.3681095095568,-0.332293866919617
"ind_118",3.11602096316368,3.01807284521032,1.88801262873227,2.18404139408837,2.45219310227296,2.19298914905621,0.556187965405073,0.502611186235245,0.444995530979935,1.33731466321343,-0.445960365201788,-0.329065772325551
"ind_118",3.06117737100358,3.01446070678202,1.9025755061829,2.18467667828701,2.44565180552107,2.17419878300488,0.545317847012252,0.506444388571533,0.434801668344153,1.38160525258575,-0.412029315782122,-0.332615718939242
"ind_118",3.08531287683761,2.98015860986246,1.91509990687541,2.17764238060438,2.46901842462248,2.21798835662176,0.550994850783218,0.505517604047575,0.466346316163178,1.34527604389496,-0.388399688446759,-0.320744277322668
"ind_118",3.1271762912469,2.99588313069229,1.9034810746257,2.19331613593866,2.4504211179019,2.21281393402755,0.556573634115535,0.503762537538681,0.440649591233805,1.39747443892445,-0.390707258881611,-0.324387414240337
"ind_118",3.14844097378613,2.98385756753965,1.88872588261755,2.18501654127388,2.47064439767389,2.21342117303229,0.546275480326617,0.500760158206296,0.443314151540348,1.3949806707563,-0.458380396201326,-0.328424171091359
"ind_118",3.04224592351242,3.01945019841039,1.88983799130042,2.19317295263067,2.45367888799947,2.16172313903731,0.558844132274455,0.501405127897282,0.441415565008808,1.34611293253269,-0.418032889360965,-0.342430843769041
"ind_118",3.15173151568203,2.98894075583277,1.92765453968366,2.17748513447039,2.46134791892146,2.19723175603281,0.555120236532,0.500280844424045,0.440431378617604,1.38112863936761,-0.395262453644813,-0.319582762818444
"ind_119",3.15948717511234,3.12048440099444,1.72396097295406,2.19942931923807,2.43932331321568,2.3550091435995,0.540215211083689,0.49531221626103,0.431909547592795,1.09890183274451,-0.481466137813758,-0.36175147224323
"ind_119",3.27052749771213,3.14696960134375,1.72477134308772,2.19287278443142,2.43929797824694,2.32884472410774,0.540331868761394,0.495160532404877,0.42927122612379,1.07504736605809,-0.46692777769511,-0.365414735268086
"ind_119",3.23184535903668,3.14193862648062,1.71786497502465,2.20209891817992,2.44201992582403,2.32182564261266,0.542809156769956,0.490466477543238,0.451712947649983,1.15210924534526,-0.475231676446896,-0.361106418104251
"ind_119",3.1898827677238,3.13154214113529,1.76479263057378,2.20019990718385,2.44062583555265,2.30944267725317,0.545052429329094,0.493410708488289,0.426601897779343,1.04622564733092,-0.417977323098948,-0.338588194355716
"ind_119",3.20805662757611,3.17030059084549,1.72432882335474,2.20544850371345,2.43756698963943,2.31424436102101,0.535833449655583,0.492013882090319,0.43775604300765,1.09514476759948,-0.467219342816227,-0.368865923053795
"ind_119",3.17832288997506,3.1150888543593,1.7238015690704,2.20008147654361,2.43469135522384,2.31750972293997,0.53856334857717,0.494195435941345,0.432348835357532,1.10032795087175,-0.496067246400742,-0.381028377564974
"ind_119",3.21360766079839,3.13831365253862,1.71819042307152,2.19704434242135,2.44683224679913,2.33289326832137,0.538982198499706,0.493072803037331,0.428764356841779,1.07737780715999,-0.46065636731448,-0.359856069692565
"ind_119",3.13872008510597,3.11998324102355,1.69979710828861,2.20662116568254,2.44200190959309,2.31273845158008,0.546782092590505,0.495570788754237,0.420103074066547,1.09060128820503,-0.42415194030566,-0.360368043524998
"ind_119",3.25048561718229,3.13066663283912,1.72663560737182,2.20105762862666,2.44253991500473,2.33828683904712,0.54492080189557,0.496265795326596,0.445121705298671,1.11949858837956,-0.418681640672574,-0.351012981276859
"ind_119",3.21049328539996,3.10788479845059,1.71723521052198,2.20613716153625,2.42976008536967,2.36809418368444,0.539035080136379,0.496520133976056,0.446084612342131,1.08895444140381,-0.461186775502592,-0.397447857407352
"ind_120",3.11305205017424,3.11994117164622,1.97842780667284,2.13623208191285,2.43840065112002,2.3045265384108,0.541582730358213,0.518675480403267,0.433824856996866,1.30031083881191,-0.558016612825699,-0.379103968467801
"ind_120",3.11151278449196,3.04677641523156,2.01772097784145,2.1342310558808,2.43326490771621,2.3237701814656,0.541196457350182,0.513873687239595,0.432115099262299,1.22490561006737,-0.539296497604812,-0.401488329137052
"ind_120",3.0370939055792,3.13253528882901,1.97282217603913,2.13942364126568,2.4324512382385,2.32980565371742,0.541135225401858,0.518843768813125,0.436942333432694,1.32469492992406,-0.526772821188429,-0.379488019226365
"ind_120",3.07957419994386,3.1220699178566,1.98979562266123,2.13753005705604,2.43641080075891,2.34897805421252,0.538802216600313,0.515278006517491,0.430046565681078,1.28861092390008,-0.5950781531807,-0.411496220245797
"ind_120",3.11734446933653,3.10604354814676,2.00342658337708,2.13623822338406,2.42729927640542,2.31334008681312,0.53573538249414,0.515645090622225,0.435808006368095,1.28757268180874,-0.549894595192522,-0.365550915887194
"ind_120",3.06346313656457,3.11661109322349,2.01576891832679,2.14035214608893,2.44032322495968,2.30607531119734,0.539974215504449,0.515776936764149,0.433409727563727,1.28452336704758,-0.542531487538698,-0.379174377898943
"ind_120",3.05551554639858,3.16341753615917,1.96905524243917,2.14454888635112,2.42763364902235,2.3293015276875,0.535616129041518,0.519290813434134,0.459794611530879,1.32459658883443,-0.489042864308468,-0.411115864663347
"ind_120",3.05717290909583,3.10348671971494,1.97333520647524,2.13448589920768,2.44952211147701,2.30988185958737,0.542342551647771,0.519202720435441,0.436650639440075,1.33778564191852,-0.486311777984978,-0.390465569397149
"ind_120",3.00696729514947,3.06653396758882,1.96850837200474,2.12282541382496,2.43453925774835,2.34136199916671,0.541823118347319,0.520699570163367,0.417699914550568,1.24806984673787,-0.56558729192833,-0.405286059532241
"ind_120",3.12755261921954,3.14883294445433,2.04701863891705,2.12973825182176,2.43177235756328,2.28215421251038,0.541692686886657,0.520031771302091,0.452762985423405,1.30680545422017,-0.539105877862235,-0.390373490639446
"ind_121",3.44732563306069,3.15227717263867,2.26252194261726,2.18048746875554,2.4344364114367,2.30972219372453,0.549318107947653,0.500720557831685,0.433230955907098,1.32893073792816,-0.571972862699885,-0.32250901128091
"ind_121",3.42249921345118,3.10948505569367,2.31305276772619,2.17601652412871,2.44612491252649,2.240941836587,0.546977682575493,0.501718866370118,0.417549783359922,1.32236169564244,-0.495748215222092,-0.292487511360422
"ind_121",3.50248510511765,3.08544831177938,2.28206921588264,2.17775280815419,2.44763242988735,2.29498829556475,0.551516304829853,0.498677638979742,0.450305278921787,1.30670420254765,-0.505172069327288,-0.313738477111312
"ind_121",3.38856949585203,3.1226950599463,2.28862245984874,2.17752698300246,2.44808456970286,2.26714631867467,0.550668200471298,0.501760110548298,0.426130251360757,1.30827058964661,-0.506904187788669,-0.276121915614008
"ind_121",3.44986598734527,3.11686702266384,2.29838932160774,2.18052601935148,2.45155674462174,2.27496832013756,0.545320718483271,0.499435865927097,0.411669190795697,1.30452320031273,-0.499077772264829,-0.325503591642768
"ind_121",3.40310237296522,3.08949564568822,2.26111743715013,2.18242836785478,2.44393531155521,2.2724201436887,0.553120549651491,0.507256042991354,0.439163038555873,1.32581791677943,-0.501812322316089,-0.293947677687275
"ind_121",3.44821682199015,3.12761213126933,2.32871336426652,2.17667852509044,2.4423876572747,2.32084634873577,0.558574769617899,0.497791310757082,0.440905862043332,1.30219867026919,-0.578897164970965,-0.30450395837886
"ind_121",3.41429175678675,3.14699789755436,2.25152487405384,2.18449844719214,2.45125578619819,2.29456394866781,0.546434062930868,0.502163625386337,0.422747985688842,1.32517844817836,-0.493271950639423,-0.285072246759017
"ind_121",3.46859819266274,3.14230557268899,2.30847107293823,2.1762266360445,2.44142229217172,2.25063022541922,0.549546480032264,0.499650104430962,0.442456569000808,1.30243772632459,-0.507065419227648,-0.288889941620257
"ind_121",3.4680684647745,3.12727993848624,2.25019263374515,2.17496167810107,2.44012137931872,2.28404136075407,0.55395283221416,0.504357234350913,0.418704966969623,1.30079363404136,-0.507482856943929,-0.31607657611629
"ind_122",2.99182694051,3.20671587616283,1.81400257705275,2.17532729515175,2.47813801861722,2.19568748222723,0.579229133480304,0.513104032516392,0.291146828300981,1.03091586040561,-0.252612264479531,-0.346631194122678
"ind_122",2.99496854815886,3.1928724053037,1.79525670972592,2.16805135785905,2.47807968427006,2.20140856266038,0.564373703948989,0.516408485248443,0.304889540719118,1.02686470301471,-0.238035979353941,-0.326768660653775
"ind_122",3.04306854632364,3.18514491682435,1.78678552240464,2.17763876933544,2.48306708241169,2.22126322558149,0.571653806866285,0.516357562285071,0.307318585375207,1.0463370197038,-0.211400576917022,-0.369920822494998
"ind_122",3.01210856647491,3.16728584628482,1.81846607763955,2.18265339527165,2.47808186177504,2.15458154994137,0.572132887660823,0.516520398854028,0.307657729487618,1.09125407885669,-0.234426327425112,-0.353547006101274
"ind_122",3.04375663833628,3.16598798100961,1.80840336856158,2.17296436317892,2.47988032343996,2.20839352950568,0.570028575835406,0.517275379081765,0.290215914205002,1.04714983279294,-0.204015998171644,-0.347275874957199
"ind_122",2.97292582692958,3.16136482405636,1.81381603864369,2.17461779884838,2.47327473392083,2.20588175901039,0.572341160497956,0.514641333674147,0.314023883483529,1.06406994565286,-0.247312044071389,-0.350725385251409
"ind_122",3.02568396620667,3.14613631560561,1.81266004029246,2.17211368433127,2.48472938171906,2.21476377156063,0.569306915358188,0.51972857197592,0.296015034676093,1.11289541586918,-0.232210640385372,-0.350664665056353
"ind_122",3.06886038765918,3.21098216319627,1.7734953709542,2.18320114856906,2.47056925659414,2.19112639060923,0.570455495358673,0.514656281738214,0.315612462831412,1.04021318000452,-0.247934933347379,-0.339429451353871
"ind_122",3.01308493598856,3.16303919531875,1.80433562234225,2.17657400228729,2.46239440478916,2.25741793731678,0.577115397481922,0.519312621203715,0.316630554133176,0.944649225171869,-0.250987955894181,-0.333056611135398
"ind_122",3.00170650624388,3.14874050598372,1.79425832334567,2.1746073256945,2.4796575872091,2.20437666694204,0.572617498608976,0.512917803370539,0.307764892932194,1.05102720758839,-0.23216426878025,-0.347165307664053
"ind_123",3.37844920976481,2.82877018467363,1.87181584764241,2.15723372111144,2.4071923520339,2.36958162507296,0.549495031085853,0.492651599703597,0.30295512403199,1.23730073414245,-0.436539251944176,-0.398303479704161
"ind_123",3.38630923996628,2.84118163375909,1.84767064269218,2.14671415323709,2.40397586344377,2.35620746405014,0.553637942150821,0.490975936567277,0.315477653030632,1.24001815559924,-0.421210620090172,-0.408082825037648
"ind_123",3.39794218968043,2.86885472365545,1.91168757008863,2.15535518172575,2.4047935115566,2.32811938062559,0.565486623040767,0.49124872568834,0.340254426224273,1.22883979754022,-0.424524846821808,-0.388871872770997
"ind_123",3.42477107492763,2.88491172768484,1.82801461321878,2.14652135320461,2.39229165053207,2.39691759770492,0.558084269264886,0.493336751046116,0.323879955667004,1.2372935717031,-0.392723802470873,-0.396448682869674
"ind_123",3.40454558420201,2.87336766146349,1.89985865975817,2.15262277519288,2.40835978847144,2.37877986719458,0.555710140326894,0.494509784258722,0.313530471945245,1.2091036147101,-0.417526617177998,-0.437083093701162
"ind_123",3.3980806303412,2.86814375584344,1.85743725320036,2.14105097783835,2.4028593592205,2.34423510160102,0.555566886123427,0.48626350932039,0.338675397977153,1.20390586342948,-0.459596101405001,-0.412349864618781
"ind_123",3.40985090561805,2.8723636098522,1.91289901455233,2.15599707131388,2.41070119564046,2.34881799098465,0.554066331875268,0.492538489881145,0.337521892061651,1.19258800226086,-0.4099992686135,-0.419240783895402
"ind_123",3.41895925744028,2.85210253790226,1.85296151900831,2.15012875276034,2.4128962720737,2.34601081188895,0.560435385769198,0.489403038076327,0.335418826317033,1.23485863542639,-0.382051932502919,-0.39827056818395
"ind_123",3.43560103892878,2.89693268450142,1.88808314002877,2.14907157299372,2.40194076515931,2.40763984625118,0.561177803873016,0.491076875758755,0.334943526599794,1.22624745271645,-0.410243255929756,-0.409997179293506
"ind_123",3.35340084479129,2.86214124164677,1.89915272479569,2.15055835493036,2.39702616334356,2.31790802615487,0.556025285898667,0.493066345029945,0.300979295662601,1.15611936107149,-0.411665467026335,-0.416724837175572
"ind_124",3.01844431011247,2.92755697722841,2.01041204662735,2.14689213065091,2.4842904358075,2.30747644389405,0.568972352089534,0.515524855830783,0.591538528816021,1.61401994633272,-0.388047547116467,-0.318327095854251
"ind_124",3.08517807155306,2.90118429525518,1.97235904458293,2.16320862787683,2.48221604630168,2.26349290187892,0.566361115712591,0.517360617871733,0.606258876923753,1.69103919057593,-0.369479883249434,-0.302766622605384
"ind_124",2.99445315014616,2.90002384776699,1.94954881991606,2.1519969047905,2.47768624601855,2.31526281841462,0.574697849323394,0.513872492001239,0.584256821833491,1.66665337560348,-0.372333827591734,-0.332338414929271
"ind_124",3.0450635097206,2.92567919975701,1.96590243399972,2.1489975675122,2.46653968519551,2.29535129407107,0.560050319884057,0.512432439640096,0.588444058999406,1.68687637127097,-0.363006360242909,-0.330157282978305
"ind_124",3.04676685260519,2.90058261460554,2.03028451618455,2.15458959382447,2.46832381701905,2.31326733560732,0.568800560309011,0.513428540525418,0.600620458813619,1.66999128105346,-0.392749569812511,-0.310028681814906
"ind_124",3.03074406831026,2.91995275905111,1.94862322893805,2.14310812866671,2.47105612489468,2.25624082842263,0.577201368508144,0.512613170506647,0.577554552517598,1.7073952236947,-0.364490949533745,-0.278854984430736
"ind_124",3.07470605763227,2.90878551334974,1.96834746887817,2.15186092852144,2.47323291493322,2.30008165964482,0.575281184730142,0.517613785570167,0.593672915010873,1.62132305089616,-0.371885789749236,-0.285296761716158
"ind_124",3.09998202351116,2.90814113721525,1.99795250424392,2.14518465380776,2.46897221866934,2.28457634831868,0.573715952084662,0.515490098405162,0.59329311757053,1.66171700305204,-0.416762913536145,-0.300202554582334
"ind_124",2.99798001800605,2.92351919310125,2.01474127062784,2.1517104768361,2.46635321473628,2.30872418735239,0.572477773542627,0.513506102218744,0.591264422925634,1.64504265725502,-0.373397818160477,-0.327999804948705
"ind_124",3.02886266919608,2.919789936404,2.02908089471395,2.14791758623678,2.4707019310471,2.27217767401551,0.570645311651192,0.514221838776173,0.560582965307306,1.64177293597106,-0.371701325255618,-0.310696853910749
"ind_124",3.0707276968825,2.92689480706377,1.99375821313122,2.14794942347637,2.47841673356186,2.27981493880951,0.570010226614427,0.512056936098442,0.588674937908814,1.66439781931348,-0.382946897902897,-0.330683605937385
"ind_125",3.06147253534981,3.03268841592017,1.82461398126216,2.18976937766515,2.49234316479481,2.35733873797676,0.564110406534517,0.499177506156958,0.423759334352758,1.52551555260969,-0.295944739219446,-0.316543591801161
"ind_125",3.06994742375153,3.0411587882578,1.78155081185368,2.18878438134702,2.48246980339838,2.38001384353499,0.573908077580201,0.495548231093308,0.418469647357074,1.53439091027509,-0.252389870455287,-0.318909898828242
"ind_125",3.07257463584196,3.02289210078529,1.75649083517061,2.18606808506194,2.48440677832654,2.36652378788981,0.562335196890974,0.49875788610784,0.408171447301467,1.48517675797262,-0.242027712634211,-0.328895179038517
"ind_125",3.05892952210322,3.01271040795911,1.75807609119549,2.18919141771089,2.49656236050731,2.36733078154265,0.567221350107777,0.499177442753848,0.394100374906446,1.48971411427736,-0.252474971986354,-0.283699611841631
"ind_125",2.94776068554917,3.00831593134597,1.77942721693823,2.19162509205779,2.48267714997557,2.35275435630456,0.567544142112814,0.495683819541984,0.397154620402759,1.50126888962625,-0.207231359870695,-0.308424021181838
"ind_125",3.00378481760578,2.98928599432256,1.80600213939385,2.18826152792753,2.4822922648195,2.39824009146524,0.558529099472571,0.4978841700145,0.398008901042963,1.50180973246095,-0.228827064919852,-0.324355786538842
"ind_125",3.00714926826569,3.04260097103854,1.80184159248627,2.18699594370685,2.48422546438347,2.33153444328482,0.568036620162408,0.498850595983382,0.404326282926919,1.53712882133573,-0.225470194275515,-0.300701049201157
"ind_125",3.08143354631988,3.01224396869868,1.80057007037966,2.18223020773267,2.4872682671007,2.35796278924543,0.561546098045362,0.501521691121137,0.385704826537265,1.4672896353568,-0.287447106605529,-0.316225076269569
"ind_125",3.06563409065212,3.01860971711598,1.77896280921345,2.18840172495836,2.48830283044538,2.39555366406379,0.565693343726785,0.491559192037073,0.410089102898097,1.53739691452043,-0.266406301750358,-0.329838968274697
"ind_125",3.05153140969557,3.00964121172522,1.79136552923909,2.18745702345254,2.48340871863602,2.37356548360384,0.559523557578377,0.496527693058204,0.396111651043035,1.49619018494105,-0.219377320404142,-0.321691940311074
"ind_125",3.05357168690641,2.99890123556644,1.77125681340692,2.18645038535509,2.48903193029979,2.34807077986923,0.566340161801747,0.498837078594438,0.400636626802748,1.55006838264562,-0.313033827938433,-0.319294614460549
"ind_126",3.15770835925148,3.06556937019865,1.88969303455454,2.12767404019025,2.44719137215287,2.37041246867679,0.538701175873039,0.490181399161458,0.412089010386319,1.10140893836811,-0.490265403693724,-0.395652705852091
"ind_126",3.11561164850002,3.08971969252997,1.82830389347628,2.12921568789089,2.44976744073729,2.32120376890448,0.536275182647397,0.487939436135435,0.363330393474847,1.15588294674812,-0.524077019296861,-0.356109941956894
"ind_126",3.20355183043475,3.07998033587802,1.83162114544642,2.12861378112148,2.44350074193875,2.31603465099615,0.538535031844253,0.496185924641791,0.415508657955268,1.19867643803424,-0.513139953190304,-0.358634066400813
"ind_126",3.06553896059975,3.10243761865363,1.87363930910953,2.12304724492459,2.45101173859072,2.34741375310229,0.550281518041735,0.491806162985743,0.382158172204041,1.15274881714947,-0.505474202399051,-0.344969539798189
"ind_126",3.18356057004042,3.09623358655947,1.8087997517457,2.14232411198029,2.45522511754522,2.36458090012183,0.536793401835726,0.495128534848678,0.38659908736993,1.12572697874825,-0.489953674774065,-0.362496953776959
"ind_126",3.14309949709426,3.10303452037296,1.88605450228368,2.12851320916034,2.45209008306845,2.30974115477907,0.552727974771317,0.49246995579238,0.39161141353351,1.12307820359728,-0.473068288318503,-0.336343442176794
"ind_126",3.21182268955267,3.08971754739239,1.83365787245386,2.12873951283492,2.45451983014883,2.3689826104706,0.547310714486385,0.494313186802455,0.397711266299575,1.11492136038848,-0.485006596290902,-0.332592770391176
"ind_126",3.10111749029443,3.11657901987638,1.82574297052283,2.13639436714112,2.45096563598044,2.3928544389295,0.535299238905544,0.493268692903193,0.405782012221181,1.18175509103483,-0.474077013965556,-0.357289375494947
"ind_126",3.17019482311097,3.12220697567323,1.80243136688596,2.12190208401866,2.450931028464,2.36991230379521,0.540145933927059,0.494563504090638,0.386535483127419,1.13256689403149,-0.490709508963721,-0.357773677575447
"ind_126",3.08373290735066,3.15985815173896,1.83433576807663,2.13784392394412,2.45052529845939,2.35938896869362,0.53861722196156,0.495080022592156,0.402725494482201,1.17034516934173,-0.492985656791985,-0.384089482516253
"ind_126",3.11969985164325,3.10260519148728,1.83565958246308,2.13000515133073,2.44972482931986,2.31497623891866,0.541054929018213,0.493532398850331,0.399220573078213,1.18520367054639,-0.48647720454162,-0.354233966544252
"ind_127",3.46570304199426,3.07479237880809,2.16713932153129,2.18607573909319,2.45132486687234,2.36520886198388,0.511169149402265,0.493397802660114,0.325396508466737,1.21102432221868,-0.34916603984814,-0.300835842269571
"ind_127",3.44070518216586,3.08536464360906,2.15947169501376,2.18851537409715,2.44978292472745,2.32922689058788,0.523258513020637,0.495262559972429,0.340332358827155,1.22065940328809,-0.346221080878613,-0.312156142954173
"ind_127",3.35713324251395,3.10560372649417,2.13374031532413,2.18564127918177,2.4545716093607,2.34068172459432,0.511260242930972,0.497529017610372,0.336494836563685,1.17390401847566,-0.341750513522792,-0.263445406838906
"ind_127",3.38678505667761,3.08651740508462,2.16705828087302,2.1835124023576,2.45610963567417,2.35135837536631,0.514449900470394,0.497428647565452,0.321047770597109,1.19803718229676,-0.379836957895852,-0.340439227078906
"ind_127",3.39584003786118,3.08391372746378,2.11962529643839,2.17956174034616,2.46251038902708,2.39266560364151,0.528464479270237,0.497719440442701,0.339017795258885,1.18928807115143,-0.34356197682747,-0.324805081792138
"ind_127",3.34592179993501,3.07509971133943,2.09377736605,2.19190574194186,2.46030430330032,2.3523566837326,0.521572342864692,0.500953558175055,0.336656190360025,1.25401600062505,-0.364618691731365,-0.332015517283534
"ind_127",3.36183794049294,3.14993565885066,2.13117290787583,2.19002351024126,2.45058412280383,2.38258115163723,0.524918361407625,0.499821190585255,0.318525673556319,1.19786530306378,-0.377951446836128,-0.299011777706789
"ind_127",3.32484933596951,3.14933028932583,2.17956802024428,2.19456823364857,2.45755623493559,2.35663076872402,0.514047750817138,0.494430291110558,0.332773883960513,1.21125174434558,-0.36856806633938,-0.303382769693717
"ind_127",3.34429691098966,3.08476346240915,2.12663650698215,2.18654636664722,2.45451096615402,2.34739700082956,0.511792443476373,0.497718237449734,0.306963973439063,1.16972813517796,-0.38089719629833,-0.297594195526692
"ind_127",3.37670657340373,3.11035161025327,2.13521535941925,2.1927929506864,2.45394422153011,2.34106571605,0.512194905246235,0.500529404524028,0.33566576678757,1.2230815156123,-0.397021533695095,-0.307933143890791
"ind_127",3.39911538292304,3.1086151396541,2.18141084850644,2.1801788937735,2.4651256840798,2.35693422640078,0.516109834541721,0.496417281958211,0.325879390410155,1.24037219086877,-0.362559594427759,-0.27947776240524
"ind_127",3.33607878935721,3.10898882516524,2.11885277699195,2.19164436739046,2.45555967946552,2.32203123292197,0.525576291456903,0.501936089565266,0.339220057800868,1.2000256318728,-0.328634008561859,-0.308736111221782
"ind_128",3.09575157858075,3.00547414929952,1.91097167658986,2.20357759828803,2.4344033704005,2.39552213108252,0.55073157801363,0.507160650097556,0.521273925484481,1.18489369342753,-0.482152561838326,-0.339482451619023
"ind_128",2.93036377654894,2.97256074601154,1.891214780925,2.19687043586244,2.43365057836713,2.33923087232862,0.551857882065609,0.506342009036298,0.526033362369514,1.1765462327985,-0.483979325494163,-0.337736156628874
"ind_128",2.99184746789914,2.99224100712147,1.90598596677433,2.18861570312238,2.41904520542689,2.36630156333725,0.55265218137681,0.504386002209,0.545215273126461,1.16919744506765,-0.477952679698953,-0.344477117772936
"ind_128",2.99619762325842,3.02912671514168,1.89600251649547,2.20136804296533,2.43771025123997,2.41573023720495,0.546172859274187,0.509565144204069,0.536681410087233,1.1516064680453,-0.491829208297761,-0.342452200718536
"ind_128",2.92712311043752,2.98777288585089,1.94036466191084,2.20409342083927,2.43167550644566,2.38559275069751,0.549561672624718,0.506733595084961,0.531745790984011,1.11575814027695,-0.490388161082578,-0.35073735432713
"ind_128",2.97511541833329,3.0072780587096,1.98005750740915,2.18865030401249,2.43075494771371,2.3759950200297,0.551608455122344,0.508363347034601,0.511636914868281,1.20105870963773,-0.467052027419333,-0.341845935384271
"ind_128",2.98431332387311,3.009933603347,1.91058295346507,2.20041013659313,2.4313036815412,2.38181261825645,0.55558481852035,0.5033411945675,0.503277272091172,1.16373680666897,-0.420879500408445,-0.343693819391338
"ind_128",2.98171756131946,2.98093984570424,1.87168382482344,2.19527662859608,2.43734500126759,2.41155769206744,0.554770877844299,0.50353716702784,0.510996873462686,1.18860106118266,-0.45715466499284,-0.323337832349049
"ind_128",2.91737767255406,2.99073869839759,1.88749602226346,2.1989692829048,2.42459028049803,2.4258543700273,0.552119305422757,0.50928007137528,0.536091499241514,1.19026300302966,-0.480839065849012,-0.338938014303905
"ind_128",2.99014682222351,3.04038678905105,1.87638655373699,2.19167097207505,2.43552025107954,2.39055389829102,0.550033938923076,0.509296756383983,0.532353511308553,1.17336158115163,-0.466160236430184,-0.348659290744307
"ind_128",3.00838800229203,3.02593566161129,1.92056306550931,2.20267821050872,2.42663307376308,2.42726335132212,0.556379857374982,0.509766715681993,0.531200121512227,1.13209058953253,-0.4472069848996,-0.346297901044642
"ind_128",3.00903116385465,2.99708534898544,1.88002412352272,2.2021970476593,2.43881873618802,2.40240037836448,0.550761105486221,0.507155559773669,0.544970767291023,1.15855067228451,-0.507597352409166,-0.329031287121463
"ind_129",3.14971977663308,3.15820662229451,1.86481827515905,2.14125400679963,2.44837049336832,2.07054681460641,0.570064377272004,0.505741316247166,0.526934038504932,1.20577189300067,-0.773700552306397,-0.322609757442429
"ind_129",3.18702362344419,3.17051103088387,1.89258190639339,2.1442138455669,2.44509611630283,2.06748216411271,0.569320508297026,0.502921351001419,0.503509731695522,1.10505821400685,-0.753285731328797,-0.340502588986409
"ind_129",3.1009093028529,3.1198411070154,1.85994898930924,2.14746094482507,2.44746632761164,2.08609395678899,0.567968212759982,0.504639111627468,0.500316569962379,1.16940705989866,-0.781027508462346,-0.349399957661941
"ind_129",3.15584236814836,3.15195067408108,1.91198098308379,2.12569198623857,2.4545265279463,2.1354740044161,0.566375686692451,0.503054505008867,0.495147639006649,1.15828066799786,-0.727791094035566,-0.363957806550148
"ind_129",3.08145096459536,3.1452430494236,1.89707549214543,2.13831984822857,2.4538056723829,2.09760833426781,0.56097554098886,0.499230240031896,0.471736197936476,1.15922313101656,-0.774708163866914,-0.313717761680324
"ind_129",3.14647111443033,3.15295390650275,1.93207246822903,2.1377802242701,2.44383329445665,2.10126170632296,0.571458785558349,0.505271773824904,0.507645354321227,1.17358880350727,-0.798845093868443,-0.334581248458419
"ind_129",3.14898549162797,3.1311154739645,1.90074115584848,2.13263839489166,2.44808740796866,2.09385435210615,0.562814690641715,0.504452236660865,0.51197457942394,1.1417552674775,-0.814046482163273,-0.356928785994702
"ind_129",3.18162502351523,3.15016688454927,1.89088947895421,2.13691927612754,2.45186953504793,2.07623249496977,0.570963111155985,0.501475405596688,0.508242977949059,1.18214774489057,-0.791795854619342,-0.340197972282775
"ind_129",3.19483807849243,3.13112901257576,1.87631629812822,2.12755071542727,2.45070979014992,2.10870369403984,0.562817564500492,0.501274593978392,0.493271218902389,1.13910522305548,-0.762274327826511,-0.315936098952575
"ind_129",3.17147216840793,3.13974571258086,1.88016055368969,2.14016611082595,2.45562233605544,2.08157351264012,0.574543223247896,0.500109387051901,0.477997618013506,1.18039169666065,-0.821758624239432,-0.349011499809161
"ind_129",3.19736268621353,3.1625117401199,1.94524976512274,2.1329834841699,2.44178223241913,2.08105773280948,0.564634401868202,0.504089086128083,0.505211413181701,1.12535697863363,-0.774753143027386,-0.340123790378535
"ind_129",3.15028481424638,3.16839337608089,1.90080293484717,2.13092612504638,2.44793386060836,2.10389066500977,0.564330483627659,0.506322129978524,0.507794399674567,1.14891395853333,-0.703382104090957,-0.342007088103227
"ind_130",3.0122643360067,3.29977182107174,2.07157353497296,2.12569708717318,2.44421797745044,2.34625002456538,0.538259776494405,0.525875208569494,0.36279393323563,1.03364749309408,-0.672267543283178,-0.370833134162834
"ind_130",3.00385399056386,3.3838679057396,2.05451874696443,2.12834041404924,2.45370539298722,2.31736485244643,0.529773263079327,0.528411157881372,0.400911660236123,1.05417906939032,-0.695045565416892,-0.393476652595053
"ind_130",2.96432221776084,3.33037074224212,2.05160418307037,2.12910738081134,2.44694512076648,2.29222739170845,0.528746420678929,0.528120784807809,0.349872822039283,1.04236816962566,-0.677685759288403,-0.379651246483419
"ind_130",2.92173797428132,3.29764663524207,2.00239094801901,2.1291463765558,2.43786031787872,2.28084882208808,0.535763831772937,0.52247758755538,0.388112528909734,1.11077628645276,-0.699790729236268,-0.394816507300066
"ind_130",2.981666902306,3.32443928206644,2.07708284797769,2.12514116382629,2.44829163306943,2.33074950770692,0.529860599386412,0.525913007054755,0.376135360407562,1.04211992066451,-0.706470830749658,-0.381200922766914
"ind_130",3.01702834821141,3.3029520691806,2.02660955839088,2.12947132023593,2.45414261704538,2.28957156451039,0.52690248876633,0.519843403547554,0.385647548466355,1.0312852810294,-0.707537495182295,-0.378706593824504
"ind_130",2.92908009900843,3.26945935457131,2.05078552780103,2.12963152127851,2.44279353804351,2.30785291447467,0.514468403093462,0.527529800503439,0.389406796135129,0.955845070349016,-0.699947559711648,-0.39681412409265
"ind_130",3.02143096693792,3.28827836274706,2.10421960098437,2.13170231889492,2.44667004460234,2.32910411090973,0.522399354402003,0.525174365087162,0.368279884427099,1.04119693460692,-0.702511833150575,-0.376933118086787
"ind_130",2.99515390871147,3.29726409895195,2.07882472760141,2.12473978258035,2.44748660481506,2.31880262203217,0.538234494697947,0.522542193904367,0.399688214234424,1.05109537776206,-0.661155253298994,-0.38304365788264
"ind_130",3.04418433244477,3.30284290193413,2.05134268210306,2.13560766662272,2.44046312485697,2.29624785811791,0.524915391915031,0.521711354723825,0.374896423324138,0.997017462479749,-0.701071054342863,-0.384530446524071
"ind_130",3.01279690325624,3.23829475932583,2.09334083516007,2.13156474174649,2.45747871057265,2.31177212620494,0.525044725912759,0.52256523187889,0.384687821674959,1.0153064546439,-0.687694418569766,-0.391826932283271
"ind_130",2.92785967678567,3.31872547882303,2.06028501889352,2.12709680110338,2.43091510865295,2.32441370647237,0.523587599738382,0.524879568421981,0.369595177907462,1.00268518982501,-0.668710749565436,-0.392169317342953
"ind_131",2.90268544052431,3.07526789104305,1.94258162102057,2.15208366273166,2.45674663032146,2.23392647110018,0.521830582844153,0.500026283901101,0.403481141863702,1.39355658559242,-0.37987278597792,-0.532859508197648
"ind_131",2.91908001554229,3.06545013668617,1.88147089203325,2.14275626926051,2.45190366649698,2.25500939388444,0.518313045704068,0.503457294006895,0.415491869307695,1.45609006366663,-0.329742814695647,-0.549206047609773
"ind_131",2.98638046643394,3.06053906279231,1.92313581612729,2.14875081660026,2.45534168860448,2.26384214923854,0.522962010767311,0.502729627634118,0.412181633902199,1.48704523729598,-0.335557494859159,-0.525562909321281
"ind_131",2.89456800495202,3.05027810741455,1.90893293597475,2.1519502387886,2.45623102099903,2.20904313441615,0.517569499321023,0.501937171199183,0.438560559566889,1.42618369213413,-0.32264935928825,-0.515249767345319
"ind_131",2.97122128977866,3.02588701936492,1.85594488904763,2.14533341343209,2.46046645542784,2.22237336122406,0.517389210199589,0.500729643614827,0.418126554934235,1.4208166175467,-0.320333915249985,-0.514988876344931
"ind_131",2.94532007828406,3.04785262962684,1.91686180728931,2.15274930018308,2.45301668363362,2.26053951365442,0.514825895446641,0.494904276546907,0.432481484125367,1.4368662520034,-0.329480982600111,-0.519707676287918
"ind_131",2.92211903988153,3.07870839784509,1.89143601701649,2.14994651133937,2.45167312162789,2.2445124144865,0.520577115674051,0.501348081921642,0.41945825279422,1.42096399022723,-0.343542000930033,-0.523747909550893
"ind_131",2.91551616953689,3.10893003892323,1.90186423833823,2.14516662057249,2.45095705603509,2.24020123273675,0.51455659875016,0.501111224267067,0.420242493366196,1.39923238606262,-0.333840552659163,-0.547128279188017
"ind_131",2.9831087734658,3.07792345439904,1.91151935766004,2.14620977812993,2.45258118908244,2.25370873995671,0.522045973533223,0.50196066303369,0.416796171459971,1.42272262052014,-0.324586891855521,-0.525172829948112
"ind_131",2.91801110476466,3.05649366089304,1.93553579154274,2.15140677842226,2.46180748197898,2.18886427171183,0.520159196671964,0.497397151281385,0.414379195954887,1.4043732854547,-0.269755224671846,-0.540851021597513
"ind_131",2.85946896053863,3.03795511183659,1.94282083234947,2.1535899009585,2.46117853362256,2.2448421847139,0.52291590519681,0.500452257653229,0.416310499166466,1.42231151017237,-0.344782758209135,-0.536417635009835
"ind_131",2.91138969343681,3.05731670861874,1.90457666373094,2.1432936313687,2.46694664719877,2.292852457155,0.519148531199685,0.50280000951299,0.407317991270729,1.42207316924576,-0.321826551654603,-0.495280819103318
"ind_131",2.9836519520994,3.08373055501863,1.8907789420377,2.15008367284914,2.44872431980775,2.23149157780883,0.520592669034112,0.502457277242207,0.395679372080844,1.37837722151816,-0.316860474383854,-0.544893209064581
"ind_132",3.08821524282804,2.98218457328777,1.97953729637849,2.14469716920724,2.45350182172822,2.26035182370316,0.576377087496043,0.50086045122856,0.501333282422775,1.06343228779073,-0.382538236716966,-0.367932441763675
"ind_132",3.23095005152168,2.98200098735594,1.98816282726254,2.14601769963421,2.45831021732809,2.28567549609693,0.579473740377738,0.501760094944297,0.451401472092581,1.08162953869996,-0.411694146182413,-0.355680835071528
"ind_132",3.19328985327712,3.00675834242176,1.9988446794537,2.14522038743847,2.45685930538884,2.22453462515687,0.579394653636666,0.497029954407344,0.468721653545452,1.0970768310812,-0.374977718856366,-0.361325692339871
"ind_132",3.20040669430577,2.98323405969731,1.93772453005909,2.13936051413692,2.44455761835195,2.2794112864898,0.585164559341888,0.496822717186938,0.471892312570206,1.11267638899872,-0.398992745474938,-0.35715714261938
"ind_132",3.15195072036351,3.02291316095709,1.99428028885778,2.14625617527223,2.44999487332153,2.25307207002807,0.577498569795352,0.49783523511776,0.481322675641568,1.07210127760936,-0.328698912417292,-0.345931211977831
"ind_132",3.17894613285277,3.00757075727987,1.92486588213677,2.14582108424959,2.44566918697687,2.28689458651033,0.57615289664607,0.496711394585001,0.490178782208646,0.965777904724584,-0.395852417700326,-0.343013080084928
"ind_132",3.1785565686897,2.95090432115031,1.97503170149108,2.14949835997134,2.44960055248342,2.25451033435778,0.57724989965445,0.501086975624942,0.481881730469035,1.02877767586413,-0.36001759414129,-0.362018450180438
"ind_132",3.20578679907464,2.99062463014526,1.94643324284397,2.15085380291921,2.46314330915652,2.25126942738332,0.582007081721487,0.49863240547443,0.438508766246987,1.0334151514254,-0.367972959917785,-0.382202873274049
"ind_132",3.20571156869703,2.9772567637362,1.99784602820796,2.14653548822661,2.45278532386951,2.29473608026082,0.577705263078384,0.49636064650683,0.490985687269392,0.99715290132603,-0.391537158287585,-0.357432437515756
"ind_132",3.1632660913134,2.94339982204645,2.02361582760849,2.14839182300059,2.45179231822817,2.2363459924287,0.582232247821922,0.499905964633451,0.467938242973227,1.0136874794437,-0.368631330593902,-0.352770773646018
"ind_132",3.2094063933325,2.99747078257651,1.96987341830771,2.14945344351921,2.46546923938658,2.24306549045879,0.581267208009981,0.48975144151581,0.477913973608837,1.0282172775911,-0.348168216671078,-0.335669320920831
"ind_132",3.2304143914789,2.98849680686359,2.0133200470653,2.1432672728803,2.45165275123947,2.24737512827696,0.579321698425052,0.494562640815768,0.494320724444947,1.07236608173063,-0.41140610325943,-0.337584821288467
"ind_132",3.29108855834717,2.97884012526892,2.04126577236702,2.14677544311893,2.45812377305658,2.26504766317102,0.576095821517228,0.497481533119926,0.467139827134422,1.05080267381818,-0.357082672121422,-0.355775704384767
"ind_133",3.07451282965782,3.15516712035842,2.18964541764098,2.14657857077578,2.43957825049503,2.10640823551005,0.556106337240891,0.506885443630576,0.554680348396594,1.35611371454144,-0.473974080574825,-0.433884609405265
"ind_133",3.05303223898471,3.21078486166767,2.14576072585849,2.14089420020616,2.43576394648617,2.11054452252162,0.56198503976281,0.502008251468591,0.5853007176716,1.32383863350915,-0.473400799109082,-0.422363403809169
"ind_133",3.13182071921136,3.19732476804031,2.13876452807184,2.14481175750717,2.43892808091763,2.15500316876824,0.559687915823839,0.500407830296228,0.559153016057971,1.34005257452703,-0.443913015116034,-0.396547648819073
"ind_133",3.06348255691419,3.17671662936077,2.13858393157804,2.13970598801227,2.43639944815429,2.12621100103195,0.550230189971681,0.505158811460916,0.575257752001445,1.28503575316097,-0.472022348997954,-0.426375293357065
"ind_133",3.13584628262535,3.21427914491882,2.15192825977266,2.13737929950273,2.44163703284681,2.12262636998626,0.55411726754396,0.502833400569643,0.593659913907238,1.34845966202126,-0.469614702486407,-0.464021813270805
"ind_133",3.13429794497564,3.21592424433787,2.16696687450193,2.13764470109094,2.43479064053544,2.1183015265133,0.553676603825298,0.501741435602321,0.543936099584197,1.3079158849427,-0.475608643979822,-0.388702308301006
"ind_133",3.12155006780938,3.13104688197611,2.15242727900992,2.13892302093681,2.44007455439002,2.10697832790795,0.55005762142759,0.503083634123463,0.568012672166785,1.32153027512804,-0.480288216312863,-0.419111240527175
"ind_133",3.12822826382228,3.18598721807776,2.13203645614669,2.14689610729433,2.44184013016851,2.15981273466629,0.554516098010756,0.50458946537853,0.555797376438174,1.33192914555492,-0.47255243286676,-0.390544325062414
"ind_133",3.08698170556847,3.16680353094373,2.19718573267434,2.13790811334586,2.44159204785507,2.13035644909702,0.554431567608457,0.504909070554576,0.566779297285883,1.37338115019088,-0.476912822545278,-0.399648852436305
"ind_133",3.12735921624563,3.14726284829652,2.17821233347424,2.13821195547595,2.43955667593348,2.11944846144733,0.55431295847662,0.503963355033572,0.572126547068696,1.32999269130977,-0.451578790664623,-0.437125730984878
"ind_133",3.13454472138187,3.15713888784125,2.12480419720194,2.13380628885164,2.43292628999837,2.09040539661242,0.55835413843784,0.499781838434643,0.550439501123553,1.33569337563217,-0.475751855323994,-0.391902931033814
"ind_133",3.06878769553106,3.15122359933518,2.12623788887691,2.13962592293035,2.44860159588149,2.09333850189135,0.548088789529186,0.502754009739866,0.560416334415841,1.2762194655851,-0.499419367443373,-0.390877867539712
"ind_133",3.08832926166333,3.18179375415866,2.14757724621457,2.13558594805842,2.43683410371581,2.11649567218101,0.54998749846973,0.503127945599721,0.563844421795847,1.3326789574368,-0.503276831893069,-0.405267049607384
"ind_134",2.79148176795313,3.03361556024628,1.73471894960161,2.15308777445012,2.49493650307403,2.0981828663982,0.548129513953861,0.495561631440953,0.409180794081912,1.01101719982665,-0.407545970232675,-0.506926829550265
"ind_134",2.86325518608254,3.02810514879644,1.73796682252394,2.15251109908105,2.48945953022184,2.1309436976087,0.552413281327339,0.487086131198911,0.415619190827634,1.00787797948578,-0.449442811942514,-0.524077300719434
"ind_134",2.89401750204781,3.02735384117055,1.76024089195921,2.15401563623608,2.48851460931943,2.07393125903509,0.55472649856745,0.488165494388576,0.41913360209503,1.03863418734363,-0.39699497521288,-0.500402761930691
"ind_134",2.81456753597525,3.04420585997334,1.76575551901906,2.16151991255028,2.48327999023084,2.11146293916635,0.546598156996394,0.489630613423359,0.416395497005591,1.02090940677708,-0.388250103471936,-0.508687825358643
"ind_134",2.90133767722211,3.00884829601493,1.74227933435476,2.16207754944849,2.48375126737576,2.06704884392947,0.555252449568944,0.495055145011683,0.431219675552559,0.997855683394625,-0.419062046688949,-0.511070060686238
"ind_134",2.79004455486943,3.01440003279639,1.79914458133792,2.15579231060818,2.4788601479977,2.07609819404664,0.545651435321431,0.494061488365805,0.422128103230569,1.03118066501641,-0.37810265263268,-0.501715346121032
"ind_134",2.80243335822504,3.00859915114109,1.76123924668447,2.16232703873735,2.49358200081205,2.10961245838495,0.54595259500344,0.490693849199559,0.425755549423002,0.992323504115728,-0.445639675001311,-0.497306933792566
"ind_134",2.82444843685642,3.04945978616981,1.755985782517,2.16099882940555,2.49007404627314,2.071032554252,0.548009886542768,0.494369896892969,0.435170490247502,1.02311994010764,-0.404201404048287,-0.498772840001562
"ind_134",2.82107343194233,3.03441246415946,1.77905968401289,2.15708113818598,2.49581006333918,2.10062397847431,0.553440960596844,0.491930968498083,0.421643695636872,1.04906539904247,-0.395066245654789,-0.521726743874216
"ind_134",2.81879576975342,2.9993713773287,1.75601374026766,2.16069644922993,2.4789817930496,2.08492498989122,0.554748418527685,0.493898603713661,0.405505284096101,0.970880473593254,-0.436192280639414,-0.516999759869322
"ind_134",2.85014223435466,3.06479125824751,1.80544304058943,2.14522356635399,2.50297232791122,2.0416601910018,0.557776796343135,0.493423569383945,0.408610712786831,1.001134982697,-0.43099074061628,-0.491152687937762
"ind_134",2.8368258903997,3.01637974242141,1.7572157417665,2.15920482112011,2.48528714637282,2.09109668391427,0.552297471374005,0.491522710688964,0.431869015893943,0.997528169584499,-0.411440786624767,-0.480102206866102
"ind_134",2.81664886672587,2.99428752383248,1.73167019384763,2.16132059581446,2.48326875548082,2.08539018978699,0.554797496317944,0.495500296470851,0.424056664057111,1.00744263573985,-0.403901846978622,-0.500178707987588
"ind_134",2.83614067190911,3.05833005179118,1.75486956489214,2.1561655804085,2.48042516578772,2.09600230976899,0.553779365933856,0.491706821465014,0.431556438587844,1.00500099794496,-0.442464576498525,-0.51189257515539
"ind_134",2.80532751963099,3.04347181535836,1.77191805970294,2.15766366244085,2.48559631480451,2.06818996172372,0.551808383010576,0.496365040698664,0.432905672581914,0.988693857708848,-0.394187077287998,-0.496919224829041
"ind_134",2.87758427653873,3.04109454047992,1.78168860428786,2.15507068692522,2.48139083483698,2.11656352485133,0.551388405777915,0.492382510195203,0.417345449403744,0.975357976615832,-0.419982253515093,-0.511755489364897
"ind_134",2.90383480379209,2.99924513731861,1.79587842594014,2.14945182429836,2.48151665591407,2.06076837708285,0.55829886925426,0.490039288533386,0.413164935238737,0.999773419814044,-0.444107579989683,-0.518899808266596
"ind_134",2.87556671560937,3.00365702135183,1.7194196429637,2.16008929397501,2.48282083297079,2.05673502217129,0.552484393870936,0.491758074464847,0.442015093752131,0.967059171611145,-0.449458809725594,-0.51885002481896
"ind_134",2.79904676618287,2.98798347899642,1.75559500853611,2.15919628139701,2.48576857723207,2.03341225561127,0.543799817853333,0.490879640372216,0.407576014984232,1.02389601290659,-0.42711847931823,-0.486850926302234
"ind_134",2.87679332101782,3.014571857957,1.80951660051285,2.16355594808233,2.48388433955715,2.11877111429172,0.54997313489539,0.489468040543144,0.408918589610267,0.977992463155998,-0.395043971790411,-0.521587315245169
"ind_134",2.77905953768786,3.01259142716277,1.78661428409444,2.17188140022957,2.49490815189965,2.0611579234067,0.544481858309867,0.491309882492161,0.437297602934248,1.0053983645613,-0.400136118747767,-0.507956797548574
"ind_135",3.35429770202887,3.08432120302504,1.98617788845014,2.12140181892161,2.4543619901468,2.48485193908639,0.572946369108136,0.516344417083378,0.470420148612177,1.33230494706528,-0.618856260697625,-0.549371905013137
"ind_135",3.24333095512634,3.0635142463802,1.95620216775823,2.12708637481379,2.44389892543774,2.50158133985111,0.5751232348658,0.516696320150826,0.448741967928268,1.34068187189091,-0.578519631611934,-0.543520353026643
"ind_135",3.24746860984326,3.05993320714598,1.98734535876186,2.120558652547,2.44984176700199,2.54372980117732,0.570055507624157,0.51570676173715,0.451976134288096,1.33529400491581,-0.590986987205617,-0.544597953179171
"ind_135",3.28462546236185,3.07814388397193,1.96745213053156,2.13620224122989,2.44124114654203,2.46187315293133,0.577161332452369,0.514792588075426,0.468059362369301,1.33702507257281,-0.620671633421373,-0.545244338302981
"ind_135",3.3346380098449,3.12618088699764,2.01043084017364,2.12321027407497,2.44804002480252,2.45033133764625,0.579294511561913,0.51448875513977,0.478514089266329,1.32285378382308,-0.642419163049815,-0.555679343142644
"ind_135",3.19745470504173,3.04600943976958,1.99610023122043,2.13224589280579,2.45420803904424,2.46257213992763,0.579864557549396,0.517757239682962,0.473408584619557,1.32757630913949,-0.616178783019472,-0.536803718490161
"ind_135",3.32977683229251,3.12448369898462,2.01937381963422,2.12100647600147,2.44860179562354,2.42170591371125,0.568917880850425,0.514413115918548,0.468508825053306,1.3200513485522,-0.599956590184618,-0.516127047181627
"ind_135",3.23709003469238,3.02912610166137,2.00736288107409,2.12398780033307,2.4516285936104,2.42728873121113,0.569806254845718,0.516282724686229,0.484345416229073,1.30171596139564,-0.635976126351762,-0.510051923465641
"ind_135",3.29407399515499,3.09356714020264,2.02945288273224,2.1126804602962,2.44579997183891,2.45377809575474,0.580837069257764,0.514459670815718,0.463691006525723,1.30674903098225,-0.632680234553579,-0.542546711017297
"ind_135",3.295286473603,3.06624435875105,1.96813417369259,2.11210670983721,2.44071860200263,2.48375988668213,0.576122950544539,0.515984242679242,0.471215304874204,1.31471136490855,-0.580906592733639,-0.540819636136245
"ind_135",3.33556999978767,3.08291196853346,2.00505020288416,2.1203520843611,2.4527509688111,2.49558335902918,0.569641568245569,0.514595711173387,0.46335849325281,1.28588940913253,-0.618959642127447,-0.528625906059643
"ind_135",3.25964805401511,3.11172694984184,1.97829413977137,2.12169404679407,2.45287611498515,2.45752143236063,0.573443468022075,0.513886815096738,0.466190207251266,1.29805223311046,-0.593783635690733,-0.509917322593182
"ind_135",3.25031320599496,3.05267465886164,2.00775257012727,2.12956389000586,2.45513480293367,2.45755729405771,0.572110521562876,0.51426779287844,0.471923936967718,1.31340544425526,-0.635220977958312,-0.535249102959595
"ind_135",3.2651935299138,3.08679216836001,2.02145239971564,2.12628901695203,2.45841201847192,2.45834451350671,0.578565685646875,0.51110312427289,0.449311366916576,1.31453487898545,-0.617892683544999,-0.562950230345339
"ind_135",3.28513788120066,3.0717203690461,2.02470103015012,2.12112203867491,2.44762223072292,2.46032761328259,0.572123010059432,0.515287568678199,0.459381429935385,1.33826271607519,-0.64596029239047,-0.528518451643353
"ind_135",3.28498231737244,3.12160969617247,2.00969866461554,2.11066684809671,2.44749815942682,2.47836438518424,0.575222749038595,0.511974810253385,0.487727236898553,1.3281652797382,-0.58178188371717,-0.527585158823681
"ind_135",3.33885144262892,3.12161519257203,1.9835104603522,2.1240309043562,2.45902393707748,2.40836271358286,0.569974966116986,0.515416853900509,0.472069817155305,1.29381326647744,-0.626320534646568,-0.520403963323557
"ind_135",3.27078536541095,3.10913433770308,1.92531214082962,2.12534559758049,2.4428522344938,2.44265253808632,0.574374222744771,0.519384233874772,0.446734490393313,1.3244792589291,-0.613115578850846,-0.532251043232369
"ind_135",3.32959478784278,3.08738436047104,1.98323004229639,2.11574301406073,2.44428074774574,2.45912595851893,0.581329524509079,0.51143572986995,0.477983072413864,1.2958714355336,-0.635314338712138,-0.549021148319661
"ind_135",3.38180482413106,3.09735798487937,1.99072332276222,2.11611167171875,2.45223553702407,2.51071023080156,0.571653486605997,0.513035000269394,0.4767924319274,1.36145816013463,-0.606239117396861,-0.539632402830892
"ind_135",3.32022446659479,3.08528658760626,1.98858658856479,2.11720122342497,2.46376933007445,2.41733299250869,0.587732298426136,0.516828632901266,0.478430025206511,1.24512717251365,-0.60120605740849,-0.529988520544413
"ind_135",3.27987787149243,3.0719421301425,1.98277919424851,2.13622717191604,2.43842705854614,2.44915011317338,0.571177834868765,0.51505816547983,0.4781680159745,1.31058462323589,-0.587447264793998,-0.562843590027251
"ind_135",3.29772863806402,3.08462752112676,2.00082469550173,2.12366170056957,2.44924755387846,2.44882275215822,0.57208559756783,0.515886576143079,0.463566806263214,1.29321028429862,-0.602268111761536,-0.542506192406242
"ind_135",3.34678823348506,3.09450648354227,1.98371345863248,2.12340086431983,2.44261548574213,2.46536689658098,0.5711625499033,0.516023434451363,0.482965434483277,1.31943685000829,-0.619013167361891,-0.522934230781124
"ind_135",3.29655537686583,3.06534241881946,1.98829734565636,2.1138931707412,2.45027397448836,2.42943774463589,0.570680765778579,0.513556980569356,0.485788671135014,1.29573084894919,-0.617639794323685,-0.533890180393482
"ind_135",3.36765631598411,3.08984203660842,2.00320975128763,2.13334787578293,2.44485833353094,2.48018875914161,0.582946827734435,0.513235786589001,0.477873011087461,1.29210184272523,-0.609967455291161,-0.538695617046135
"ind_135",3.27460559282869,3.04867257855108,1.97434231987814,2.12976895278048,2.45037164241178,2.4272809395925,0.572385411034228,0.515653160039866,0.4879527837366,1.30123095629027,-0.559340365276495,-0.526797221778229
"ind_135",3.36387281328922,3.12059547068373,1.99392752311007,2.11464289503053,2.44878558278083,2.44765959953751,0.576259911178549,0.515228873933104,0.457567995984541,1.35456462675081,-0.607151444832066,-0.532686511536972
"ind_135",3.30480442182394,3.07475525240667,1.96536624348467,2.12013454945877,2.44707450702113,2.44767184790238,0.575360856293201,0.513690643695898,0.487283968822157,1.27518191491821,-0.603638842176144,-0.518975831207107
"ind_136",2.99614067844533,2.93192030986909,2.17861880042699,2.20701201828075,2.42733940869371,2.17590666744087,0.505777107614094,0.516503043357654,0.583222579741996,0.981625582261302,-0.461001841044083,-0.338767581859309
"ind_136",3.04011945717353,2.99335154679337,2.1680132475229,2.19711538837136,2.41674026737109,2.184305948102,0.502548898699561,0.511490364745483,0.576037684625479,1.0116652621723,-0.46498057892865,-0.364646687030714
"ind_136",3.1025823057717,2.96343281693689,2.15364715865732,2.19746650759617,2.42458820742496,2.18312439864964,0.498268320362568,0.510675044398711,0.568318744340263,1.03078466124905,-0.499274930532472,-0.344168552357068
"ind_136",3.14119340889651,2.94639864805673,2.1496026764994,2.20073246537531,2.42707754335132,2.11130225097223,0.514192022378621,0.513177727935125,0.579497530199914,0.968441722203508,-0.484975849454692,-0.343368540640324
"ind_136",3.03452531741902,2.91703272316663,2.1590853872746,2.19539729573472,2.41723912357254,2.13469319948036,0.509133856442619,0.511042799923013,0.557410273191051,0.981262285566401,-0.498525957502144,-0.359666540909389
"ind_136",3.08741954466572,2.9692856670846,2.15647804797839,2.19882383445006,2.42656677519471,2.13087279801511,0.506307954213194,0.516410659441825,0.558635737129465,0.978705939734561,-0.508801514372598,-0.348694002338072
"ind_136",3.06472556132715,2.94557965714445,2.19550539466581,2.19488657131357,2.42518077173252,2.11922055610087,0.518263641534875,0.514657453816375,0.578419438797735,1.02452400725698,-0.507551664300294,-0.352389291030745
"ind_136",3.07232127925719,2.94675286976944,2.13230886184861,2.18831061181223,2.42310521265189,2.14124899799624,0.502247956016051,0.514620520438783,0.589818974450725,1.03231435089403,-0.490079926273204,-0.355192026049827
"ind_136",3.09149441528377,2.9653006858233,2.17483887587698,2.19666048759691,2.42234422329564,2.16936685909616,0.509019286694828,0.516161357269174,0.553968340000037,1.00342968352591,-0.486978017327009,-0.342588101341466
"ind_136",3.05822765834392,2.94228306043677,2.160698931407,2.20760612981852,2.42320811098764,2.15896397484745,0.510201162218577,0.51179660224417,0.581048967558278,1.04688490906401,-0.500344033126864,-0.336466192874323
"ind_136",3.1376261544653,2.9427095862236,2.13208141052576,2.19285790736279,2.42081821685049,2.14156032802575,0.498051132808586,0.510619473729783,0.564041595894395,0.977421923150698,-0.469818191540221,-0.33434984979046
"ind_136",3.04555072643633,2.94943592448101,2.22561974637922,2.19012443809444,2.42910220821759,2.16087153641038,0.49801320226826,0.511400168860009,0.585189176766394,1.00424986814052,-0.50605277824409,-0.367435717881419
"ind_136",3.10651100935478,2.95117940217278,2.18943651722239,2.20526931632333,2.43541468089829,2.17605714510749,0.503869396015231,0.512915155366188,0.578558628311998,0.995085285900871,-0.469479544403776,-0.356956786442669
"ind_136",3.128149744895,2.90079334978103,2.11312729882199,2.19460806407213,2.42010438190736,2.13051361953489,0.510361927650683,0.511703388668165,0.572235112337113,0.94197039358232,-0.500480252291228,-0.349947478788975
"ind_136",3.09337991871442,2.92856642309185,2.16789667814149,2.19541022123774,2.43085168360192,2.17904085953784,0.503031320261509,0.5117823850567,0.591131629928208,0.974749272646374,-0.471454594653857,-0.36294971402777
"ind_136",3.05731981238834,2.93112561542371,2.15698131410978,2.18893011285674,2.4226838196462,2.12098390713369,0.511790350108483,0.513862083575992,0.564660924266406,1.01654724096324,-0.510552366704103,-0.350228670067949
"ind_136",3.06247551248586,2.95107911644983,2.17224733078055,2.19807747032123,2.42495836205982,2.1738785050361,0.513754172183723,0.512671475679739,0.568608013437885,0.983098270982387,-0.465886884470179,-0.338380591825572
"ind_136",3.01096491351759,2.96623910466193,2.142444474037,2.20241124692703,2.43206005040151,2.1415236765773,0.498676035051882,0.51540595718828,0.582859247148887,1.04426289849469,-0.435342781671041,-0.36873326938552
"ind_136",3.03925016034299,2.93344217103795,2.15123138598691,2.19278233107381,2.42451897150559,2.15977227315987,0.508232004116479,0.51092823769415,0.554846675627981,1.01030165873936,-0.496785967243079,-0.338281301105792
"ind_136",3.08038084860803,2.93298935475205,2.12614837401171,2.19406116090215,2.42695643386199,2.15549460000413,0.499802949908751,0.51474152261825,0.573975707788854,0.974175066261577,-0.546069672023506,-0.349129063258646
"ind_136",3.06472666662697,2.95969471788873,2.18816329406766,2.18432960589286,2.43614416612506,2.12851700389582,0.503124456746151,0.51139860120979,0.58742381630076,1.02205685837375,-0.426415208649651,-0.348955541237313
"ind_136",3.1371300765082,2.94022610200745,2.19836945494778,2.19764911128234,2.42690194202543,2.17630121340313,0.506663871358304,0.509675254391781,0.592141854239507,1.00891704776422,-0.474600912773568,-0.345676687906899
"ind_136",3.09082496254354,2.89544322913113,2.11928265829613,2.20319706375473,2.43110922695351,2.18682290038218,0.509726457134818,0.512228994039909,0.591988561279678,1.00282916280863,-0.468374980055931,-0.339154546668593
"ind_136",3.02616550037474,2.91219006907258,2.18448411097939,2.19187806720591,2.42597171570561,2.17442826578422,0.507121623385803,0.512901126627381,0.573696839452724,1.00072857688961,-0.430429446264631,-0.343898178173089
"ind_136",3.03885460767016,2.95075377812372,2.1556630356281,2.19497335128055,2.43408041526233,2.17962810105185,0.497677439495188,0.511898061072755,0.568271445352911,0.982575311398663,-0.525383583706753,-0.33163544721386
"ind_136",3.06426538514636,2.97824212041067,2.15729209284256,2.20142928809008,2.42567327329797,2.18728070861946,0.500263325089582,0.509349850074101,0.596861854582881,0.962419419190557,-0.4811716316728,-0.341710613808032
"ind_136",3.14997148778124,2.88320114217767,2.1375160330285,2.20050289546392,2.42404063344432,2.12160596802921,0.509637672450225,0.507111138058931,0.581051582881872,0.99874546085742,-0.492450947886452,-0.358684082544378
"ind_136",3.0550524697645,2.95322804690758,2.2114685837839,2.19921067953878,2.42091732165672,2.18444100858036,0.495358763966573,0.511015943995759,0.550620966404944,0.994021827809687,-0.517753654510438,-0.357078653914984
"ind_136",3.0804531993745,2.97185151936686,2.15809148846459,2.20554720626773,2.42346929042623,2.14589851876743,0.505142999808967,0.508374766292622,0.579239002603581,0.980013529621069,-0.48019889284023,-0.341835484860111
"ind_136",3.09885404111945,2.88491784881308,2.20367709980375,2.19513808306112,2.42360054740219,2.1423881409008,0.502175735586868,0.511123940736239,0.560980005783633,0.95791131984317,-0.492003407788301,-0.342932307413392
"ind_136",3.07640969650372,2.91479703029208,2.2319161529782,2.20189574967929,2.4267582532311,2.12200605752196,0.508854780244027,0.514921149906519,0.549306148919508,0.996489240609306,-0.508852321048006,-0.344236438536659
"ind_136",3.09389605553354,2.95455132802792,2.19334293902843,2.19510921436736,2.42683657066962,2.13393363154933,0.516281705669045,0.515093663348431,0.571983539399662,0.974469422693201,-0.445206236185919,-0.354073891106863
"ind_136",3.0620982095683,2.92609579091459,2.18151536713874,2.20265140540984,2.41829055756763,2.20649025814135,0.510173180076129,0.510788362436903,0.556314353806864,0.979054124689411,-0.480375446306531,-0.365288311252617
"ind_136",3.09721256673112,2.91032675087388,2.15689623487941,2.19392516542735,2.44064861730744,2.1476618373368,0.503536470715021,0.511511575544995,0.573434672488683,1.00752431928559,-0.467367054516603,-0.363584884422329
"ind_136",3.10521879408977,2.94095347656156,2.15580766209354,2.19355655513226,2.42548458402456,2.15667013923753,0.498558521090642,0.515682918629659,0.559967550560244,1.01321721885976,-0.458434831783402,-0.355380568765989
"ind_136",3.05010215644959,2.95969185898443,2.15295774536365,2.2016246435641,2.42369290543421,2.17255979058194,0.506349209254501,0.509280870242607,0.583631204314795,1.01084449344272,-0.546114254685778,-0.343199468656145
"ind_136",3.09385008867719,2.96019853424267,2.17090139414473,2.19731037279469,2.43493572925132,2.17266493584948,0.508560773353224,0.508955053090389,0.58513078745359,1.00172613212241,-0.490149673068269,-0.352749347926574
"ind_136",3.05061930864764,2.94357881360242,2.16591662302569,2.19500623696417,2.41783152013621,2.16880938840925,0.514120676055008,0.509894186953198,0.586539610671717,1.00769086030816,-0.489772098014325,-0.350307385949539
"ind_136",3.02615213324997,2.91486734786156,2.22445862554312,2.18731855475991,2.42527528793564,2.14830122361109,0.506858576243104,0.510733382924571,0.580984300519316,1.02075116216724,-0.488479307072833,-0.376069760530273
"ind_136",3.05011519577939,2.91693899327249,2.17819303098605,2.18945247357969,2.42430282071587,2.16330334683422,0.505563652679211,0.5172255701829,0.564741086453364,1.00652920013643,-0.474849388672524,-0.382942086972579
"ind_136",3.05737934859975,2.94868448398551,2.11682894540123,2.19459387427247,2.41929475346948,2.18239496476531,0.511190540954255,0.512202760360654,0.577647273327781,1.01710858242444,-0.468698312647369,-0.339302669344853
"ind_136",3.02779917750629,2.94147491310862,2.17623341462187,2.19348831549792,2.42947318942055,2.18178011109557,0.508332963719628,0.51189884525919,0.589857521647595,1.04264841856943,-0.456581208273824,-0.35358314724309
"ind_136",3.03313659865875,2.93551949959878,2.15595784698863,2.19352062638194,2.41560250482572,2.15617226945933,0.506237728977816,0.511834021771459,0.567886784299022,0.98330524822254,-0.46898401227349,-0.374620504141652
"ind_136",3.12303171703791,2.97369168345577,2.19067933633827,2.19832480584484,2.42378863216575,2.18437010652631,0.506641713331557,0.513256496602177,0.584155618637845,1.0127657361168,-0.500308481146363,-0.36735684276064
"ind_136",3.11579268343251,2.92769211243647,2.15789028385948,2.18381362248426,2.42213303838245,2.13740506687298,0.498857184491183,0.508590807036052,0.575197648182266,1.05510715685128,-0.492789128484496,-0.350342488656238
"ind_136",3.00362452648355,2.96614215385109,2.18050129633696,2.19379792876275,2.43279623319539,2.18303807452855,0.50555873547301,0.510354867032418,0.550878411213274,0.962251133749374,-0.511581856270465,-0.33309813840664
"ind_136",3.03998238447076,2.97710015951065,2.19121423275625,2.19344534448563,2.4320060572593,2.171229378025,0.508371371225439,0.509809628028148,0.55928170618268,0.967165719986584,-0.468770571976988,-0.364553364617708
"ind_136",3.07017472923743,2.92263283578243,2.20066971199709,2.20253656553322,2.42810357717444,2.1375722695701,0.504613123791027,0.510575141892268,0.555982910426974,1.00469316054067,-0.490783516663928,-0.341337593951994
"ind_136",3.04239016651455,2.9482950658644,2.15680444969158,2.20520790866295,2.43222008823955,2.20192684657721,0.50966376588993,0.517945084195253,0.564263796806153,0.977741815685584,-0.45425225457975,-0.379513158493446
"ind_136",3.01682279598386,2.94684785111779,2.21934258852753,2.20354920308319,2.42471338057615,2.15910710801435,0.498677948577259,0.512258604170836,0.578123439085996,0.995948636070213,-0.507644509790616,-0.371090385344192
"ind_136",3.03084960725435,2.93793462479786,2.17772210350252,2.19123292492224,2.43029570305684,2.16547763563258,0.506210152676029,0.512380485021614,0.575306978438556,1.04444492907923,-0.440547168206027,-0.336320033655891
"ind_136",3.08695678822946,2.92339232880717,2.13851464214475,2.19754687510708,2.43236369890709,2.1754457272008,0.512022593332595,0.510822290721651,0.550542617481945,0.948928830193014,-0.502074142022001,-0.367155986582852
"ind_136",2.94745193414769,2.9429333955889,2.15447682398843,2.19628745762056,2.42948268573774,2.14651139153894,0.498958598718102,0.507560075667822,0.568941828472957,0.995251003684287,-0.495689143897241,-0.333332014072995
"ind_136",3.13296124075901,2.94677289822746,2.12875737359659,2.20310705216977,2.42938192757091,2.17022242366046,0.511246219028546,0.510860481790794,0.567657092808275,1.00902817483812,-0.496730792876804,-0.33249541672183
"ind_136",3.05710180128754,2.92561595642509,2.18784250213663,2.20882275438204,2.43611254686744,2.12359649058457,0.505325535862898,0.516935905230356,0.555732373087277,1.01850726988692,-0.471163485311327,-0.353395252275482
"ind_136",3.10586195360662,2.9483016130846,2.21633331836201,2.20058202657221,2.42078276852826,2.19069434938698,0.498355924947757,0.511869272528739,0.563131197590871,0.984096231310275,-0.511922810010895,-0.336124058935384
