"filename","s1_maxfreq","s2_maxfreq","s1_minfreq","s2_minfreq","s1_peakfreq","s2_peakfreq","s1_specentropy","s2_specentropy","s1_maxslope","s2_maxslope","s1_minslope","s2_minslope"
"ind_1",3.01280125312681,2.88414914769011,1.95417962975137,2.19622694939036,2.45719384082804,2.28099618891453,0.538312911881096,0.518339452247273,0.305226748657319,1.05732154879946,-0.434360777774377,-0.442140634464405
"ind_2",3.32672171769211,2.97447752770706,2.14476131175295,2.16154604750683,2.43415606813144,2.60056372283153,0.563804012969336,0.489663016020569,0.343170570244046,0.983019916167545,-0.544088538086598,-0.495907754597835
"ind_3",3.09490426315325,2.97925902013945,1.93384301045123,2.17949773612381,2.41205112246403,2.35130310363362,0.565491301752493,0.52107602438796,0.35113259054849,1.39836323917075,-0.400589354375557,-0.448918651640585
"ind_4",3.09054452705702,3.21371893124,2.07538224923185,2.14082275411464,2.45822684146177,2.40574235606822,0.549878530125122,0.494298631822433,0.319932757428293,1.14712771637649,-0.466766540133016,-0.544300011874001
"ind_5",3.19549946014543,3.0624013253713,2.11905845001519,2.16585034076198,2.47478742834965,2.27890426920673,0.586269582498711,0.523961324764334,0.348545868344629,1.25169796206123,-0.594311134769822,-0.463472678712713
"ind_6",3.26447839432767,3.03989902277219,1.95529048763803,2.18910875110928,2.46894994319282,2.34937243444986,0.570548717170636,0.50909023325676,0.454469247971948,1.38225399609655,-0.561966161989954,-0.363670769105429
"ind_7",3.43674531633768,2.95238445554626,1.9864252146096,2.19191458740922,2.41289646187882,2.34712104993395,0.52529762306375,0.514549577042721,0.440060047451344,1.20260180320777,-0.256341445565588,-0.438672647269574
"ind_8",3.09441727644199,2.9932979160175,2.10468725053531,2.18556884237808,2.51612797860581,2.15928820259289,0.542724818144023,0.514641604365347,0.28626583247876,1.38710337340034,-0.683672033990976,-0.449723199010247
"ind_9",3.64364981515041,3.0978833333605,2.08829244750545,2.18096129094354,2.45802625420095,2.20897988859222,0.515445270255239,0.484257554800755,0.333652831051699,1.02262623013378,-0.414459559076184,-0.291816512072037
"ind_10",3.27187399445543,3.05196332386653,2.04138443915108,2.20159818259547,2.49204137742714,2.38822367853048,0.533213483476838,0.508927807606962,0.35474685490676,1.28721264935771,-0.169164520556346,-0.345879681955171
"ind_11",2.91671640621286,3.02283342787065,2.03229307363342,2.16861113863837,2.43023899059175,2.45652993143773,0.521789053734375,0.527180292551844,0.373461269948112,1.37111080795747,-0.388600570249591,-0.109612077617746
"ind_12",2.83056110377973,2.88363196786258,2.08290774807831,2.21004719722517,2.42965532775802,2.4938638182105,0.572111551547002,0.494360380837547,0.365937470472207,1.14918170628667,-0.470378209041396,-0.312279300334751
"ind_13",3.01284514534429,3.11988328300993,2.03750097367232,2.20324365042377,2.441715918449,2.33853331060885,0.582106683842009,0.494345224266407,0.426713619418747,1.1375109929491,-0.426835286373205,-0.377529690211235
"ind_14",3.34558207098932,2.89009539423729,1.86202445220106,2.19603658207884,2.50355126499273,2.11131021211376,0.551038874069495,0.520474053609762,0.32427110838148,1.1041553001405,-0.570679892326904,-0.33920141936978
"ind_15",3.12404494643214,3.184282068461,1.77039153557154,2.20365745660873,2.46077104388377,2.33773547016701,0.546357665945041,0.522064834653877,0.503211543157902,1.20359352192869,-0.387212554102276,-0.391328531392142
"ind_16",3.15332401024342,3.13515752517528,1.88803358420761,2.16701433054945,2.42855337541479,2.40394865909708,0.579547969870083,0.50785268321622,0.434198131412886,1.27557514426781,-0.561885155397103,-0.31623306575988
"ind_16",3.17741335795612,3.15246692025016,1.87828388658455,2.16175872050593,2.42746653793952,2.3775658393574,0.576508534541592,0.510806688307793,0.436704326804763,1.25575687524275,-0.550694881052813,-0.324204635586151
"ind_17",2.90737678248408,3.1769940737697,2.14998792958525,2.16968390371767,2.44347646735937,2.21813087872535,0.572705477435006,0.518437617124556,0.505443358260574,1.54376783402327,-0.549965397146099,-0.455124556730062
"ind_17",2.86805129728119,3.20376932124185,2.04139566854438,2.17496791412379,2.4248778334198,2.2491234740132,0.567120314500514,0.518367697508983,0.513723169674974,1.57494230656933,-0.55460362581088,-0.480248896881089
"ind_18",3.12884862829488,3.13230908042525,2.06200903289402,2.15324655348117,2.43835868567345,2.44403260555449,0.553958367142699,0.481358004965277,0.402842610471079,1.22552597909994,-0.358400215788417,-0.423487759917499
"ind_18",3.1138635075619,3.09427886964402,2.04577403515823,2.14285284853837,2.43153748737707,2.52683655225839,0.557385441477087,0.482145988204412,0.400368970844632,1.19466289369959,-0.371387709655286,-0.443297558059151
"ind_19",3.21171671004009,2.98780679800693,2.08100182981718,2.18987073203994,2.52995378353555,2.2737243419359,0.537556808634055,0.493801062627691,0.367169266876488,1.36371059158475,-0.544680314188722,-0.335168898481575
"ind_19",3.27115353994593,2.97725746875779,1.95227627635052,2.18481533982618,2.52565090312054,2.30050372374046,0.544909643195745,0.494285062550653,0.363265646707586,1.43324634877351,-0.51900221376169,-0.347978314018291
"ind_20",3.29581088703801,3.17352209570931,2.07697328463872,2.19557898712742,2.49561566229383,2.3574281221698,0.519514193418318,0.518403939066886,0.451677492866651,1.33137239896151,-0.301734548381861,-0.432841117373523
"ind_20",3.41689122781055,3.22757948836828,2.0721552421278,2.19118487681829,2.4924318157562,2.31032373310573,0.521356361054329,0.516333815533023,0.458983104121266,1.27323745362911,-0.357399616951082,-0.444144003904591
"ind_21",3.32791849584522,3.01413973841479,2.11449796801326,2.15362892399472,2.46573957340618,2.20001807122703,0.518286636729549,0.513767628458559,0.327934681102498,1.01220353705508,-0.541734624679156,-0.442573680713646
"ind_21",3.31807576013668,3.01989354798397,2.12839708995016,2.14447506637926,2.46803978209573,2.2193954361931,0.528247000538298,0.511442763044226,0.339502942961184,0.940073325826415,-0.479426955689623,-0.407741796327258
"ind_22",3.10154812716534,2.99456134638983,2.10133529062178,2.1839415824403,2.42578610394878,2.51758284663377,0.572679951821524,0.498233667408868,0.476921490999725,1.32595464296985,-0.468998451053473,-0.368110034548714
"ind_22",3.02994882460829,3.01382603560889,2.07411910099131,2.19119468502876,2.42176265377938,2.50868459474233,0.570766267529556,0.49772206801647,0.453052741711415,1.3410259668772,-0.471527464061487,-0.3725512949526
"ind_23",3.17717872760645,3.29310393089208,2.00432862697286,2.17028964327584,2.42692847930585,2.52400982752553,0.568030674568136,0.510890783261579,0.318889414973755,1.24090377922456,-0.561820545059365,-0.321964489741557
"ind_23",3.17654605095203,3.23977973652171,1.95811224413852,2.16445131284101,2.43534505683096,2.5073470499037,0.567885150748546,0.510368328711185,0.323870469790392,1.26810020310344,-0.547479100784432,-0.306340613569829
"ind_24",3.43668098526597,3.03220489129624,1.85256125670974,2.18384650629688,2.43701166999213,2.26357980723814,0.540903969410456,0.496156032355866,0.443640702309188,1.02696502060029,-0.418692483557602,-0.512185960044415
"ind_24",3.44932548218382,3.04569947260637,1.91542688128335,2.16896534356457,2.44851480858567,2.25084848640871,0.549820700692458,0.490365347366179,0.429223862455441,1.01651482163385,-0.414581166807225,-0.496502316349034
"ind_25",3.42636358865914,3.02421302589484,2.05932681290987,2.18799876590065,2.41589265138055,2.27791371614754,0.553091430642274,0.50184350705313,0.459293923553946,1.46161100748801,-0.554156029035702,-0.426985401318691
"ind_25",3.36296438612911,3.01061836663868,1.98864638110598,2.19254099734864,2.43028260854703,2.23759366894346,0.557914032677227,0.494308692801609,0.454613961073319,1.43886421015597,-0.551023588210628,-0.411299938890437
"ind_25",3.42479440972405,3.02748481652638,2.04572862504099,2.1850692966027,2.42031612954909,2.28532513280608,0.556815971855075,0.501335065300969,0.462453618310356,1.48203731001284,-0.556455136189412,-0.43362282417564
"ind_26",3.53079610621147,2.85736038218802,2.15153260345013,2.17191233715948,2.43938143632807,2.39535141337397,0.601591949097604,0.484961345964094,0.39408189712942,1.00920933538426,-0.493066426357977,-0.492703820604242
"ind_26",3.54759618177791,2.8744133418909,2.19602854466771,2.16471707039385,2.43164704234201,2.41280499472309,0.600883424865992,0.48253307931689,0.408359844264842,0.944384093356018,-0.476973815218861,-0.479433484401488
"ind_26",3.6146957377105,2.86544435296131,2.11553937853445,2.17159341541468,2.43487701157144,2.43461014085645,0.595535083899695,0.487629169854197,0.432386710952283,0.960350576490096,-0.513502585897728,-0.472159984095319
"ind_27",2.89638029187202,3.12596495370061,1.80265181928659,2.22065381420148,2.50804877916758,2.34491423458309,0.580862472406278,0.522540961039538,0.43976350372147,1.34019305142682,-0.512580627492253,-0.329225891392492
"ind_27",2.86626126493919,3.11568975179128,1.8000079701544,2.21866648374682,2.51453315598061,2.31077381894672,0.583926026581236,0.524746454692333,0.474209509433581,1.30316348863824,-0.506788292925593,-0.350141548073025
"ind_27",2.86186313192475,3.07629147131018,1.78700045270464,2.21230116298924,2.50850152061119,2.34795503085613,0.57921687897962,0.520793397089176,0.455381911807126,1.36649775806791,-0.517024316118025,-0.369290674124661
"ind_28",2.84033765633757,2.98115099503442,1.77098123867678,2.13930265251358,2.4491799135331,2.41615173593364,0.56631601322534,0.530047129744149,0.433236783791933,1.4422494491388,-0.438166863599371,-0.396903795648237
"ind_28",2.8517552189012,2.96210818619254,1.79110626640679,2.1379941178982,2.4654731668634,2.46949619283135,0.560800235521695,0.530102838232264,0.418175758120359,1.40849689262484,-0.482108552960545,-0.401733219342813
"ind_28",2.86668823215874,2.96386201537863,1.80872929247903,2.14219702149303,2.4623049122665,2.46036621757066,0.55743143292058,0.524504563694296,0.4104008986247,1.41803590014229,-0.510576521989483,-0.393198986054014
"ind_29",3.30452808921677,3.01041871172913,1.93108853445301,2.19385740726554,2.42750936612625,2.2596469226356,0.518641671804353,0.520825472855451,0.492954142144685,1.30104278430768,-0.400931260925934,-0.308829414082379
"ind_29",3.28838515902743,3.00193018989243,1.87830990775042,2.19679968576023,2.4371655117018,2.28866457628429,0.525476981677889,0.521919139857433,0.484160704127853,1.2964465085505,-0.40368613109977,-0.322526885223734
"ind_29",3.28186821103729,3.09087340792895,1.89881519062771,2.18054738775041,2.4258085044371,2.2655017561628,0.514448899146976,0.517887711815276,0.499114685892183,1.24004734513174,-0.371768771094301,-0.301222121857489
"ind_30",3.60586860260446,2.88206361478689,1.88264357031903,2.17829059302171,2.44684519217135,2.25203366767267,0.525203273094641,0.507457399054152,0.380894894179292,1.16023293931232,-0.39819878187873,-0.326739025184136
"ind_30",3.56856934171587,2.92268619451468,1.8912847922045,2.17116068694819,2.43749188923138,2.26386492041783,0.531668458158891,0.507681555013302,0.377413671004814,1.11771029075298,-0.431534499367134,-0.34943334343391
"ind_30",3.58559086778585,2.90591053836566,1.87217833360693,2.1692301531761,2.44430906410669,2.26878671453023,0.531578714172232,0.508046630869528,0.40266830864436,1.08836260888726,-0.415406773406978,-0.327509478266881
"ind_31",3.04520172664371,2.93690514275795,2.01141153043266,2.15257648015251,2.44310894537338,2.2153244460794,0.546641297474662,0.494954360581698,0.315577370328176,1.33220340281045,-0.576693206616832,-0.476534705569852
"ind_31",3.00402763233571,2.88531922882573,2.05035893002893,2.14663138461763,2.44923062727974,2.23625823682916,0.545125619358563,0.491104515528533,0.276044704042884,1.32244356781434,-0.572958172582987,-0.445472632577599
"ind_31",2.91876973316999,2.90922707780672,2.04624659575321,2.14849180315239,2.43762696092752,2.27351542556458,0.548498602969603,0.493251268985357,0.287270325000365,1.38689075725875,-0.56293005481218,-0.467857969120263
"ind_32",3.09229540651971,3.10212446031318,1.99522907659277,2.22159714009558,2.48120574104545,2.27929597481136,0.549313729523586,0.485068437152822,0.390566434702783,1.19426499037521,-0.471792441944318,-0.44516081614966
"ind_32",3.09688877904383,3.1473606289099,1.99697494631584,2.22061338117231,2.47842653973006,2.3264667750659,0.558087932898349,0.484928103905436,0.372194229711569,1.14976781911268,-0.437868791124856,-0.474122145371854
"ind_32",3.02555720556632,3.14406221775458,1.99669879192941,2.22071889636924,2.471635810784,2.33339456996977,0.557015471384298,0.484520744504541,0.36708436261321,1.12158495544323,-0.444463576956692,-0.468572453678788
"ind_33",2.6662351171308,3.169418535435,2.16123856784487,2.20098134204689,2.43860684278358,2.03749261030109,0.533301064943629,0.489063122516704,0.511450037076714,1.43154049410717,-0.523162218582276,-0.360743537007283
"ind_33",2.68631322545039,3.18992247091682,2.18293130577872,2.19730322635018,2.43866427436453,2.00349209417134,0.535197236774072,0.494704178310587,0.514257351658764,1.39683416695102,-0.516587315085229,-0.35224176019205
"ind_33",2.62113654291192,3.183667556077,2.16885209390236,2.21032018959718,2.43477621414121,2.01266839369746,0.535207515753209,0.492906834266401,0.523323373911328,1.45750310899466,-0.510869947546157,-0.327069017762965
"ind_34",2.90428790838407,2.98585282547385,2.05644789841429,2.20871143702056,2.47801733067386,2.52977583297742,0.517747005355764,0.494710035137973,0.346008942015427,1.38023606501117,-0.437278564394085,-0.500360363451978
"ind_34",2.91445262905379,2.9764378693292,2.05893625760187,2.21273014953328,2.47873402561676,2.53147417024546,0.509620277348608,0.498350130731146,0.339572163491677,1.40388894178346,-0.445495528498761,-0.499551009944814
"ind_34",2.84102599296901,2.97114744339756,2.06650125078654,2.2133760118073,2.48235642760353,2.49164107934238,0.519664741309763,0.494332822495488,0.33346766672406,1.34199966941347,-0.429072133542236,-0.459126341973585
"ind_35",3.16880710368402,3.10307573361394,1.96374155442015,2.16492607354794,2.49143717030137,2.110780013348,0.595859704150614,0.495178401762478,0.476427565962221,1.36531090460991,-0.521127732769224,-0.197339400554373
"ind_35",3.18072270094533,3.11262187713261,2.01042600228245,2.15984863896441,2.48521975917356,2.08478961942815,0.605418225858261,0.493629064643692,0.465084343423326,1.39807761974397,-0.541036059632238,-0.190026666332113
"ind_35",3.13839530627948,3.08765374054948,2.0067040118026,2.16194564055716,2.47710097136264,2.10409660410523,0.597816715762118,0.495408440548446,0.479809174930919,1.37906898160447,-0.499053498018652,-0.205870180836933
"ind_36",2.9384996540313,3.14930809782706,1.9077460875412,2.17547472967614,2.48587661349553,1.91003137913532,0.569524037621598,0.511843526418939,0.399829251301761,1.12906540867223,-0.327800081531861,-0.543793719859091
"ind_36",2.94778659015234,3.13297630011604,1.86338254064001,2.16764503034285,2.48306889871723,1.87210425101282,0.56180968869759,0.513665983242606,0.401505331665827,1.08006902299102,-0.343021731212624,-0.575506133662428
"ind_36",2.9390949778061,3.1920537200451,1.93245297102177,2.17483602544296,2.48765599284669,1.91020272762039,0.557047211181109,0.513729709001766,0.398715330510169,1.08509835524187,-0.364816873292677,-0.55441950040761
"ind_37",3.37202706148677,2.99623295802209,1.9896370362254,2.18253379754933,2.44163819397073,2.25093125787676,0.538609027102893,0.514380801064527,0.422919272521615,1.14435899177803,-0.710008390487393,-0.168245979735321
"ind_37",3.37038257474631,3.01970123158772,2.01258734389376,2.16793764540156,2.43850945247947,2.28435625535602,0.544772206275057,0.511813739367013,0.41110608875974,1.13372823337757,-0.692072475240057,-0.157487288475329
"ind_37",3.32261880942742,2.99401159829639,1.97695880972588,2.16992384160228,2.44041261362653,2.24661122869288,0.538308651020947,0.509814284289477,0.406055493695495,1.15508595935239,-0.66550955972888,-0.147217509288722
"ind_38",3.25858284599853,3.05356437586485,2.04576642540961,2.1594125172319,2.45159561455822,2.29975472071008,0.549118993485994,0.521175474126104,0.249106729861175,1.31967141919039,-0.513449165034631,-0.356649937439069
"ind_38",3.33190085568291,3.06962301588106,2.05522086826928,2.16972249134655,2.44846891073065,2.31624981886351,0.545646293549402,0.520206912184554,0.253764096486179,1.31607922031168,-0.502897540621169,-0.314000955669295
"ind_38",3.23982251119724,3.09952894369325,2.0731628850344,2.16798569663017,2.45183231362806,2.31475457363339,0.546267700878801,0.515296617194864,0.268792362981329,1.30836119399215,-0.545111897189376,-0.372675677463998
"ind_39",3.31902689088865,3.15488705443922,1.656307942043,2.19157020945196,2.49890832461252,2.06293116787237,0.554355129530656,0.497470984123444,0.557643096020066,1.1014172944769,-0.552614000123558,-0.359715026447029
"ind_39",3.34365474841206,3.11814665657554,1.65296703236614,2.18245132300383,2.50386780367044,2.08607906180375,0.561630694696313,0.496401092976055,0.554803434149646,1.05848806196742,-0.551442551972956,-0.356969883205845
"ind_39",3.32078094141095,3.13145261679782,1.64862248206159,2.1948545515918,2.48574525437782,2.08283754570827,0.558896594108914,0.502324864256602,0.561207567053636,1.10431786793661,-0.574049164139746,-0.340472324974619
"ind_40",3.32154754183855,3.01645500040627,1.94621991935934,2.14581300221984,2.42322998935183,2.45096344175938,0.539470608724657,0.513043973695243,0.399721727274731,1.41617439182577,-0.530178628585959,-0.348487682461864
"ind_40",3.33672740640494,3.0093554904014,1.94236764159812,2.15375559169253,2.42064791532107,2.4373949186811,0.536814646433109,0.509983254366849,0.401489818795235,1.39011689059618,-0.575398165928512,-0.335255201812056
"ind_40",3.34407009116958,3.00464886668514,1.87730977110634,2.15022574943927,2.41856127235734,2.45100796733472,0.539695292667278,0.506579398892758,0.394610707299803,1.39318851401762,-0.562332004528719,-0.333401975800811
"ind_41",3.41464343377636,3.13174536055993,1.97305889579499,2.19553865533702,2.4673154434205,2.14627473849477,0.55832339507533,0.506099255111809,0.528581134821336,1.03667520475967,-0.617394304352759,-0.280688483778984
"ind_41",3.45832702442953,3.13329982643492,1.93604946822081,2.19718481399102,2.46501085543138,2.13651776856399,0.556121107477454,0.506611786200482,0.52455085827434,0.999567139073974,-0.654044220346061,-0.278312818966608
"ind_41",3.43370329677475,3.16371036777533,1.9051523221193,2.18925826976784,2.46853441680691,2.18885220016406,0.553985012206217,0.508421043352243,0.512541518589001,0.973719520246436,-0.614767463250625,-0.2822038777425
"ind_42",3.22523771376253,2.97696413944339,1.87870317927956,2.13127094325466,2.4613529453517,2.28094536078629,0.588777811497076,0.506452643322955,0.412198105185912,1.61228944175877,-0.412385385393245,-0.424345416021169
"ind_42",3.19497702758312,2.98620579039295,1.84724083907071,2.13691772293152,2.45888186588724,2.31308962270979,0.586150966718717,0.502789453818731,0.385339031014974,1.52388168886094,-0.363334694342448,-0.413945450332778
"ind_42",3.17008869484105,2.97051902282979,1.90954946316745,2.13175432425823,2.45659366221661,2.27297653788885,0.590950948673045,0.501644436846119,0.391084479893168,1.61686256386319,-0.413689973882673,-0.41159412599424
"ind_43",3.14342965133905,3.14653141473762,2.09581426857594,2.17780873702242,2.45795818062413,2.22487883788148,0.540799094483857,0.486307933461833,0.364086348196299,1.24281765691362,-0.507244298328188,-0.430445990414541
"ind_43",3.19937264993908,3.15155048979591,2.10728426075831,2.19256646017473,2.45774009605589,2.28794186346774,0.539369341783653,0.481885633142487,0.341871031865512,1.27340337739942,-0.543209985485867,-0.381859313108029
"ind_43",3.1931252723746,3.08935697964614,2.12542574734087,2.18154740527974,2.45669527820052,2.28019780504955,0.548315069310994,0.487608480071889,0.360874379421578,1.27367625339315,-0.524510126872485,-0.426659274867564
"ind_43",3.13303892945027,3.11341401895578,2.12411494618964,2.19034679525088,2.45772265136827,2.22367899917428,0.539513501626292,0.493287151542649,0.331912627009149,1.29975625664311,-0.563839359808847,-0.428158303332725
"ind_44",3.45907721575169,2.9999218558873,1.92499015852921,2.18608705026379,2.51464407255877,2.34453814541046,0.558402866221425,0.510723093856278,0.406666744044937,0.920281331998079,-0.285664301906085,-0.516164532003822
"ind_44",3.44128777179411,3.02149290711775,1.92069331132511,2.17853700100815,2.50480985048058,2.3955121358028,0.562704730535326,0.505952853716972,0.372367382712884,0.909314331145302,-0.287421311736109,-0.503935802130335
"ind_44",3.44081808166653,3.00284753946808,1.89017065109158,2.18261911323004,2.50187376056379,2.38314041292071,0.554916352292014,0.505642048518453,0.383184750740214,0.90177119033392,-0.299035483971988,-0.506127257580778
"ind_44",3.4493674949945,3.05295327761364,1.87672191793112,2.18533391945749,2.51049123525221,2.34388832487563,0.552465730455285,0.50498336920934,0.367840313335869,0.875942265937475,-0.324318876361582,-0.507885934012653
"ind_45",3.21346444394264,3.04819031684319,2.2520415841156,2.22558678625927,2.47425560077557,2.30287336192959,0.566271750687564,0.509980180342141,0.426387214657936,1.64280823029281,-0.316916482514533,-0.310452609804787
"ind_45",3.23520234525558,3.0597417828422,2.26951380723673,2.22158591028607,2.48097284192444,2.27834245241578,0.553553003326366,0.507121392201805,0.388919520375505,1.63958987742179,-0.323798537349292,-0.365373348250651
"ind_45",3.22329104641527,3.04682384628371,2.23223397846215,2.22038141679158,2.4827441910797,2.2721325570595,0.552089426175225,0.507311986581148,0.422882607222476,1.69183176853075,-0.335254968071982,-0.340173774379727
"ind_45",3.21205398776506,3.08835710825555,2.2478524984263,2.22047930787322,2.4855290386711,2.29153024165738,0.556452135160322,0.512332142243475,0.406302154298518,1.67510089890918,-0.328856572443519,-0.344844920098372
"ind_46",2.93239426417085,3.12190556488894,1.94598554065254,2.19517002124806,2.42428753853743,2.37138580612656,0.624858314840898,0.507582095234832,0.599885609326676,0.880977458578396,-0.616987143441661,-0.45225398473675
"ind_46",2.89588404062229,3.10659960577346,1.97614081810441,2.20177261589792,2.45161218427289,2.33535162362835,0.618775676742209,0.508774085390509,0.615328295819656,0.982566550629386,-0.636410985115447,-0.428099503310984
"ind_46",2.95464910029651,3.12908111029175,1.97867682732891,2.19280775104013,2.44118717412103,2.32204343252761,0.622250855727832,0.50970468708012,0.611241488762168,0.976405640971833,-0.599154572997587,-0.443860473814394
"ind_46",2.95390419294318,3.09270287901275,1.98194312841308,2.19825268745505,2.43586389441646,2.31902206294358,0.620113382860905,0.51552842847337,0.593486665627367,0.94238637319453,-0.619116142716556,-0.449490181114103
"ind_46",2.84589526341915,3.10496991090464,1.97472409098881,2.19839391627668,2.42949563893065,2.41301250254977,0.621621127716265,0.509692134490481,0.649150328954345,0.972031961477624,-0.632247562286051,-0.432864363654732
"ind_47",3.53658615038817,3.12429405555428,2.11761151122259,2.16393461636814,2.4192522880417,2.21792898699879,0.607843806815456,0.532362290045881,0.32677410214587,1.36225231554078,-0.577299717917236,-0.287364551646744
"ind_47",3.54698535503239,3.13316564735254,2.26205171217563,2.15450211921345,2.42249910833336,2.21561500912325,0.607871562021164,0.532227527861141,0.31149035868591,1.38476644486166,-0.585234607259645,-0.261774250761825
"ind_47",3.57835826468013,3.12857129552865,2.15608583213373,2.1528667361524,2.42201793330751,2.24949745763281,0.603419500766519,0.535112922460522,0.302143612548938,1.39545842334554,-0.56770243569494,-0.252327820697095
"ind_47",3.49335863828457,3.10060088763804,2.17581150712381,2.17066250919761,2.42269470572959,2.2155059186372,0.604083399857581,0.533147454765268,0.299136389988723,1.38027821250416,-0.549822733517006,-0.304078495631364
"ind_47",3.46651875190795,3.09500165666753,2.16175341781581,2.16013960081889,2.41951094965641,2.22041855737404,0.604753176808266,0.534976494887459,0.287005681484497,1.32961343464563,-0.549678577726126,-0.314300334570326
"ind_48",3.02922660204343,2.94371559159616,2.32043243816539,2.1835198746609,2.41659987523107,2.1737247025527,0.593227308973776,0.499397580616993,0.443195419049251,1.08902132341215,-0.366709039338321,-0.431007722524861
"ind_48",2.98587298258474,2.8821887404794,2.36004199880645,2.18285249152416,2.41152871633081,2.12872056926065,0.597890857701934,0.50232896921033,0.460138254305684,1.03902305373992,-0.435390588509426,-0.470681853667398
"ind_48",2.93234958292158,2.92554177826209,2.330934662421,2.1817074680826,2.41539102053655,2.17563921777319,0.591818251142419,0.496096097207582,0.439712617482625,1.05605715981003,-0.419358337370666,-0.442045417800606
"ind_48",2.93951367557086,2.91630918852418,2.32614023488126,2.1932921260571,2.4110478974293,2.13524146784687,0.59941609107147,0.504705859747236,0.442301785693457,1.06107614164235,-0.382057470492734,-0.439648755475107
"ind_48",2.9873961313923,2.930018404563,2.27836112277523,2.18281099835446,2.40785538921858,2.20216657294288,0.592070788036885,0.499269066444028,0.413874894693024,1.07137630683258,-0.386703049689702,-0.458609112845146
"ind_49",3.2052776836855,3.11313177204144,1.86755112396854,2.15024290906678,2.44183547322992,2.24138440905564,0.545436362310931,0.513136494704357,0.421616059778286,1.17602341862591,-0.439320234160387,-0.361712387445564
"ind_49",3.17103630502859,3.18241919417859,1.87412546039751,2.14611587269232,2.44419513050507,2.24015424866986,0.542829510270219,0.516105409627924,0.424322613507552,1.1170282558521,-0.438671248953009,-0.370229650234284
"ind_49",3.17553852450632,3.16569179481431,1.89203566893725,2.14258824183902,2.44422621847001,2.2214051661068,0.542111034170768,0.512447565836077,0.40605181598506,1.14872304277907,-0.44679303182942,-0.359117808142226
"ind_49",3.15963443761463,3.14771899716575,1.88074964051146,2.14490408866102,2.43836187674562,2.22774556110888,0.543430394272268,0.512209586716387,0.423472925270103,1.1555534336166,-0.434376607946338,-0.365802605648592
"ind_49",3.15852533771481,3.14255404764237,1.92949385636109,2.15264753891777,2.44083709552759,2.23719169982209,0.544993180170201,0.512219468311445,0.423970343014945,1.14226803910191,-0.408069960669824,-0.349210670928248
"ind_50",3.14555441218249,2.75530371522105,2.06454502483,2.14984693133322,2.46883434171777,2.33933989494958,0.566608533972262,0.513976411392573,0.33709851326775,1.33471763758526,-0.427783432661567,-0.55677036730289
"ind_50",3.16337934897605,2.7623201829298,2.10216182564457,2.15780151625451,2.46992769069912,2.3434746248118,0.567417587716263,0.516171514093159,0.337392076109609,1.28686956722554,-0.402952670697764,-0.560655302110711
"ind_50",3.05672708918233,2.77882357022261,2.09530243848346,2.16252324565484,2.46720011539113,2.33038468601982,0.562045333543275,0.514701420807678,0.345252689982143,1.30353703366149,-0.441981578662684,-0.577588591021971
"ind_50",3.18116866361627,2.71687071550329,2.04908149348264,2.15805934931158,2.45864838466167,2.3161696136303,0.569106149096166,0.516262310822185,0.359383590508375,1.3269858671881,-0.407374760947791,-0.53548762212394
"ind_50",3.14223908965482,2.7593354709912,2.10479483065862,2.15269812158138,2.45644463159288,2.33567094727888,0.567249968400231,0.518273755472766,0.359050768929706,1.32527231068315,-0.457151896181157,-0.538725503227529
"ind_51",2.71707430410499,2.88943113801264,1.81120067769515,2.15913219133385,2.41632709659407,2.63098018913586,0.579754046243574,0.508901916960129,0.497844760781657,1.22319745965386,-0.536743843955187,-0.543949235039286
"ind_51",2.72422188001523,2.90057458544352,1.84637634543407,2.15807139491826,2.4099418667405,2.64424269464817,0.575288546863552,0.513337592715728,0.447595094153964,1.23511812044518,-0.537025712187387,-0.532457787394336
"ind_51",2.76165493305985,2.8727301949653,1.91349702184485,2.15746531422279,2.41449931408454,2.60603048276966,0.582006855664717,0.508784590306542,0.477986491802265,1.23960478740518,-0.580145414625679,-0.515788280712675
"ind_51",2.70348595659787,2.9406785963946,1.86184979938354,2.16044608718246,2.42427863032647,2.62234339705419,0.578635434270348,0.510063611104562,0.473467294863803,1.22868188734893,-0.541256649125467,-0.533126589636657
"ind_51",2.74295242602521,2.9250633032389,1.85850648833762,2.14850033229158,2.42858987922541,2.60386811970617,0.581442345602356,0.504971058387288,0.468478189540272,1.22156579298131,-0.502438332254861,-0.542793119960814
"ind_52",3.29022313882243,2.8876475205132,2.24893207601765,2.19404897210359,2.46977008390122,2.24418396183393,0.52863973339306,0.522958133705595,0.411331443897966,1.08551493413489,-0.509970343617046,-0.426196990606122
"ind_52",3.28003330634677,2.90976746468436,2.28322671159208,2.18616551990708,2.46327477500059,2.2257164204017,0.528678619268774,0.522788239523392,0.446885910132977,1.03842957752701,-0.497109023846852,-0.464619148540879
"ind_52",3.32023663573333,2.91855134537641,2.21366799880146,2.19480653439585,2.46691873102219,2.22613586838409,0.515921598302948,0.527053837341074,0.424990443230582,1.06593794238079,-0.49627094796596,-0.451555614401117
"ind_52",3.24313583248322,2.94298797278846,2.21888087983768,2.18134458224139,2.4657263058165,2.24105221042213,0.51946544956028,0.525597021705182,0.416771162106463,1.05416832640423,-0.450676682755806,-0.484592841763384
"ind_52",3.34857968851775,2.90325711345717,2.29469270710804,2.18721730839973,2.45986606860531,2.2267734184087,0.515376250934575,0.527653485288815,0.412036903839063,1.11619279393217,-0.450388360583115,-0.466272581579659
"ind_53",2.87532377202374,3.04205833081105,1.84090564053728,2.17193032528897,2.4781884801453,2.34497922244122,0.540505654643469,0.503537857067672,0.291010374031977,0.995247534739308,-0.114070178519065,-0.328333883358359
"ind_53",2.85735912086335,2.99244533218287,1.79589687281738,2.17158354033778,2.48708439846934,2.31611003735603,0.546100552322322,0.503407101057954,0.311593411186416,1.01352883265989,-0.106791089485956,-0.335109164126878
"ind_53",2.92854835430736,3.01247617767477,1.77548573372166,2.17174888231548,2.4771120661367,2.26007110303421,0.535423831117792,0.507044082423256,0.298005297219825,0.998769930223203,-0.118827845523992,-0.325330233895304
"ind_53",2.90885185870702,3.0252866376642,1.7911171367022,2.17801416258853,2.4859079019591,2.28714660160362,0.527593570431374,0.505062868510321,0.301382261208541,0.9976375941067,-0.113987030725768,-0.33178177691691
"ind_53",2.89764320933822,3.05357239165388,1.78154490953447,2.18122551700757,2.48627800450137,2.30457511283096,0.538763705150863,0.505958042707813,0.288273669646623,1.07994304620098,-0.111613411152073,-0.317408026140112
"ind_54",3.44804467285076,2.84847425837344,2.11960076725419,2.25015532949417,2.44669202690044,2.35547377052791,0.543477890226234,0.508622779363593,0.447311380307242,1.37399577464898,-0.426509751395184,-0.413379089715037
"ind_54",3.54020820301447,2.81338834803925,2.17358830850847,2.24580893037903,2.4366891248996,2.33323604345632,0.554355862472858,0.511866184571266,0.468552260476543,1.40392194163056,-0.435411424787093,-0.397719602135265
"ind_54",3.45286607810125,2.82114786539777,2.16123525454643,2.24699781357299,2.43496026134701,2.31793181472884,0.553341930105146,0.511736619697197,0.488944465791496,1.3594936295489,-0.432535942886127,-0.399182254159227
"ind_54",3.50879207039854,2.83116792794023,2.08279438913551,2.24761394683499,2.4419391591974,2.36907962169111,0.54746413993384,0.510317324455838,0.479657749025892,1.36746369934346,-0.440292771239582,-0.399627104640709
"ind_54",3.49934478490283,2.81129550697937,2.08779372511533,2.2309368988397,2.44083659010761,2.36869939165493,0.546250505394124,0.511904952809543,0.489745164677361,1.37604016439653,-0.454165986136623,-0.400063112563342
"ind_55",2.92380604435039,3.20303332784561,1.89848823387157,2.20643175264887,2.42863298762901,2.30703827923212,0.525799334110935,0.480450163762529,0.393614593056348,1.15952644489179,-0.279511071461929,-0.37339262722048
"ind_55",2.90132632232756,3.14776026724241,1.94487445466263,2.20101701812552,2.42405265475895,2.29068214968424,0.528445617303025,0.48191184672269,0.383964752532818,1.15108844387148,-0.271088787079986,-0.35054960348877
"ind_55",2.92592319128391,3.21660223520669,1.93892948371738,2.21030857497483,2.41436089437708,2.27900939328866,0.527712236877561,0.48090520341758,0.412033870553221,1.18953640755648,-0.299814145306539,-0.351339322880758
"ind_55",2.94922059855838,3.19656061782085,1.94508725615833,2.20435937172146,2.42518865385016,2.26539505926693,0.52949885808662,0.482364421987923,0.40863266864208,1.18056837871442,-0.330147370087433,-0.36234052291434
"ind_55",2.926664547697,3.19423533476512,1.94809434552439,2.20673566677934,2.42721713264348,2.29934191773706,0.521580484208393,0.481324195644045,0.377417244751991,1.18350785949817,-0.297756959681607,-0.344966974806348
"ind_56",3.03201717910833,2.80281043571558,1.91685067170149,2.16600578233972,2.45105391255578,2.10128750565363,0.566470158812647,0.527595499962219,0.436388942999861,1.31552491490717,-0.43031350942471,-0.310285820540385
"ind_56",3.18495057607101,2.81075260252309,1.91851812941756,2.16630768274652,2.44719720431336,2.06742660594337,0.567834151621691,0.528217143253002,0.461054657576463,1.35607554139645,-0.434575719811914,-0.29631327764021
"ind_56",3.08008460505911,2.81435921385792,1.89773137776402,2.15465567633875,2.44465810781112,2.10352468577771,0.562593926977358,0.529527450980002,0.448801950788041,1.31641946103494,-0.383226245534674,-0.300641602157598
"ind_56",3.04400028270505,2.82710164745303,1.91296619017187,2.16298465547969,2.44701436532547,2.09922852496933,0.565015870773475,0.527502253686853,0.442256342807361,1.35640854613129,-0.424837801458255,-0.290486346622768
"ind_56",3.05269789422294,2.80151774374561,1.94205101241414,2.15757451906122,2.45373411155899,2.09757626200859,0.573535649886578,0.527433750232693,0.448055010314535,1.28968486493229,-0.39005517905192,-0.317668638161022
"ind_57",3.12870868254267,2.90765325291827,2.28523830893535,2.15258063245582,2.44027033789976,2.30963248841773,0.581536127263299,0.507557509605381,0.473029390851169,1.17598945313782,-0.648898653302131,-0.457857588012524
"ind_57",3.16698146162027,2.92809466526223,2.31867364685088,2.15293104908537,2.44189381252121,2.32883633936103,0.583764967470163,0.506088786573414,0.485732880226383,1.1674993547803,-0.627317051617293,-0.476647331659091
"ind_57",3.12907570206071,2.927566994618,2.30077790116507,2.1590402171913,2.44216194473788,2.34079963762356,0.590088949082395,0.507319107514435,0.47871314245676,1.16338792176065,-0.606125249261009,-0.474594043535819
"ind_57",3.15714741281468,2.93511605095228,2.30085771155272,2.16102787701465,2.44498761134576,2.3101142307475,0.592584443402123,0.506585197867325,0.488603881199292,1.12470970376825,-0.637084090293078,-0.493240562081213
"ind_57",3.14566497608842,2.90461083922682,2.27435321981784,2.15189202500964,2.4476104610864,2.2895908884563,0.584467322781214,0.507906660087704,0.488287061922285,1.1714474398903,-0.687097829702826,-0.441683485095002
"ind_57",3.0625868029566,2.90299345396755,2.27547851850439,2.1465398728619,2.45250983667456,2.3006630098022,0.589387568930904,0.506633625693889,0.470033069569506,1.12209834208751,-0.631378733412673,-0.480641900012613
"ind_58",3.26730717668567,2.97638034570195,1.9280802449469,2.15424246802866,2.43961486310915,2.2225896802621,0.54036890474743,0.524314991877669,0.411135048980018,1.17585960021332,-0.417399092875094,-0.481098225007654
"ind_58",3.27729475613476,2.98015210731909,1.98410758503232,2.15738365948243,2.4428773140525,2.20416170362087,0.541993278492625,0.51689218056636,0.410159352701213,1.13215416331247,-0.395677256474864,-0.488910762477817
"ind_58",3.33306551668545,3.00494315974177,1.94052390534446,2.15795214441954,2.45657686754366,2.17115946224419,0.542942247145861,0.521149198800405,0.41055094252735,1.1206174953665,-0.388028173850249,-0.488546238665075
"ind_58",3.30970230258554,2.99735307394254,1.92053988192533,2.16213226231118,2.44127236000415,2.23028463098323,0.539825483713272,0.51697129692367,0.393016056702426,1.13966260542256,-0.405493336637922,-0.482537813584789
"ind_58",3.30488622537116,2.95806709388192,1.9164049989153,2.16449046838596,2.43871965204623,2.21968574210926,0.534157511383013,0.52000533242821,0.407622256939522,1.09462512579638,-0.364402332151561,-0.496742039591367
"ind_58",3.27983306477696,2.95898934329476,1.99824523517236,2.16282393623304,2.44034318819289,2.2083112272499,0.535678421755072,0.522595050005686,0.389889145704149,1.13630673165601,-0.370334239797591,-0.489257989881585
"ind_59",3.44031761135808,3.0865966525972,1.94076313912629,2.17530419826776,2.42919595746521,2.42899492928122,0.585182327280259,0.522168026890848,0.374111967694313,1.06705996990531,-0.207348173808483,-0.422234054903686
"ind_59",3.43423468082081,3.09468231502441,1.92714875119124,2.16941739478877,2.43423703768083,2.41583837557516,0.569426400038929,0.522472446846904,0.371239245557113,1.04290861291109,-0.231213620471982,-0.413188489324725
"ind_59",3.38572548780289,3.04181134633796,1.92522756571887,2.18225573569273,2.43836820990941,2.44322505469626,0.574495373609888,0.522282801954343,0.342919297514865,1.03663337359899,-0.24298268898353,-0.421999453905406
"ind_59",3.41350945168801,3.10360357194851,1.89126955900631,2.16651863386628,2.43341307757385,2.44032939502275,0.570837314837583,0.520061194500029,0.322279518970274,0.99220011505869,-0.244490787456473,-0.434604387508837
"ind_59",3.38297017096965,3.09454885392311,1.90633931400824,2.1744269691896,2.43856529904545,2.478162352044,0.579422290866502,0.524354057423008,0.349873575744149,1.03845974247031,-0.204864818830651,-0.424381707042582
"ind_59",3.44138891840527,3.15657798821064,1.9026308668082,2.17098754878526,2.44620729443288,2.41987398967673,0.575215129508625,0.529314541097866,0.361622257095487,1.02775295299603,-0.247144706375998,-0.438479057654472
"ind_60",2.73522017054657,2.97775045885052,1.97510075838847,2.16896367373033,2.42953681209264,2.02869188534095,0.546700470688869,0.493108482181715,0.427396025898676,0.975750332896785,-0.379313937366455,-0.349104575622317
"ind_60",2.67746777325279,2.93407934186463,1.98459127870462,2.1775129821875,2.4312530761678,2.01748109134919,0.556902207663351,0.490474770741579,0.410149688112566,1.01495674463176,-0.379196977969892,-0.298742272335413
"ind_60",2.68279548232364,2.93294683339184,1.90467553403731,2.17530653023787,2.4422641535852,2.0172120023097,0.548060710294039,0.484079921370282,0.413763999308736,1.00831507697774,-0.445087732198528,-0.330232484214458
"ind_60",2.61078162849211,2.91352924343273,1.99308067144831,2.15735356228467,2.44081526072148,2.05730314926197,0.551575465389458,0.488357954161201,0.415399206203837,0.972889724390743,-0.377902270918139,-0.342765092900302
"ind_60",2.70224102929176,2.9469881675039,1.99881075003148,2.1669147193763,2.43622798861735,2.01741644141292,0.546088305081799,0.488396090145893,0.4245306783488,1.03587640165764,-0.421036933419841,-0.340258985923473
"ind_60",2.64910770059071,2.89042718500072,1.98535468780711,2.16016494512056,2.43602947001837,2.00605360542732,0.543252942960102,0.489343756224697,0.435697673574595,0.951422674632709,-0.395898793550624,-0.325921561562955
"ind_61",3.00448440775864,3.20291359728988,2.15925211175854,2.15376778024434,2.44264884185088,2.35000107362362,0.531674234788008,0.503252326858733,0.465543161301785,0.994296689270159,-0.520384320830205,-0.458017447658089
"ind_61",3.06670574156889,3.1828908378805,2.1637131959593,2.14071438605164,2.44373650252422,2.32046515237631,0.537277712290789,0.495499488141145,0.483898115621979,1.04460774626666,-0.467266729204067,-0.460322596463902
"ind_61",3.00582480486978,3.18717022109203,2.15286448026238,2.14867824395797,2.44795061607479,2.32004188626366,0.535101266539491,0.49771635681858,0.491559979127788,1.06797487176271,-0.476642398446196,-0.44395226093204
"ind_61",3.0521602628762,3.14225840116229,2.17160513524668,2.14864132235041,2.45306788907171,2.31030486248963,0.532811351326359,0.494838221250623,0.496404147202737,1.02927995122029,-0.515459600050216,-0.473316719774357
"ind_61",3.01492673062943,3.19075347551653,2.12297388937566,2.15071171536682,2.44803516741948,2.3673421734252,0.532313419140322,0.496262101340487,0.493390148996747,1.0104808754231,-0.481735750430301,-0.457895493310146
"ind_61",2.97894709366895,3.17414639244025,2.15003493802704,2.1427459515722,2.44399648552448,2.28857751662338,0.539481952668837,0.497992561384087,0.486533909021148,0.958464029212427,-0.471105983557831,-0.462102038139353
"ind_62",3.02623386504234,3.05561124782201,1.8245217388096,2.18981731172719,2.44538591542379,2.44681896899438,0.560745207694274,0.507403160829017,0.333717702709668,1.4938945873427,-0.420735378549705,-0.422501754857603
"ind_62",2.93301041693094,3.05555170782157,1.82427873373313,2.18375303000323,2.44289530184498,2.47231614124128,0.559265228021484,0.501677470034892,0.349733367549442,1.55791337352377,-0.449356461291764,-0.397137424509825
"ind_62",2.95868497196855,3.01085938417607,1.83926895725735,2.19046421919232,2.45032108104615,2.41531692453183,0.557977618088249,0.4997988598374,0.341155660099993,1.5321692135874,-0.394288035113406,-0.404632681375856
"ind_62",2.95307900093228,3.04334775568068,1.90726144420677,2.1882300915003,2.44479042888252,2.43098290976113,0.551937027221942,0.504820585520162,0.350286412535066,1.51626294168148,-0.432338040281313,-0.393764699125238
"ind_62",2.99326919445209,3.05935878137909,1.79919494447565,2.19495013002273,2.45628080958372,2.43668846171765,0.553295225877292,0.505453862390673,0.337114025637499,1.55075423894365,-0.42674414855569,-0.405143512978645
"ind_62",3.05121739201949,3.01690104257879,1.86134896387645,2.18444611781681,2.45091152039848,2.43800411504902,0.557117240271207,0.504305776665977,0.324863641145131,1.5094907962576,-0.479149006661697,-0.398499143473103
"ind_63",3.09191708151166,3.03424619612396,2.10277988393466,2.17974305985385,2.46578087728086,2.29641295738069,0.500148702604851,0.497641303581446,0.390772978374714,1.21668670190938,-0.640172922592081,-0.467185251219437
"ind_63",2.99171082653258,3.06101743272247,2.13910261592509,2.18364715020136,2.46642576986319,2.37515880392748,0.502639094604101,0.492490374497985,0.383631267353988,1.13181890513483,-0.641644489760669,-0.473266860631143
"ind_63",3.08105973589691,3.09000454495561,2.00893568953909,2.18105896761878,2.46972511440656,2.33950857787004,0.505673604103146,0.494002657312645,0.411587419359072,1.20042196868143,-0.668937104773207,-0.470504183727281
"ind_63",3.04398083954346,3.07957171570819,2.0345394314613,2.18788403817956,2.46942855988827,2.31609388167886,0.504462874411474,0.493386135155694,0.379065471594403,1.21575452774257,-0.633532087830831,-0.460210149055159
"ind_63",3.07007849352653,3.0447350732805,2.15669494759917,2.17951256119836,2.4659732942105,2.33355024229858,0.511168544473665,0.496520741636985,0.402322965982116,1.15601937808709,-0.679586538126622,-0.452317475193215
"ind_63",3.02434751480005,3.03898964547716,2.0493899175537,2.18290574113735,2.45831356535172,2.36076155215653,0.511272147748615,0.493522074306032,0.377917002190617,1.20325657770508,-0.595288848177625,-0.442705663380441
"ind_64",3.05629361544533,2.92781407687293,2.12222781783809,2.19867714440009,2.45725565377068,2.35401835702711,0.517134601633048,0.493573140391182,0.502165320577432,1.11177099196519,-0.405936964795103,-0.27867722968405
"ind_64",3.047197326706,2.89421128840581,2.04704390809142,2.20742467414543,2.44849774844716,2.3359032456743,0.50454301314194,0.498565541224409,0.523745598038042,1.1153416176023,-0.367337155007052,-0.301976399059497
"ind_64",3.05361350629225,2.92862818995214,2.08276942591134,2.20598827545584,2.46189247920249,2.371463610749,0.502136568397817,0.495629335132029,0.546235172964117,1.12257147802007,-0.402989938546337,-0.2796494403105
"ind_64",3.01526905277876,2.93893478500044,2.09566176346007,2.21167029905165,2.45097465507564,2.31685045673011,0.511618072598594,0.494083524376448,0.508914834182812,1.13859064640699,-0.388098624264264,-0.247875354065786
"ind_64",3.02723666816203,2.90111955271677,2.10042151800711,2.21221743382227,2.45170619964439,2.35470052973199,0.509625203737083,0.489667234885403,0.530235953974776,1.11898249407163,-0.374966613823984,-0.278664291886417
"ind_64",3.08097675387161,2.93411343961552,2.08045542417655,2.21676367957656,2.46237197056604,2.32302309227024,0.515479553194448,0.495353629443729,0.522375922773533,1.07325612737678,-0.412589810406793,-0.267490169712541
"ind_65",3.31393420262246,3.07528149322315,1.88083337791713,2.15786377039373,2.48732173224177,2.42988890304544,0.527669325311532,0.478468178012633,0.633799418774761,1.22511564895949,-0.300457028339284,-0.42409864427823
"ind_65",3.31940337032388,3.09351480784279,1.78951145885761,2.15544635432851,2.48350357677212,2.43410784066955,0.528326775101464,0.476734453513722,0.632402514593326,1.19930421539004,-0.32730906850163,-0.409612611060805
"ind_65",3.31483829477182,3.12799916208822,1.85807199645768,2.16054233179588,2.47849832578923,2.4211160651425,0.52862210282007,0.476904278129455,0.608597853052486,1.24558658907954,-0.29595645970282,-0.414668587240878
"ind_65",3.37838106061561,3.03281700190257,1.87368318963055,2.16267448151549,2.47110958352813,2.40502852144551,0.532211998398887,0.478395469081791,0.612886089984393,1.2327430617831,-0.249285218663736,-0.434978040031804
"ind_65",3.26317703017799,3.11049078311948,1.84358848575027,2.1654782225566,2.46718783500496,2.40135823081118,0.536211052477873,0.478043958965945,0.658455683254044,1.24299602122087,-0.313834940715329,-0.42486011387286
"ind_65",3.26969228782432,3.10544601439292,1.80418521471468,2.15831190240956,2.48255815744519,2.42832081631725,0.528006056101062,0.478784565774599,0.605119668286758,1.20525540161078,-0.345098905593056,-0.423125513083651
"ind_66",3.48730093033364,2.92575670120901,1.9738401929667,2.20154229306937,2.4292817703843,2.23204452730788,0.571447366264871,0.489754183232879,0.255413883775867,1.05096403057361,-0.453525112886425,-0.457120787415403
"ind_66",3.53824160270364,2.89399457123521,1.88984368110726,2.21302258980825,2.43830007922106,2.16752666296867,0.558056080336685,0.485543336029848,0.233182077770389,1.07851487975481,-0.436338126065917,-0.435452843476413
"ind_66",3.45702117331589,2.89130464361624,1.93803828611625,2.20917367519185,2.42740988499832,2.21628524875402,0.558552383079857,0.48856694201253,0.246380765873364,1.07279315390474,-0.425594838650282,-0.437966742023926
"ind_66",3.41501895667042,2.86174148876879,1.92991632363688,2.20217369664091,2.43623650185765,2.27759647528589,0.575614862723804,0.485189242042869,0.251412698567833,1.05291557794492,-0.47018358387552,-0.458020891343811
"ind_66",3.49158361796256,2.94729366249191,1.92980229054866,2.20437722987642,2.43918594760874,2.26828141448115,0.565311480058512,0.48571459576104,0.240067684381893,1.12773962439822,-0.410316583506398,-0.424789667915994
"ind_66",3.48045795785917,2.92435978681428,1.9271847111151,2.21106943081881,2.43288079770088,2.21611608294034,0.570226869765212,0.487927077110894,0.228258459748069,1.06133064607057,-0.50869342679873,-0.441213340078859
"ind_67",3.31001035894327,2.93548666546669,1.74499782810677,2.19240105437475,2.44063437698406,2.20780499193252,0.542986384280683,0.505095367281136,0.471353489784341,1.57839242182093,-0.441018432661821,-0.424890022331032
"ind_67",3.29304581196727,2.89937312221739,1.79918451279401,2.18451846804359,2.43325672318995,2.20966824274701,0.541467673499784,0.507733422832712,0.443537369065235,1.58302759180382,-0.42081488535443,-0.424470962805422
"ind_67",3.32870340200837,2.86561079523067,1.78024665123779,2.1952472205322,2.43236734960623,2.2297738583793,0.544053896481479,0.509471113584873,0.449773118140424,1.56517078130841,-0.428877839554763,-0.423861852763746
"ind_67",3.26076539718098,2.86486491731472,1.7670954319559,2.1841591653359,2.43548488391404,2.26678337248053,0.547260826005719,0.50647883996584,0.458407257240121,1.57828944722275,-0.376870282249459,-0.409367964808937
"ind_67",3.31663480852443,2.890132182344,1.77881950280452,2.18903599857803,2.43202561153248,2.2327597954812,0.54590540048767,0.509409850113532,0.461422721457507,1.57774575274544,-0.396900283841027,-0.432106083070321
"ind_67",3.21714396294617,2.88846007022454,1.81388782448583,2.19121506122272,2.42869015437111,2.24182526459655,0.542030850813183,0.508533193091201,0.434277608976518,1.62885055567649,-0.417382612660687,-0.408734959930985
"ind_68",3.29824042513792,2.99421954022993,2.03959605911285,2.15086900991854,2.48396860302993,2.19582405783035,0.546690816855968,0.509205702028514,0.461530448137908,1.03254005796666,-0.378818966314409,-0.407274604795039
"ind_68",3.29036201313688,2.98421613567441,2.11659056053702,2.14393267553617,2.47448409236089,2.16697170449855,0.550322670251656,0.505404904635535,0.431291063850136,1.08369655117006,-0.340853422127661,-0.401053944423852
"ind_68",3.32552323298218,3.01680386880933,2.06352676584364,2.15325599761067,2.48138110246802,2.19147371616483,0.564708680543751,0.508282323968125,0.466394046838432,1.04885626527077,-0.340533116374805,-0.40650208083551
"ind_68",3.28939472668364,3.00513118526404,2.06180183005679,2.14187796109353,2.47218040725952,2.1703026451677,0.54930193626092,0.510133190353414,0.446128917721514,1.08297742771788,-0.392918551083355,-0.425762508939001
"ind_68",3.26297694904264,3.05995071558775,2.0820189497806,2.14710841833663,2.4792622090878,2.15646689539538,0.556556102474034,0.50902761714144,0.477430092267138,1.04638351059507,-0.362832887886832,-0.435939012217094
"ind_68",3.31462654731305,3.01397362591911,2.09134987151761,2.15168497761461,2.48242105501488,2.18582397499634,0.551345247401205,0.508811662597683,0.477991210838775,1.07375572743858,-0.342521411973834,-0.41793564827563
"ind_69",3.17936929298927,2.98828825914639,1.99823286919188,2.18903782430308,2.45243367989049,2.32656642316929,0.56335241239398,0.546302709661093,0.589588343903425,1.19644868452846,-0.430134949733592,-0.458460343892493
"ind_69",3.12413296344897,3.01065087577944,2.03625018920268,2.18317459946446,2.4503455016653,2.37346369471388,0.560334743570845,0.543661351286598,0.562510794606353,1.20636574624703,-0.385619580534964,-0.464370418994383
"ind_69",3.17425323741287,2.95016886588132,2.06138590355845,2.18346049284917,2.44484942584631,2.31830348629105,0.564918578553445,0.546013599031755,0.593555727604036,1.19030464643436,-0.44246852548235,-0.455232104806174
"ind_69",3.18786906457607,2.9705656747579,2.04871019799381,2.17272842113565,2.4567085164627,2.36006827125119,0.553241507262598,0.544240134909982,0.579687267990017,1.16659244649313,-0.43751711483763,-0.453754921255723
"ind_69",3.14840682364143,2.97831429578766,1.995395237467,2.18177511705317,2.45970561447055,2.32612910411001,0.558175123901384,0.539906356344113,0.563735766314646,1.15700144702551,-0.395425493076834,-0.453606838915156
"ind_69",3.13940484864898,3.00454597008454,1.99029038829102,2.184257398693,2.45615030487926,2.316567296953,0.558429954655962,0.545147902543088,0.584174122098099,1.19403289499176,-0.414978639075392,-0.432181776428512
"ind_70",3.05931876102985,2.96133895655219,2.35176680476611,2.16738569620839,2.47738088681527,2.36513143248581,0.542621354025248,0.506258999148718,0.343185176038509,1.06025272918,-0.0738474718223383,-0.443700896475146
"ind_70",3.05974321639571,2.93695992531281,2.33204456489265,2.1634402536446,2.47770821211177,2.35286245413677,0.536106505417775,0.502464957947722,0.370190088439995,1.10670596810301,-0.125155601036497,-0.428706488276221
"ind_70",2.96285317428616,2.96779003394618,2.35937036616089,2.16156626647952,2.47929047921963,2.31071204031606,0.538585382930527,0.500005955281068,0.344004248152631,1.12316453636022,-0.154761948144436,-0.465396381598181
"ind_70",3.02892516342483,2.98896496524718,2.29370876773252,2.16089316805351,2.47636265579408,2.33249126044222,0.541931601717678,0.502439724763922,0.374838078481562,1.1309090168395,-0.132726253585415,-0.428127038288739
"ind_70",2.95231525164439,2.96189045070634,2.33843794325241,2.16776580716764,2.47899237109161,2.32346321387171,0.533735154973345,0.502935270060864,0.35079624681702,1.16902168562189,-0.106899816531976,-0.419113827502787
"ind_70",2.98118619955022,2.93527765822921,2.38214905074514,2.17235519451825,2.47323632836993,2.35595266327428,0.537371645628212,0.500989745814963,0.367916239532497,1.09539736970442,-0.132474363469793,-0.439667405648913
"ind_70",3.01338018317323,2.94910065024004,2.34959359675806,2.16622957500705,2.47648951934052,2.35378370371789,0.540395833830937,0.503824639078701,0.359281197905738,1.12071905564792,-0.122927046460869,-0.429880262554416
"ind_71",2.91534662989946,3.20559942642069,1.78358504713811,2.17172589857644,2.42096112021325,2.30266821111876,0.538621314335387,0.512029638850904,0.510671513554998,1.22184065579519,-0.469751197046156,-0.348526748260494
"ind_71",2.98124479919229,3.22205684627493,1.83553063789941,2.1757093141993,2.42560319774565,2.25864589513282,0.539679378693674,0.511052561573568,0.51660288157855,1.21022332090758,-0.474334884635844,-0.356700652302723
"ind_71",2.93817638047569,3.17397465963043,1.79411555319474,2.17244186166982,2.41689951592094,2.27462448951084,0.53851983776559,0.510340587555608,0.521687566922287,1.20067772510173,-0.495722072571532,-0.352823680113978
"ind_71",2.96975855450057,3.15741523526314,1.87288762353947,2.16912133725691,2.42395811919292,2.25823472440308,0.530367288421251,0.513059667934499,0.524225556197186,1.19613932532004,-0.433850952051275,-0.371478293842693
"ind_71",3.01371649791089,3.17575350384843,1.77415191193199,2.17903857996185,2.42750576811446,2.23515319519025,0.53520146306558,0.511492744030817,0.516401598216763,1.21636800519137,-0.513202943907199,-0.368931273842307
"ind_71",3.00389407761021,3.19992258176511,1.81562869021364,2.1753306077083,2.41874607492818,2.25867811883781,0.539572863299217,0.508281949874661,0.509788252332113,1.21494143203112,-0.495542287366269,-0.330112914194749
"ind_71",2.99351416147139,3.18307656508974,1.8527331501919,2.17462399762112,2.43494367900509,2.25204562172635,0.534312839877775,0.51327735775626,0.534671830944166,1.16978137174002,-0.433523172354487,-0.341373455026326
"ind_72",3.49274969510098,3.02484868385156,2.00644183954936,2.1509173793135,2.45391515129586,2.06941791089304,0.536805362889006,0.495030661669713,0.485982717825286,1.10930493219311,-0.731869292598527,-0.510537121334453
"ind_72",3.41186469904556,3.05840667693,1.99755593579694,2.14336754423282,2.45675820580297,2.05364533173049,0.534768437730303,0.496962254058976,0.46452364293166,1.12141166632438,-0.699400467441509,-0.532632304623006
"ind_72",3.45291648583789,3.02478752676472,2.01722763765774,2.13979579915723,2.45234075423682,2.05894312802845,0.539220676827657,0.498142353515776,0.486994255977282,1.13946804497108,-0.727837922124067,-0.50408926229326
"ind_72",3.46203876116384,3.07628186284535,1.98030813273867,2.15164041152445,2.45592750322201,2.06007349365174,0.540269286697137,0.502863573230465,0.475139574459668,1.09254065745829,-0.703069336984847,-0.504676148419999
"ind_72",3.46294880302321,2.99528318831367,1.97796255947094,2.14711659727015,2.45409238259951,2.04785729269845,0.541458999348722,0.499107510071705,0.463317508991461,1.17240275527504,-0.698685828262329,-0.498615501418532
"ind_72",3.48869120278488,3.04268829551431,2.02837456871583,2.14495723787608,2.44409288860298,2.09537741315267,0.539666383657922,0.496019153400199,0.465446570051416,1.12058076510193,-0.69463590796705,-0.511084544690801
"ind_72",3.46619003479309,3.03714663132131,1.9311610912904,2.14117092590165,2.4425880951487,2.10118214996768,0.53346285582657,0.498710458088641,0.463684264697587,1.13727359281339,-0.746581664777598,-0.5109496779893
"ind_73",3.15910157262809,3.00732075079488,1.79675812166455,2.20486025415599,2.41199863237818,2.33870823563556,0.55651259664271,0.499055562869291,0.456031247715983,1.23741385275971,-0.61389162968253,-0.316756618490724
"ind_73",3.08050062815343,2.98630297091031,1.82463394563757,2.19609447375018,2.41008029186688,2.32727672586581,0.561164725659865,0.497500074649806,0.416462748345045,1.21871536664129,-0.632460676263421,-0.34196384768581
"ind_73",3.12809045851209,3.0690702591625,1.82647921024958,2.19646661062845,2.42656549928371,2.33212394904694,0.560934739220736,0.495950989822606,0.438556290339641,1.22018008959591,-0.612470079764235,-0.289988787076345
"ind_73",3.11041167886094,3.07540887518583,1.78075769656617,2.19487000566393,2.41804377696001,2.28398982122307,0.561367467022323,0.501538529216714,0.445139324023065,1.19401567297531,-0.609461558624824,-0.321686716979376
"ind_73",3.11990724283634,2.96917073945916,1.81624679216399,2.20548602345195,2.40992810655471,2.33674286823021,0.560803931824806,0.498102545032064,0.429198604581763,1.23055376537491,-0.631675858880438,-0.343150952365813
"ind_73",3.12133371092713,3.03729395384222,1.84255148812583,2.19561393906256,2.41579457778884,2.30978751817881,0.55564893007154,0.495642362540192,0.432387663884071,1.24753312828932,-0.612988041711959,-0.320812303195184
"ind_73",3.05580882631719,2.99315833861602,1.87666550550227,2.20231027725168,2.42072403627007,2.32227047493158,0.553674274641098,0.495570270500618,0.459322204413685,1.21662086289781,-0.608078202353271,-0.328266500545558
"ind_74",2.87896409144855,2.94306061044242,2.09288326580602,2.20220419485654,2.44480835001968,2.32928458997227,0.531531496888609,0.509322574151221,0.483705123127548,1.14344335026672,-0.525167107426786,-0.299993921616336
"ind_74",2.91312324424422,2.90705286208065,2.07637439259427,2.20781573192812,2.44466109529528,2.34091208152403,0.524742280859495,0.508693260994512,0.487315843410876,1.1662964346917,-0.543309632496106,-0.328309237754783
"ind_74",2.89849489967772,2.93317320015174,2.06792905149321,2.19661630008298,2.43757484024469,2.31027214550933,0.528508230160764,0.512988131046668,0.48855138712197,1.19213735632312,-0.589976510384242,-0.305250196498251
"ind_74",2.8892732841468,2.91608946823467,2.07622859201702,2.20173898007573,2.43274217110648,2.34034097648903,0.535991257048894,0.51126638555795,0.467193150195065,1.201158386681,-0.573624898516178,-0.31710015872654
"ind_74",2.91594085617285,2.88314616405418,2.1097785108877,2.2079508896419,2.44780385085709,2.35919239547606,0.528109963179916,0.504873436507515,0.492496494481475,1.1575520865078,-0.532330154963048,-0.315709293037858
"ind_74",2.87655660782908,2.92340007557731,2.06849996354048,2.19218545184332,2.44355293468412,2.32538461140701,0.530494705876059,0.506257785132321,0.48213284156461,1.15533161251932,-0.620863812925115,-0.27020934453413
"ind_74",2.9230736919479,2.93490366975958,2.07686724578189,2.20302025691369,2.44262329180028,2.34508358468394,0.542893364977219,0.509951961612574,0.465470840727728,1.15864358826956,-0.542717703902246,-0.325603621368981
"ind_75",3.05483436107598,3.08774080443092,2.1902470474741,2.17187727343566,2.48689271520894,2.49599118056358,0.579051082364009,0.507780902611388,0.436617101377813,1.04623952710801,-0.70186525700595,-0.465288636481404
"ind_75",2.91962394559012,3.05434750789635,2.14238749237695,2.18846484263763,2.47986022987615,2.48713342436147,0.578776791111222,0.509421257655741,0.419313348443016,1.10545223850897,-0.686131750207915,-0.458106628325161
"ind_75",2.96851687517712,3.06689910498717,2.16641342309815,2.1878493002756,2.47763531839936,2.47877580249762,0.568871286992578,0.506044359263679,0.432227219272107,1.0557081983906,-0.695835707943401,-0.474377220728629
"ind_75",3.02329891530368,3.08714049550666,2.11788640866778,2.17585571720212,2.48349983297418,2.53471193457913,0.570054806121868,0.512981952092956,0.441066616961106,1.00497890864707,-0.715474691698339,-0.462728994414235
"ind_75",2.95868018059433,3.08432729574147,2.22859451673136,2.18115668813995,2.49225042127128,2.50331628247297,0.568842753731534,0.510587513379333,0.426422615592355,1.02901925293012,-0.662944951429857,-0.460841233737614
"ind_75",3.065013131507,3.09648050622184,2.16963695941956,2.17825396472107,2.49098404099943,2.51791411083433,0.57791119925928,0.510453524917615,0.433816857529928,1.00702285064352,-0.715240577581262,-0.488566507692731
"ind_75",3.05942377114933,3.09073679108179,2.14055638638019,2.1869942620034,2.48468184740014,2.50145388055463,0.575987789435834,0.505295774117478,0.421047903011899,1.00857828048648,-0.672100618280394,-0.470346212437487
"ind_76",2.85815371014546,3.16211447440002,1.82956863375519,2.16956180186682,2.47193691675748,2.25882663786797,0.52355486514742,0.469745334938923,0.303802342029854,1.21245024871699,-0.368859978690935,-0.399106310232836
"ind_76",2.97972483493462,3.12105949243932,1.82642765561524,2.1687435463604,2.46588809862133,2.22951769306011,0.530057984125996,0.471199658359995,0.308592299405586,1.16392626963181,-0.381204252847987,-0.395770710452829
"ind_76",2.91074423941557,3.10994138673014,1.89383162319212,2.17104846775128,2.46415045401318,2.21964488773204,0.523823949150646,0.469612426491106,0.32821379832493,1.14539460239604,-0.382480032617758,-0.419041265131485
"ind_76",2.90558403713174,3.16236068185056,1.86400538729904,2.16784306146389,2.46824003015188,2.23471832448138,0.53290610199621,0.473171165642434,0.312338380578977,1.21250574344389,-0.361727624255546,-0.390671453581538
"ind_76",2.92803912543012,3.1258349550821,1.79680317080677,2.17130576217299,2.45595966638225,2.19992241013316,0.527998048747523,0.471459754954987,0.317905963591446,1.1612094533694,-0.395186202845034,-0.41394253717794
"ind_76",2.89532020699425,3.13322590358274,1.7899570734355,2.16735794929751,2.47350892439523,2.21641112221329,0.529649425364767,0.470225880648733,0.319819393081639,1.16649635676712,-0.399798318977411,-0.390587563799837
"ind_76",2.88681567260634,3.13699246767556,1.79368748490961,2.1690243524204,2.45855434029096,2.25072993912506,0.525544228696701,0.4732089716445,0.316626665153208,1.20295394414539,-0.37313643033029,-0.404642002509931
"ind_77",3.07669825121046,2.85027595918211,1.77205666365514,2.17305598905711,2.39586577002387,2.31402854694788,0.551928037767488,0.527013436596662,0.434613397504435,1.25534738328194,-0.818938269094082,-0.430704081995348
"ind_77",2.98338142931781,2.83570910140627,1.82599111506352,2.18165724400398,2.38953958566808,2.35400452509268,0.554370459222211,0.523931718053703,0.422903831602611,1.16750292635519,-0.841411904184535,-0.460333194506528
"ind_77",3.06462942353606,2.89339131486877,1.80298664889229,2.1830294001608,2.38845854949298,2.35641546354692,0.551645022148148,0.520705787927637,0.411899804307409,1.27787820659013,-0.778730243144925,-0.390182309201946
"ind_77",3.07987527089661,2.87198254150635,1.86722475071145,2.18732712394312,2.39237962985394,2.32732435358748,0.550831971376673,0.526127885696764,0.426651422892325,1.19127756389825,-0.804116459759661,-0.409113497514577
"ind_77",3.04511819836459,2.92119354152956,1.86524237740392,2.17900457947362,2.39579131845221,2.36768204580964,0.560225558589123,0.527609336592708,0.410107710009317,1.23595641267699,-0.819678133025579,-0.418345859646846
"ind_77",3.09786788923612,2.88682491833458,1.83438766421965,2.1855530705213,2.39150620050017,2.37676696455885,0.5558056601696,0.528652796132428,0.445971720923076,1.19378905629409,-0.874194334495298,-0.431323499366938
"ind_77",3.0640787325603,2.90753228585437,1.84339233738735,2.17967347644396,2.38901467620867,2.35217909268937,0.558444708577613,0.524466689359991,0.426355049957824,1.23011689492427,-0.806638664413723,-0.419882067641847
"ind_77",3.03621812594838,2.89836403896397,1.83937526191966,2.17923916702159,2.39511281744447,2.33472587736557,0.549856961461528,0.526252012040177,0.437864944322263,1.218076423645,-0.770196516222262,-0.421898923957828
"ind_78",3.34446952290385,3.0929744792718,1.99634364585837,2.2169872153582,2.44223460170739,2.4448931947132,0.558847790994825,0.484191864415035,0.333365105250801,1.26603670368539,-0.401124774936554,-0.452594319387932
"ind_78",3.26420994804203,3.01363102134474,1.99609639498346,2.21234785731808,2.43792987514275,2.4432570944797,0.562290572938914,0.485000743774034,0.309879957110266,1.30154068347413,-0.396567685474694,-0.432705702342477
"ind_78",3.26705589730101,3.061740320082,2.05647943086617,2.22367905531845,2.44109858379631,2.4678041384625,0.551330316578068,0.486397424547426,0.329832861418194,1.25802258168794,-0.421006276649892,-0.4672069919803
"ind_78",3.3412818978873,3.00362708280119,1.9638099945267,2.2126213737136,2.44243179200739,2.48027841115639,0.564273189678201,0.491286136972227,0.343605227485816,1.26341524207319,-0.463742083672765,-0.422517274337287
"ind_78",3.31397710992334,3.03869111487262,1.96654674654996,2.21015430110623,2.44656943171274,2.41223448101861,0.566408210708816,0.489736204959168,0.300176845273966,1.25323763401565,-0.41468726240529,-0.455987362240379
"ind_78",3.28149485145414,3.03682479668345,1.94441978311317,2.21952510623584,2.44279810998125,2.46359243253911,0.567509999987921,0.48678668788352,0.322122060969355,1.19105554777502,-0.449954220847001,-0.424231660822707
"ind_78",3.22770406033623,3.06706528282727,1.98661440739915,2.2138971540415,2.44049755471069,2.51091887735645,0.55689968175001,0.484950882297777,0.331717143674033,1.28105417962132,-0.415858480336744,-0.456077449782964
"ind_78",3.27832507725237,3.05953931411984,2.0348814271531,2.22123876723519,2.44027380718533,2.43550790455735,0.569631980038079,0.485901271525174,0.335161875763352,1.33554512057577,-0.449354220072058,-0.482401151758599
"ind_79",3.23028471737479,2.84355800563362,2.10512314697537,2.19334504735496,2.46752817789506,2.39053092386074,0.55000216168261,0.522461382347807,0.413132686930553,1.11810961360626,-0.238072238600899,-0.367809110912065
"ind_79",3.28657817621053,2.82050322020586,2.08890988008953,2.1993979809566,2.46981381471236,2.41993965572947,0.553178689554735,0.519546229052722,0.387066650657279,1.17643455151008,-0.261824622758727,-0.372305610076569
"ind_79",3.25653368944446,2.85936776299473,2.12236346664057,2.19820582675963,2.45349498422723,2.36634262603256,0.554136683013145,0.525209278887921,0.394102811472204,1.11700150132363,-0.254498653812442,-0.361512389889647
"ind_79",3.2240127432713,2.87665937517,2.14393736789197,2.19646686552247,2.46950701128254,2.43161030198452,0.563788592210716,0.519365611606371,0.400542596847626,1.12500451934737,-0.224424315188878,-0.362742580084148
"ind_79",3.2817130320187,2.81138968185329,2.17581731433853,2.19563960950541,2.46102419514494,2.39509556605668,0.547284347311813,0.518993529583314,0.41334362499667,1.13967478684069,-0.213458277650799,-0.373757134933742
"ind_79",3.26400066924128,2.83395124472967,2.09191772945482,2.19579044614361,2.46941916208018,2.39368458231032,0.548384979267022,0.523048396316305,0.390830913633894,1.11259193727976,-0.253811600409869,-0.373216356224377
"ind_79",3.35743332605519,2.82324515865803,2.14489094848526,2.19604277272614,2.46737795937244,2.38772325436357,0.548027480231352,0.52200474547692,0.375214941958454,1.07685368490658,-0.217740213573456,-0.34969848791546
"ind_79",3.21598449031362,2.81597473234527,2.16081185161527,2.19300522884705,2.45536802451361,2.38633847678152,0.551323087817531,0.524679928599526,0.405973196320242,1.10913531333655,-0.272515410530548,-0.359883805552653
"ind_80",3.01888780823705,3.22003925569181,1.88347229778995,2.18356712701885,2.4403935124278,2.06716705452219,0.55745239769587,0.53519242852781,0.517171252019805,1.31119953729292,-0.412644189527805,-0.37210397818274
"ind_80",2.91113000334463,3.15641699741393,1.92718933449645,2.18090666301147,2.44669331190679,2.12715673949859,0.562633122553823,0.525864063100058,0.489362657181296,1.31548434500585,-0.413159656298501,-0.379961529438333
"ind_80",2.92593881811042,3.16598680101788,1.86721371676572,2.18328912944762,2.4480331578227,2.13359747447361,0.549059249882707,0.533312838114991,0.516784581636508,1.36692202113517,-0.388233510596259,-0.415435671933489
"ind_80",3.08214227769803,3.16078706249614,1.91080146756114,2.18856361502801,2.44961009353182,2.11864133046885,0.5559176250393,0.531943007395742,0.52486537842715,1.33515667426766,-0.440246237479679,-0.377367956662275
"ind_80",3.03929872797013,3.24319687772657,1.83952682543606,2.18682391545826,2.44537447633671,2.12596777078885,0.56316169918697,0.532320392293747,0.503540050444592,1.31119772137756,-0.441947069305818,-0.419378577074696
"ind_80",3.03699536885563,3.20899391980817,1.88141274576699,2.18269761221573,2.44471333894773,2.10719965665062,0.553716795881091,0.532741091220859,0.497588011323351,1.31594372120392,-0.374296614293176,-0.405652423393856
"ind_80",3.01292632250099,3.15496068495526,1.95071697791095,2.19696292476695,2.45190220362011,2.09716236715467,0.547265728145871,0.535466603386146,0.496012273315167,1.32522045135119,-0.422786056980887,-0.396639875098996
"ind_80",3.01231931972744,3.154068910063,1.86185335201478,2.17992284988983,2.44366496212729,2.1130379752295,0.554973054390027,0.532696614790624,0.50849752722019,1.3305032511731,-0.388818468263027,-0.413236993807671
"ind_81",3.32680894359241,2.98882879325007,2.27775817451248,2.15680904168991,2.46313025158637,2.52982714212534,0.528011667616156,0.535453305581067,0.403444008066806,1.20840322175882,-0.481954679079311,-0.334523977370256
"ind_81",3.3816705559703,2.98704360406259,2.16872024293258,2.16911761456654,2.46076254820961,2.52455042314978,0.539037955319649,0.53638157273583,0.386144191357101,1.22139445858698,-0.485040999844843,-0.330878858988347
"ind_81",3.42803834952456,2.96792364227493,2.19104185781432,2.15842203997884,2.45971989240015,2.53890455213808,0.53948000074703,0.535977517825581,0.391707265920583,1.21043751751879,-0.50664728286581,-0.375800078342353
"ind_81",3.39665128936599,3.02186913870095,2.25358689468987,2.1578087674637,2.47343753866245,2.57720742169123,0.534147358187802,0.531107926325603,0.388847186205469,1.19731090135875,-0.49656554990509,-0.356149771581631
"ind_81",3.3567030223217,3.02449636889372,2.2756252743344,2.15603920224221,2.47411491681357,2.48670867021284,0.528948410058601,0.533205449611426,0.372631034958773,1.2277113248375,-0.499374119833842,-0.363359107184037
"ind_81",3.34863953455705,2.95129173473437,2.21805925246831,2.16367879067448,2.45923034168139,2.51313589526886,0.548703378960411,0.529546737433361,0.360028568426933,1.16229297327192,-0.492132348105713,-0.311044796529603
"ind_81",3.40313044906517,2.98373969605864,2.20157378858204,2.15251120140791,2.45711490228977,2.53196414638467,0.541240885876694,0.533030982238705,0.406920148872161,1.14368344114147,-0.537212307889087,-0.36279060548625
"ind_81",3.47485981433342,2.97392437939772,2.19347151996188,2.16487953187601,2.45792846222712,2.52203479015183,0.533194726255073,0.534143814390344,0.398440569785094,1.23940828459897,-0.478332631803402,-0.351345053002552
"ind_82",3.10026218060101,2.97720306883476,2.00504949214179,2.16960938807105,2.52146571083522,2.25865293823124,0.550860359656601,0.49958371678126,0.503980623241672,1.03754110762654,-0.46853182234365,-0.352339854436224
"ind_82",3.00888479190507,2.96789917544982,1.95981894963734,2.1701968884831,2.52344598101808,2.28449891872482,0.554361082914499,0.494708338201589,0.501557030804775,0.992709487170661,-0.461254029630892,-0.332617223884672
"ind_82",3.06799513574918,2.94751105300362,1.92935468843231,2.15416645182569,2.51354539658431,2.32504477639862,0.542758028808635,0.500339497863919,0.474617033958989,1.09768279145876,-0.48029547440876,-0.345804827985563
"ind_82",3.02047891337413,2.9634549959734,1.9619341761072,2.16914607845745,2.51826433299304,2.2844787820943,0.558769434177242,0.496969507112552,0.472947178081201,1.06215981083703,-0.490531624389684,-0.338924977225332
"ind_82",3.0588360996203,2.93807314056141,1.95965844413811,2.17413445260138,2.51806779797925,2.29121409993953,0.552806047592684,0.497923854301514,0.480317031035843,1.03863660202107,-0.483992110145149,-0.334824613310298
"ind_82",3.05783208936222,2.94925897290569,1.92548170028949,2.17766409403317,2.51472873925769,2.29147722150185,0.553676744828665,0.501164441356895,0.492785428002209,1.05398962614426,-0.477027638588564,-0.335309866454367
"ind_82",3.03572133880855,2.95845911494118,1.98977625783585,2.18202925788714,2.51483825067776,2.31473020718608,0.56696733563227,0.497408366100823,0.476887016330196,1.04938485715471,-0.513955824343319,-0.337157695548772
"ind_82",2.99719714075826,2.97501542746183,1.9611258693626,2.16271073892691,2.52425309672389,2.24357331809535,0.556016566275278,0.499823654313906,0.493443685852862,1.06726613638149,-0.464719521463193,-0.328906190450259
"ind_83",3.01202700504882,3.10145918145088,1.7469086248105,2.13022910428543,2.45373455259484,2.27134063247074,0.546194025606333,0.516975177142099,0.472107093447648,1.25650993018462,-0.460159766675284,-0.338092215689496
"ind_83",3.01944028502907,3.11925009097493,1.76132811773283,2.12550479556575,2.44745748253374,2.26691498678726,0.544987547326752,0.517702884115337,0.476262103329506,1.22495898639114,-0.463985965639519,-0.333419339034537
"ind_83",3.01077310324453,3.12536594707639,1.75842120372685,2.13088474801982,2.4500946912414,2.28056152713719,0.542704236747438,0.516678072156832,0.467735282402871,1.26378188089677,-0.48907129661265,-0.320118482945996
"ind_83",2.96894277576807,3.09645006337858,1.73615857864399,2.11966401632201,2.4513950642245,2.24021383323804,0.542256090090093,0.518628588766051,0.437450738359192,1.29105533741661,-0.500203567959214,-0.328856922438978
"ind_83",3.01486716713365,3.12863008730724,1.77823791300299,2.13240611915758,2.45181227894007,2.27709709511648,0.544549291628713,0.51575864266544,0.495353283845609,1.26250219606957,-0.485935292825743,-0.348889278915676
"ind_83",3.04995924497658,3.11029336429878,1.71909495507941,2.13490696326711,2.46569234629201,2.23946098194129,0.545539222747849,0.510861487729986,0.466127603210745,1.30854169124418,-0.528777489536652,-0.313379273090648
"ind_83",3.06019727607599,3.14194476214576,1.72464091703797,2.12948811484159,2.44546753742591,2.27975260359628,0.543351150959652,0.517231871990798,0.466560472941766,1.30127209870691,-0.522587303423444,-0.295447795099221
"ind_83",2.9885142972264,3.1177383495965,1.74049614271055,2.12251712034562,2.46096486619641,2.23942410467805,0.542473290699754,0.517227422439199,0.457905282273301,1.23714459934623,-0.492613236682588,-0.291055887222064
"ind_84",3.49346211935541,3.11264145166424,1.70308506197782,2.17536975074211,2.4287554537474,2.29938293553932,0.541730590019934,0.495357471339663,0.385886682367158,1.13491507256703,-0.371580225149012,-0.455570856786814
"ind_84",3.52834020658064,3.1324786249957,1.77119935319254,2.1706844263761,2.43019006526419,2.31076444981057,0.543676068322857,0.491494733599317,0.401558591126419,1.16757880857666,-0.271102579237015,-0.436467006855925
"ind_84",3.40565483357111,3.05434788203551,1.75525673799579,2.17356552941415,2.43161394104097,2.31652061428652,0.545349465750428,0.489129528645762,0.366313953716474,1.12906808830181,-0.315299892147181,-0.455796011497959
"ind_84",3.37679361073759,3.10660223406966,1.76852033078265,2.16910962034314,2.4447547336083,2.29153181605909,0.540311293098764,0.49262517313007,0.372008675320651,1.12658739477578,-0.288685920835258,-0.456727242503948
"ind_84",3.43681514944897,3.10761569273066,1.71513548793647,2.16503648241835,2.43898973118986,2.3304079630982,0.545699165623328,0.496847249987966,0.38782802832809,1.14511439597651,-0.342497857835234,-0.456841081905002
"ind_84",3.50632353563361,3.09708452371267,1.76112675267622,2.16049410024642,2.42655079337826,2.28430664038291,0.535364022215748,0.492554021886737,0.38563873631466,1.21273166846025,-0.381304343404491,-0.416447026129536
"ind_84",3.52122970927969,3.12353171746879,1.73965304814933,2.16843658342743,2.44472434978324,2.25695623780913,0.545537340224492,0.49715718667455,0.403097911165895,1.17685192991945,-0.34067278948264,-0.427763438124632
"ind_84",3.40091792566224,3.11183711149469,1.77053126643542,2.15930886125015,2.445994896798,2.29510263365596,0.544187843889035,0.491482605186727,0.381982635470222,1.16835775300577,-0.368480263752415,-0.454668407892827
"ind_85",3.29688964804635,2.92308971334961,2.01243942073423,2.16790870612891,2.42069005113708,2.21270559316071,0.5832133592925,0.499835906364047,0.481721816965117,1.25628037473259,-0.472494965067478,-0.442097477467092
"ind_85",3.41856783466738,2.90349706290094,2.05006074813755,2.16044769473843,2.42043655005243,2.20685338879716,0.574832748367678,0.498796392752941,0.465908923464916,1.20403554319502,-0.498720932480939,-0.414049513962045
"ind_85",3.36198168991766,2.88265469893302,2.09289304257128,2.16593636529945,2.41190314891685,2.20954077712053,0.582318134342931,0.499382128484512,0.4747508703214,1.20675889551698,-0.498543609687537,-0.427870171017564
"ind_85",3.30479827693903,2.89187660978797,2.01493904898045,2.16471047665303,2.41900277851322,2.21638901186226,0.574755693929306,0.502828605451881,0.46706329594987,1.23178177439818,-0.488895317244226,-0.427356299131527
"ind_85",3.23325715972657,2.86667874573833,2.03614742707445,2.16602118993749,2.42411615952093,2.24136514529425,0.584660056452871,0.500603250099393,0.459933682156414,1.26234435741552,-0.492360007091838,-0.410745594831349
"ind_85",3.20283143678165,2.91807781314577,2.0928340138719,2.16633477324293,2.41337699199147,2.22980649503585,0.584858488693358,0.499108146963344,0.476138794292845,1.21445978039427,-0.471219132750128,-0.437875111499114
"ind_85",3.34671164975919,2.91912397010594,2.01817922129646,2.16135530821008,2.41537760826471,2.20265567939971,0.577677372307078,0.503048399895583,0.444923663758126,1.24206843908986,-0.493474263661268,-0.43760407321744
"ind_85",3.25928791802103,2.90242297484008,2.01262081190687,2.17181370526822,2.41556830467208,2.20678823532588,0.590806257192116,0.503620181830936,0.496790411460741,1.24654339450106,-0.459715256112064,-0.408357797627891
"ind_86",3.4875389265942,3.0855021984511,2.19024367752029,2.12979975754326,2.41683781742969,2.27141295547826,0.568479291362298,0.503632798950569,0.414941449803063,1.18704138483094,-0.40001564593447,-0.406926878929831
"ind_86",3.5729776098489,3.07442675890116,2.24655093075604,2.13506596555259,2.42847099631303,2.27507237642926,0.569489734065041,0.504047949068454,0.447109439872185,1.18802514965861,-0.451265963783421,-0.414412510148515
"ind_86",3.61706395809513,3.02588508451845,2.23443440197582,2.1398745692098,2.42419752143513,2.26871046751674,0.56459383315926,0.500574654263842,0.438718400432223,1.18482753376949,-0.391963216720705,-0.411134052104925
"ind_86",3.49969806083075,3.02517770952821,2.23128745184727,2.13272397980899,2.43392362644302,2.30432132029625,0.560417131539169,0.501291797360044,0.419830535442369,1.1578655936771,-0.364697745228302,-0.427783150736423
"ind_86",3.51105039072347,3.07831949365071,2.19620275296901,2.13348824493167,2.42586049512331,2.31378097576015,0.573515386234513,0.501662310345421,0.429210483577624,1.20795978229916,-0.413794083494527,-0.393502428129727
"ind_86",3.61206112151881,3.06259852437793,2.21642844112517,2.13031546119363,2.42766363929231,2.32892606775724,0.56113174659364,0.50220865104809,0.423343045327965,1.17918610223169,-0.386714737582893,-0.394568490916322
"ind_86",3.52455789768969,3.06305813821648,2.25524936531256,2.13681704766064,2.42814552792183,2.28447003317019,0.56516911630441,0.501748603859899,0.421361338864703,1.17159526393158,-0.412558587048248,-0.408936488196596
"ind_86",3.59038062132232,3.10157289213331,2.2348536137979,2.13025751280819,2.42669135816085,2.29785131166906,0.569874606821697,0.506870107148007,0.397979753387748,1.18038121733952,-0.392995625955593,-0.393340814191202
"ind_86",3.53997273261583,3.05634773999852,2.25410420868231,2.12991043017471,2.4303726760547,2.28641207661151,0.570863375833919,0.501209646306737,0.454702414575849,1.15508394533821,-0.405071812258707,-0.419885764707535
"ind_87",3.37673540838787,3.00559545170815,1.80104418438228,2.18345991316168,2.43545981987244,2.47406522393729,0.545671212727988,0.470239099470266,0.367634118500665,1.1026796304243,-0.486415769448505,-0.527457509915022
"ind_87",3.36319979957664,3.04444279392682,1.75748704058512,2.17371769105908,2.42675020597017,2.47707379494751,0.540935042014514,0.471718330033835,0.396289359511795,1.12532635190318,-0.530728186296991,-0.520329605954396
"ind_87",3.36695029867615,3.04494549155976,1.72311758019274,2.18002371357933,2.43663889967669,2.44197245031473,0.55416555065129,0.478061506064551,0.379253253163452,1.1452267836911,-0.530460096639865,-0.51719807587958
"ind_87",3.38132282487044,3.01483516919316,1.75722866259503,2.20019551436201,2.43503450333334,2.5058400449974,0.5413736185984,0.469279382170322,0.398787768125132,1.11649609155457,-0.522663166123361,-0.544814047859083
"ind_87",3.38243878779027,3.06388793927306,1.73365060312991,2.18514983666494,2.42857652323338,2.50824041635075,0.547959820365123,0.476381990575654,0.372025186008824,1.13476590527726,-0.542146446821115,-0.53405721643663
"ind_87",3.35412547762762,3.02338024820096,1.70713594538413,2.18724656655556,2.43082948726569,2.46781936327859,0.540125470258876,0.471171157275572,0.370810296606653,1.13516995231124,-0.525484869958556,-0.540647923294643
"ind_87",3.39229938874354,2.97433382781939,1.75108745247666,2.18552642572815,2.42465096113038,2.46567322794725,0.544366830942871,0.476081320121589,0.383760155035091,1.09391149694963,-0.522405514797474,-0.529931036519104
"ind_87",3.38933227958421,2.99994318887125,1.76927406180487,2.18722710854006,2.42957619115876,2.46293407268105,0.547886368078741,0.472680119591421,0.382423532530978,1.11787649698116,-0.492076717526208,-0.558495520369718
"ind_87",3.33488619420611,3.0134832192419,1.72205114544501,2.19044272476207,2.42621214780282,2.44681468206777,0.551154778045461,0.472849342811397,0.38622283184385,1.12170133624104,-0.543413354158952,-0.515555354320759
"ind_88",3.38368372527606,2.94720832856082,1.90833403032228,2.2039217631518,2.45588031237845,2.4194500465213,0.548340105068997,0.508269484205054,0.35143648215242,1.51814215522932,-0.483360028561615,-0.398196027968222
"ind_88",3.36684503433807,2.93908266125638,1.97104780424566,2.19884234697975,2.44251689588857,2.39221446244717,0.544563784500954,0.506897832897031,0.369555454025215,1.54346430919759,-0.465400212250222,-0.44028422034638
"ind_88",3.38536968324587,2.94280705724541,1.90402934301065,2.19607731914833,2.44957421736672,2.37675714479656,0.550383909145215,0.500181077771612,0.380371469121066,1.57100141455238,-0.374366477727166,-0.419675759421501
"ind_88",3.40111702956066,3.0001352215112,1.90171852678198,2.19241380995837,2.45404123041491,2.39419673851196,0.550837301761079,0.507797155892646,0.363401426582854,1.58266395894118,-0.453951414445555,-0.441118221508842
"ind_88",3.38548019733312,3.00980176972956,1.93103095989892,2.1972422038592,2.45146188196737,2.37005471575276,0.554252953711129,0.504536372610172,0.343898492036965,1.50136612305609,-0.44113353825972,-0.427867263814281
"ind_88",3.36219749347244,2.96503411320028,1.89513687378474,2.19799156484404,2.45749279843226,2.4009221400202,0.547332734719037,0.506990123584962,0.357006302944564,1.56082145920751,-0.438446967197032,-0.41842205092239
"ind_88",3.34494263891606,2.95202152872456,1.98531273161228,2.19486561869305,2.44201774993532,2.38825914376159,0.549692636537997,0.511673134678149,0.3733421090675,1.58353166584923,-0.437573818319065,-0.433636143197968
"ind_88",3.36688701471453,3.00311662902179,1.96918922130276,2.19880699265821,2.45786155869743,2.38154539595641,0.561582463738923,0.506351854700792,0.355252100584522,1.49849115074919,-0.417948069839446,-0.439559431793344
"ind_88",3.34534225243059,2.96383905310374,1.90126141017436,2.19363086504147,2.45119061144852,2.40653364679184,0.543408827236019,0.507760777988343,0.375775587423392,1.5594191789641,-0.454853399069756,-0.402039424721802
"ind_89",3.35903920461154,3.02794509698628,2.06590924703248,2.16303075298531,2.48728975965754,2.27683499122625,0.566860801876616,0.497373117945236,0.354516213847607,1.29045607002749,-0.592427160921315,-0.415302254234859
"ind_89",3.34177253270783,3.02634214627729,2.05736520317125,2.15029767073966,2.48339762748415,2.30111315363639,0.56623928122736,0.494598457561567,0.371067893367997,1.33135945843703,-0.604614147482459,-0.380170757022334
"ind_89",3.37253478747319,3.06470406900645,2.04789523300447,2.15820477878911,2.49084058450299,2.33705663099541,0.562560430191549,0.491960305118969,0.357732265563297,1.26643099317081,-0.578108335392881,-0.387910738265953
"ind_89",3.34723551405627,3.00133153636534,2.04715204282495,2.15078437993184,2.49277045238786,2.29740726183773,0.567492202836491,0.496655137485495,0.351443389451316,1.34408394573785,-0.626094555008354,-0.39778957176607
"ind_89",3.26046292051009,3.04607131352544,2.0474427260671,2.15518867455633,2.49087691124857,2.25869830934064,0.564118435765295,0.4929888020397,0.355963597282911,1.31893118194435,-0.620862355722275,-0.37960048227554
"ind_89",3.33175951224609,3.0328520688201,2.09179209377065,2.15154462088748,2.4813438692088,2.31622750826823,0.576415849868593,0.491994765540678,0.351829676948564,1.29269153811359,-0.574382407330152,-0.360069224759794
"ind_89",3.4042424163798,3.032109794813,2.0997664000339,2.1570743832164,2.48633342204565,2.30940972838254,0.575760645475825,0.496482084177102,0.36730946802596,1.27234442147458,-0.643321657098445,-0.371878061944626
"ind_89",3.35485686862944,3.04818857722074,2.09570500911485,2.15598560005493,2.49951858900312,2.33094978356275,0.57074933864011,0.490805016162851,0.363563568913658,1.29200178230476,-0.626277786646951,-0.397695616176846
"ind_89",3.37541292435396,3.09158890543825,2.10732094654922,2.15261195447122,2.48496723556215,2.31151465541825,0.563816105172327,0.49147210157326,0.367968482757646,1.31211176925003,-0.624309608546483,-0.392315950575746
"ind_90",3.14216312210258,3.11111912640029,2.01444818781036,2.14845958589966,2.50163741913199,2.22425668529662,0.535393048622733,0.51711616269703,0.341812825158545,1.10783733611752,-0.38302558599501,-0.395160587296491
"ind_90",3.05656487362999,3.10624601290285,2.01015620221725,2.14487465348318,2.4786236795287,2.23057243944891,0.534093166050983,0.517498877695575,0.335978140513919,1.11199864008349,-0.327797658742107,-0.40613958288788
"ind_90",3.07992789979978,3.04489600818677,2.06020720555934,2.13598595156453,2.49133246817796,2.27214144174547,0.540658344232606,0.519131116101541,0.358624381170098,1.1098677468653,-0.332859967600311,-0.400118739272815
"ind_90",2.97433328073529,3.05935695541359,1.9742362926558,2.1411118810113,2.5005165473047,2.25864663760733,0.5375702485176,0.516861087950333,0.302297718178983,1.15231490488792,-0.344896661375668,-0.388527195895829
"ind_90",3.0012879777404,3.08312404983886,1.98868821322387,2.14692256645033,2.49948738108192,2.262594630872,0.526527302312095,0.51830294961723,0.357924028150135,1.15591485386584,-0.37087480947969,-0.387955680522035
"ind_90",3.06586219425922,3.05964189317911,1.95640285974195,2.13810436095446,2.49835058462814,2.26673633590771,0.534557632774026,0.517455526222422,0.366400878592738,1.14210325711035,-0.373097854690224,-0.404439850344965
"ind_90",3.02457017478086,3.0628639270174,1.99882492921988,2.13272807748321,2.49164265368801,2.25483398884242,0.529517505797622,0.517125637883062,0.326932090439696,1.19007228660795,-0.375790843198141,-0.366370111984796
"ind_90",3.03121923071935,3.10307555515271,2.01584347274309,2.14277140508732,2.49072724927238,2.23261278719047,0.536282053272843,0.523709203788752,0.33594081058711,1.16133514425599,-0.3831805700671,-0.399057958900368
"ind_90",3.04371469828823,3.12244045397152,2.02478327976906,2.14586452015716,2.48778092994973,2.24526325724538,0.538438813545102,0.519864321540304,0.352547122845097,1.18190976645262,-0.356168038589151,-0.419069461506579
"ind_91",2.7531896845403,3.0767770945197,1.9335799495381,2.1627160456806,2.45066982724562,2.25854885371856,0.523104249565723,0.498755014887954,0.435883655408887,1.38179702419414,-0.591914440422794,-0.464118330534151
"ind_91",2.80428941032135,3.13642118731082,1.91976248267818,2.15310094803159,2.45684847376054,2.22229220803963,0.531096480514196,0.498793903553617,0.384444756056559,1.39150715584703,-0.570183390214939,-0.424842792525234
"ind_91",2.863863989609,3.12094828839488,1.97116447490493,2.14684916148587,2.46074903096689,2.26024206488295,0.52059460349284,0.49810320924577,0.40200036200218,1.40407091836527,-0.58186244048813,-0.456549757349302
"ind_91",2.81573772413637,3.13396341668849,1.95398993318651,2.15332066851137,2.46138209287776,2.21512321579784,0.517789055746881,0.494681715566007,0.427010250369354,1.40354385038915,-0.550427516984871,-0.464044213200186
"ind_91",2.80513857774861,3.13961407997114,1.92704951002491,2.15354786042074,2.45533359552232,2.23640107641821,0.519903549829408,0.495041424245948,0.401983989113082,1.4131020940472,-0.591240058384626,-0.438060393896091
"ind_91",2.83092805951383,3.11237277746631,1.98826871524875,2.15968531530844,2.44620789827204,2.24572317969024,0.524326459890328,0.497779037325982,0.41609678087389,1.38204314432103,-0.611952156069509,-0.453442647737287
"ind_91",2.84009895238124,3.10696960294802,1.94846460897471,2.16003221021973,2.45286656335236,2.28825930851033,0.522018957739613,0.493013450029747,0.395390527002746,1.38784151756389,-0.561583262038813,-0.46101830859567
"ind_91",2.76793636206127,3.12642566349072,1.93076140780319,2.15753753430563,2.4548901698915,2.24632046187545,0.527803501178676,0.500283726736066,0.418205107174248,1.43226783570052,-0.535500428375434,-0.458441773106726
"ind_91",2.82995192787363,3.09259395667728,1.92637190446488,2.15691166693318,2.45268949616762,2.25133918665725,0.510552778265184,0.499050803727723,0.435179872054452,1.38935828941819,-0.563143843432649,-0.434778115235249
"ind_92",3.42229763180862,3.15659301152014,1.69992822970436,2.16549392196453,2.43964566571083,2.10496375926537,0.52790951987669,0.49881753448414,0.464570230306313,1.25004071842245,-0.256204543017569,-0.383454457671153
"ind_92",3.40164730151993,3.13028802835584,1.66464003535605,2.16777085077116,2.44043759825905,2.08153420403526,0.524232125055985,0.499615462194982,0.476187104022811,1.17418628729587,-0.282639671509483,-0.386372266632005
"ind_92",3.32900472598839,3.14994341703285,1.68359008893957,2.17546221787952,2.4460391692813,2.07190143820058,0.536441861807137,0.499965890600091,0.480683731222898,1.20878432393452,-0.303025041676003,-0.379291104291746
"ind_92",3.36349426351967,3.10731361649052,1.78625879169796,2.1746759023445,2.43894298740685,2.03021486285317,0.525265937400599,0.505325029432106,0.453118322670213,1.23765424042482,-0.252399651788523,-0.393953311623103
"ind_92",3.36490331371969,3.09425482096306,1.7490754227695,2.17760079988203,2.44999140571952,2.05854649536943,0.529164098695933,0.50288649562254,0.483848443854871,1.22917072370436,-0.288858938692404,-0.388636288608664
"ind_92",3.32356370993067,3.16770393960784,1.71109738906668,2.17058100267003,2.44398949551537,2.06720751369848,0.524306888453881,0.50000330594606,0.472739636932003,1.27557107664698,-0.291750522443051,-0.380458701191442
"ind_92",3.39001712271092,3.1119012351521,1.72625406710949,2.17550302447645,2.44228397459307,2.06920328422167,0.532047746545272,0.49947451367443,0.461993851275515,1.22800531227097,-0.271817867803597,-0.351717049484313
"ind_92",3.3842131346529,3.11246536511665,1.66481614741846,2.18267233928962,2.44986208447925,2.08044052137044,0.531704974935111,0.495318002038881,0.47840121121603,1.26540702758631,-0.272826356224469,-0.380390540372757
"ind_92",3.3532346000179,3.11602787209312,1.69586269818378,2.18412038472693,2.43697779023615,2.01235428123252,0.528442773444636,0.498947476444899,0.442010491813395,1.28417970911387,-0.26566417591012,-0.361858006564764
"ind_92",3.43015410789086,3.10484480030324,1.69183339096164,2.17765827853657,2.45313596501507,2.05965188878728,0.53316305922921,0.498842149422107,0.461689792189234,1.24694610520138,-0.262858967908181,-0.351698818503994
"ind_93",3.04844968231442,3.02257457493491,2.1800216391192,2.14907052002987,2.47932908198906,2.46445142237814,0.526419037747111,0.547307617696427,0.385546658381942,1.32354780290009,-0.431386204235652,-0.268967304141107
"ind_93",3.02844066930227,2.97536027465153,2.17968986252113,2.15176040076554,2.48260957966953,2.43469029740422,0.532959777695453,0.544239133662971,0.377257390609511,1.33992990736555,-0.407124198818184,-0.270193261458735
"ind_93",2.99953885226018,2.98139519806428,2.12031426709583,2.15474719296172,2.48141042251532,2.45751946517438,0.524641306652659,0.548220444467226,0.391846401195139,1.34286672905919,-0.38283188509063,-0.252580092147341
"ind_93",3.03477621470859,2.9869206572746,2.15828280183858,2.15276235943941,2.4902037706153,2.47649699898126,0.532647912173662,0.545819444703333,0.390988712398396,1.33446569175901,-0.372327602916972,-0.283806099488003
"ind_93",3.0339114614549,2.98096242743311,2.17255304468366,2.1474924736548,2.47744793102962,2.43971247485064,0.517399962342933,0.548194763491947,0.402221527892457,1.30394758227716,-0.431688186378148,-0.269347391873233
"ind_93",3.03854784577981,3.00445381938403,2.16839833060133,2.14836346479544,2.48070631457283,2.46319963831443,0.520524053593564,0.546829245151118,0.353160456747098,1.32399600230961,-0.459548395812769,-0.270634175900079
"ind_93",3.00210557729232,3.00537335436183,2.15242405248441,2.15087972119607,2.48497571960144,2.48739209678203,0.520990938432535,0.548633778915449,0.384244222235743,1.35344692743836,-0.432746910788152,-0.273405941962332
"ind_93",3.02135219027269,3.00910028094855,2.22747209495501,2.15039174364581,2.48498887346654,2.4749734902155,0.526454647512933,0.544356893473511,0.355103674745034,1.35711562656496,-0.409383203811621,-0.267942531312963
"ind_93",3.03660106553206,2.95030060328784,2.19895929931448,2.14306506133277,2.48135843240135,2.51862932938086,0.530134816235652,0.551907354248694,0.378885955106733,1.33581061177808,-0.429163776407854,-0.24870042367634
"ind_93",3.11465494350257,2.97868694578563,2.20902775135856,2.15672356028789,2.47705803818063,2.46684652564912,0.534474841153186,0.550745874494571,0.402380097460763,1.39448004661369,-0.431141427836895,-0.311322829794351
"ind_94",2.77720372867795,2.99775617550202,1.95633869904752,2.17644074335001,2.48329735174807,2.41320194580146,0.565953454295894,0.509323163082282,0.41180449973282,1.19630207413993,-0.538525564111213,-0.469250901483977
"ind_94",2.81508274090809,3.00978449147894,1.95468188257704,2.16605201160876,2.47551322158796,2.48903100285406,0.565693996425247,0.504770687629535,0.402672862599205,1.18045762772821,-0.539843052640196,-0.501666800903509
"ind_94",2.77860232114307,2.97809993940997,1.98081697284818,2.16726411057006,2.47482086190004,2.42209867554538,0.566994905265376,0.506977844660281,0.400751615556302,1.20794379742012,-0.524138939583661,-0.521302068968519
"ind_94",2.74177669724863,2.98767642768714,1.9551648210484,2.15996532098533,2.47791459818251,2.46202126527114,0.561740803619234,0.510360621145804,0.367331016968913,1.16726046585887,-0.521177116843711,-0.482505998898532
"ind_94",2.83297777003576,3.01217978463605,1.94224603336071,2.17392395362738,2.47179914230273,2.46904143243144,0.573135510847047,0.509905050518786,0.399162792746131,1.20298872773418,-0.528480913627084,-0.481590768771096
"ind_94",2.73882274192663,2.98515102130609,1.95426857290215,2.17125471671878,2.47396790403218,2.51780511756989,0.564993747624386,0.507209726044576,0.403585359551448,1.19635155227244,-0.557990800991743,-0.48338209385389
"ind_94",2.79976720621716,3.01401521220992,2.02642520266722,2.16967694443907,2.47609105061717,2.45629897712962,0.567322903831015,0.511290114101652,0.380736826917559,1.21679760427598,-0.541421180673281,-0.502371556206537
"ind_94",2.75120740308285,2.97312691380439,1.98125170757446,2.17501441398435,2.47277338239029,2.45818486530229,0.568824984159778,0.504524712374219,0.400488854112367,1.23542196847065,-0.490962331581669,-0.515356179170484
"ind_94",2.79085351051337,3.03662115258701,1.94042836467019,2.16789202476435,2.47352801197719,2.46456847235264,0.563160639918181,0.510865717283628,0.394109690526734,1.18906009274709,-0.542164784487823,-0.500733815482021
"ind_94",2.71150250955899,3.02566270560421,2.00176524830929,2.16987107736449,2.47623216619014,2.46724180722538,0.565444876455087,0.506633461762999,0.409833061476578,1.19002680188796,-0.594604875506892,-0.514069673417082
"ind_95",3.0566660673309,3.00993568351815,2.00097288960263,2.15866844061092,2.47679539194181,2.3301358721792,0.541862451167721,0.504151495283051,0.495604214393221,1.3750864777154,-0.197052348993469,-0.428883324849655
"ind_95",3.07884060507743,2.96720081935597,2.00825993185891,2.15609791638406,2.47624272211202,2.33721750907875,0.540551709380895,0.505290605404061,0.507707407121713,1.42230275626185,-0.244883348788134,-0.451146056343709
"ind_95",3.06181422144772,3.04486385403704,2.00318380014554,2.16052925284754,2.47662649562742,2.30480680877366,0.554948401138232,0.499975741361657,0.505455167743226,1.42946630006603,-0.236313742510019,-0.453758955732564
"ind_95",3.13208369916898,3.01560288810547,2.04901363019755,2.16011130981316,2.480616554606,2.27551503629142,0.545679495976486,0.498960096727451,0.495017764159217,1.42979393480659,-0.181307018733051,-0.432581224059441
"ind_95",3.0833854162556,2.99899920743112,2.03530759244201,2.15769490332619,2.47197254731778,2.33920894804677,0.548264431272492,0.506878577521724,0.495085612074751,1.42343982624699,-0.263473487999056,-0.442492037785012
"ind_95",3.07323172181118,3.00272062993283,2.01995800542213,2.1669782710746,2.47062776173754,2.33884522332423,0.546069375759768,0.503128428135371,0.475954971394221,1.34874763777181,-0.209518509205782,-0.435962195388816
"ind_95",3.04108156422426,3.00983416043812,2.03524615823356,2.16051465707255,2.47842352816569,2.32450659303352,0.552912827709484,0.498212799881335,0.471715874445157,1.36016720414196,-0.249415844146914,-0.44071919086058
"ind_95",3.06765647085916,3.04404960086876,2.02451619287882,2.16398587152202,2.47557253072126,2.33249965364895,0.554073765295002,0.498519773825753,0.469633222560228,1.36761440331261,-0.248969878661268,-0.456354410480663
"ind_95",3.02618763566258,2.98410946760286,2.01509656243075,2.16125335457923,2.47726572734932,2.33436185484691,0.539120498132602,0.503786273512297,0.485731033223293,1.37542541590164,-0.258890888340661,-0.449377233414576
"ind_95",3.0391876583841,3.07100929048677,2.03206721825833,2.16673027145782,2.46632514487889,2.30789194734111,0.540932462299021,0.502116825567709,0.489529289494633,1.36603020350997,-0.240188162389315,-0.44806960510705
"ind_96",2.68911160657377,2.89640273584085,2.11082195277845,2.14984882873944,2.44307277067246,2.2873342864726,0.572104861702336,0.491405678872993,0.412563836731321,1.26857394728106,-0.587370412699061,-0.551076930288848
"ind_96",2.66457182831412,2.8874569606951,2.14022438899062,2.14733339817152,2.44740076854543,2.26524648280923,0.556777031970872,0.492200007682463,0.417285388864291,1.23632390806407,-0.614631238066222,-0.506565238802188
"ind_96",2.69597236248753,2.87401850152357,2.1229470114625,2.14718435052792,2.44699821139222,2.25624136339646,0.561906131299347,0.494146809185366,0.41283734270567,1.26945928701951,-0.612006317367278,-0.513913788000677
"ind_96",2.72353085994034,2.86087615379926,2.14707433249277,2.14525962027288,2.45262880565824,2.23780639977825,0.557495786766939,0.492578559379975,0.420449305871247,1.24489305313384,-0.638014498895353,-0.535502575827004
"ind_96",2.74045192379033,2.81807133974954,2.13861238247703,2.15085264035026,2.4553985992793,2.27201522093152,0.555689373022289,0.491570318585587,0.38991200539357,1.22090617267467,-0.555595035850576,-0.517296750260316
"ind_96",2.69556471194973,2.84031259381083,2.11341390980961,2.14155527199857,2.44881888440823,2.25671901644072,0.567287565799682,0.490878452078685,0.41486107329254,1.19268052745914,-0.612497013134037,-0.512494941126325
"ind_96",2.74122365011485,2.85228387015377,2.12943769602975,2.13974145659429,2.44561425233384,2.26672337670978,0.561715128666639,0.490818271927868,0.40799979117021,1.17702469281775,-0.619245425289274,-0.501388772878344
"ind_96",2.71999350444032,2.83024453026754,2.14784627141445,2.14032853448813,2.45539954964638,2.26896347266711,0.567202849055002,0.491328258533096,0.400493421216394,1.20157849782304,-0.597323335450728,-0.496110511648855
"ind_96",2.7204987471668,2.81890479329369,2.10735458856386,2.14401621313795,2.45322419756653,2.26657256836897,0.563054731904398,0.492409073350103,0.390691981077171,1.28250193775926,-0.583186055454795,-0.499405242309071
"ind_96",2.65003622294384,2.86415862241204,2.10173238764262,2.14029344819026,2.44292638388256,2.26338161557605,0.554922787755318,0.493657284807743,0.426112670324578,1.16480104974085,-0.605508976103659,-0.535187254419307
"ind_96",2.70146727469861,2.8602940363836,2.16330061731127,2.14736504497733,2.4479392338951,2.27185227282167,0.556676048308943,0.493330477911829,0.391798614191446,1.21949983736651,-0.610015629598872,-0.506244930548128
"ind_96",2.67786085934432,2.86463747996687,2.12069828294424,2.14332630500755,2.45365274705231,2.26681820175263,0.556558061865653,0.491848653121082,0.386579105926874,1.25746733779672,-0.601704328007039,-0.510143314772951
"ind_97",3.25699922225525,2.93025163407681,1.82371296477567,2.16189564055238,2.47613432712298,2.4112091104434,0.510832623505633,0.501451111137942,0.294673713767478,1.20238346673669,-0.477659685084057,-0.484557696239102
"ind_97",3.30545358444243,2.95242135964996,1.83136302870916,2.16274180749832,2.47047490920367,2.47199853230979,0.517369012297609,0.499497329990462,0.318475773175703,1.15353650497295,-0.497851398175575,-0.481181510944694
"ind_97",3.28466180494457,2.91980734582141,1.77644311173878,2.15820085784546,2.47619118281372,2.47269757119736,0.516713913640773,0.499328368191091,0.310117015327663,1.15164254282372,-0.5419751497408,-0.479187588198569
"ind_97",3.28754634608522,2.94179277507735,1.84257144798885,2.15799748056922,2.47146961292156,2.48582260554064,0.514486030995276,0.503250026630208,0.289788147491844,1.21755764126156,-0.530153488148849,-0.483201684042974
"ind_97",3.26210474291559,2.93328459916405,1.80991584565518,2.15770127492698,2.46930608981142,2.46778534266014,0.521107562125445,0.502657741475748,0.309370858308704,1.18172356459533,-0.489497482321157,-0.460807446688187
"ind_97",3.33516665077987,2.93007922826957,1.82509751401962,2.14431859899683,2.45844914838004,2.43580210793359,0.515565838459398,0.501993990391335,0.326657877071798,1.18059684491601,-0.550951285411403,-0.474701694535241
"ind_97",3.20916777095785,2.89546108959134,1.77641126966067,2.16499328477684,2.46781810051012,2.48932034518825,0.515414054709665,0.50263815020526,0.303029224521329,1.14646828470369,-0.551891062502455,-0.471311422940519
"ind_97",3.26764522351423,2.93018128359426,1.82678588098408,2.15764657582953,2.47651168913784,2.48688667667852,0.51482195478775,0.500946121711369,0.302150778826281,1.1722598918158,-0.50348006342295,-0.472842558501419
"ind_97",3.24802075152563,2.95257969698765,1.79966027490509,2.15389226938925,2.47321566601786,2.47372144482861,0.521131897536146,0.501004079551601,0.306722346141453,1.17267721122681,-0.476943419486752,-0.47096778156524
"ind_97",3.20374492397197,2.93286066394798,1.78327535474415,2.15874300260142,2.46650001363267,2.49823648606407,0.522359748068624,0.49820497103658,0.318463061296381,1.13258516005038,-0.503094274456893,-0.470924970396623
"ind_97",3.2415902908863,2.92974719032685,1.81288362867646,2.16218468291106,2.46501206752091,2.47928361079285,0.526850029486983,0.501397104483209,0.29615390412143,1.1574970034979,-0.499544196830911,-0.480766244727134
"ind_97",3.28733015016861,2.90220653015606,1.81674259469709,2.16624052654439,2.46752219495773,2.47651822852172,0.526874048606077,0.498428485237689,0.331111653422989,1.18470139907071,-0.535335028965978,-0.485877537080167
"ind_98",3.40472250121755,3.20951006712126,1.96830827007414,2.1213337716138,2.44409718027736,2.3897744024078,0.590128227738792,0.524913958961216,0.395970828469362,1.10934697216249,-0.181919497262439,-0.422591149475613
"ind_98",3.29728577902191,3.15005410463847,1.94444880165556,2.12690647985803,2.45711089806644,2.36090276719034,0.581887556243284,0.522787643192839,0.398270481548635,1.0642712542608,-0.222443101322385,-0.409406648511225
"ind_98",3.33159894191323,3.18873538698738,1.94594958211618,2.10881341594775,2.44661553233061,2.37749650276931,0.579964364694525,0.524076574788864,0.435156959145713,1.10288852785913,-0.220929037111058,-0.400918564590825
"ind_98",3.34304213192805,3.20478551185921,1.9885791552984,2.12102298489374,2.44852237797768,2.4089173548048,0.591730159954782,0.525210116651953,0.413281537662991,1.10282551519061,-0.258163397063409,-0.423383785202813
"ind_98",3.37726488361903,3.17881624867252,1.95218046980123,2.11557709988206,2.44303052535856,2.4219505152451,0.580720821411509,0.518934519214642,0.400336172025002,1.0535465733551,-0.217867733386093,-0.434653540716804
"ind_98",3.29383442928611,3.17864961070066,2.00413334976582,2.11772289296877,2.44360307218663,2.38761620603813,0.593099883012006,0.526232894434281,0.399333922639558,1.04068280633187,-0.25074633379959,-0.41451416815626
"ind_98",3.31629421957189,3.16491131485391,2.00579307566681,2.12557643151936,2.43838327338798,2.40200560381075,0.584864398037676,0.524613379083913,0.409310429831653,1.04514081442279,-0.228403200913166,-0.398847867074553
"ind_98",3.25643153647481,3.23326756559727,1.9588830557097,2.12053740296681,2.44052517165404,2.41180284073171,0.581715997478982,0.525056224909875,0.41978798392921,1.04476513982248,-0.215413362121457,-0.388543183544588
"ind_98",3.29590311511501,3.21608143434848,1.91910665341383,2.11856312636615,2.43767878847263,2.35697417787173,0.579918148377036,0.523818405880093,0.379079453908449,1.09193842636349,-0.273903521762646,-0.423712669703804
"ind_98",3.29212169252845,3.17806874054773,2.00837859642758,2.11506438226259,2.45001597807208,2.3898222583486,0.572351533900452,0.524467253749347,0.39701233854888,1.037306518968,-0.22219105279015,-0.387895760690708
"ind_98",3.30139885361401,3.21009083246237,1.98686698750897,2.11485595062107,2.44920755755136,2.41502251803611,0.573043635130566,0.525776054277247,0.401816430539373,1.07659981776622,-0.201368605524263,-0.41642687254895
"ind_98",3.36135756306293,3.18044449239198,1.95371828768678,2.11738134075219,2.43718273128781,2.42304319148806,0.580371855393866,0.529508442221972,0.397943837148461,1.05299923680933,-0.22923345556588,-0.409688458931304
"ind_99",3.04225763993893,3.07539027632668,1.98734740792243,2.17266831248644,2.44217020261815,2.35911406159454,0.549283063481494,0.515314654258683,0.409790352885794,0.951281426022868,-0.558466207591037,-0.341281407152445
"ind_99",2.95714655533469,3.16000826476687,1.96775142123543,2.17336930185628,2.43559783639497,2.33078934381387,0.546133585312822,0.512708832047098,0.436342453020683,0.964313209643032,-0.530461025511333,-0.346563116384722
"ind_99",3.04243098080732,3.09815286342688,1.97233831785501,2.17572507205612,2.43675171375241,2.37269230712157,0.549796992888729,0.512292346712063,0.413115537937726,0.909670115369065,-0.542866633086522,-0.354917262944627
"ind_99",2.97348183484055,3.11756647851739,1.97002493628859,2.17420116061069,2.44033799544004,2.34769085112622,0.547474055569473,0.508271554664552,0.434983276321025,1.00685115616199,-0.561262056918915,-0.326390507868379
"ind_99",3.04617974933527,3.10960012420363,1.95084372488566,2.17393079252624,2.45032737852859,2.35798288082483,0.563030855331995,0.510360428168728,0.405860342722274,0.919321180438741,-0.530603228697131,-0.343300336297396
"ind_99",3.04987593221109,3.03325928057659,2.0016317931608,2.16720900814603,2.43989616819879,2.32806241348542,0.556618301801455,0.511704962366237,0.443994023996973,0.94886948790475,-0.516442796461796,-0.345523279463271
"ind_99",3.07689665069516,3.11213559231461,2.00003105861284,2.16996715704354,2.43577353967864,2.32463759679801,0.549276264535809,0.511134886706226,0.420930477499119,0.948315139905062,-0.53674782907609,-0.353574458279967
"ind_99",2.97902728295692,3.14871352986599,1.98035847097049,2.17679331868112,2.44143653946862,2.37168728883309,0.547925554191386,0.512053368951503,0.459017460857867,0.941170732602964,-0.531561872441981,-0.352546720730135
"ind_99",3.00111374021323,3.11502952275308,1.98707437792988,2.16749169415887,2.43626595348585,2.35341253252531,0.554145921601961,0.512432621502288,0.426446981104539,0.976835760988841,-0.534883188924323,-0.342638835012895
"ind_99",3.08645438934544,3.13589550971093,2.01398499784192,2.16843151891187,2.43116078495901,2.37248394591661,0.547913672979833,0.507744724986824,0.403537537593284,0.953520598928192,-0.55947800737616,-0.336774337883771
"ind_99",2.9989453971729,3.13429381176148,1.99273836505664,2.17586386321307,2.44418274782541,2.33687943808749,0.545358035087534,0.511116836775155,0.42243383180919,0.939646471435726,-0.542903866495743,-0.33335331585397
"ind_99",3.0758684545884,3.08727053160826,1.97122306245392,2.1747487363955,2.44053100113836,2.36580349838876,0.552104347454618,0.513996063543459,0.445824552306961,0.912516539945079,-0.553637733262761,-0.330391550000804
"ind_99",3.04033546964914,3.14293743048682,2.012502531095,2.17366097187553,2.43806750130661,2.34556906738595,0.543794647147029,0.510693822545258,0.406286287511958,0.970142092487247,-0.53543043566984,-0.339675209592091
"ind_100",3.38046805772487,3.12645960892135,2.00281143831712,2.16100501341373,2.49181989318283,2.28130573646274,0.574622971791016,0.48489215930398,0.466798380984393,1.37899592470828,-0.463091936043168,-0.405953228574257
"ind_100",3.38396101571623,3.10914283956813,2.03251305166132,2.15268974508816,2.48883112765553,2.28105548379316,0.569627155763461,0.488784844903965,0.440275748611867,1.38074037201349,-0.459126107017187,-0.421827062093394
"ind_100",3.32354265807248,3.10137629800543,2.02174154570799,2.15421820689897,2.50057141057829,2.26276992407214,0.574239784669494,0.484799886594393,0.440354142842929,1.32603252618167,-0.439319125452101,-0.377914956978179
"ind_100",3.40745896144009,3.08353621853695,2.03466387705964,2.1573786576695,2.49407709862362,2.29134859645679,0.572727521474728,0.485474974946248,0.460079185079512,1.39072118810679,-0.418908713070022,-0.381786916054386
"ind_100",3.32915488050816,3.08515128891014,2.01740353229122,2.16157323352426,2.49666868715277,2.24156357276925,0.566702218374098,0.483890470596225,0.440460708000702,1.35703665207244,-0.395792778258215,-0.384728602384925
"ind_100",3.41123344785926,3.05122895387967,2.03843726416063,2.1595249853598,2.49796060607893,2.26950847603863,0.569673962544351,0.487856403890215,0.430407949618508,1.40880783369689,-0.46335638725328,-0.453069871684088
"ind_100",3.39797604042044,3.10581171355149,1.96436410482181,2.16268337592611,2.50195418471236,2.21885675757873,0.564547558457178,0.489357729582573,0.464362514937196,1.33877294413999,-0.445758757682329,-0.393825111771749
"ind_100",3.40416599005728,3.1103149588052,2.05531211790971,2.14097880291437,2.48519722096358,2.21865106638565,0.572909213572133,0.48655705440708,0.44034483323978,1.33498666072684,-0.45722026761883,-0.384269659941142
"ind_100",3.36416217157024,3.16267853447038,1.97940833700075,2.15384724995722,2.49568731725694,2.23775038156875,0.568732038213561,0.48252737682671,0.460730141649209,1.37803929194469,-0.435144852824303,-0.417536872459998
"ind_100",3.3173742525851,3.11147330847953,2.02088704235543,2.15955856863576,2.49809228524693,2.23878234221984,0.573074375271522,0.489419352479158,0.425630426180305,1.30878234394585,-0.434709270917273,-0.416816892618972
"ind_100",3.33076979912724,3.12757442109285,2.01832375784279,2.14965665659607,2.48996510979697,2.24946112005978,0.571349602670934,0.484946196332071,0.43594865170468,1.36019237577121,-0.397750886577735,-0.417520427431966
"ind_100",3.37164514611836,3.12423989930484,2.03535066502373,2.15335121711496,2.49166846864741,2.26089404496297,0.581787753632166,0.487145720965198,0.43084842973613,1.35267235447235,-0.428937103711994,-0.399682810373206
"ind_100",3.3769021584648,3.09001860789094,2.05495253730638,2.16023619369489,2.50341274631917,2.27367239732733,0.568284038534963,0.490799677173708,0.447646677108034,1.34390541118797,-0.428362153875934,-0.411353656629154
"ind_101",3.11369279152663,3.09261374230634,1.77818834955325,2.18368150430428,2.49673550273422,2.33289268485168,0.526836763586042,0.494376831509674,0.430077933831053,1.12043532861888,-0.434462442041627,-0.47263840586966
"ind_101",3.18980393408823,3.08664493189695,1.78861036457642,2.18297817650567,2.49376138864255,2.32595482454907,0.527047329107778,0.494424644991506,0.416682046101609,1.10999303867474,-0.408052192264132,-0.504805038373175
"ind_101",3.18967805625177,3.07060976041012,1.83646612600215,2.19050734770931,2.4869167586045,2.34138843147158,0.534066995260664,0.495522089109105,0.429353556630438,1.12283414190107,-0.43503055145483,-0.497244389752634
"ind_101",3.21789019680455,3.06912224741307,1.80704571547752,2.19359200527123,2.48935923958829,2.37587112251776,0.523593235721842,0.495107402062702,0.427195060273615,1.1379485723643,-0.380502900848089,-0.497087368542031
"ind_101",3.19399613481806,3.10819339515906,1.83638887549379,2.18881015408168,2.4847782501366,2.36204807659477,0.530544465278982,0.493128128696843,0.423805117714438,1.11874242511827,-0.421971308971111,-0.489488507738659
"ind_101",3.21263452729483,3.05416056922397,1.80203091584781,2.18109269574287,2.48737576776584,2.31277926607815,0.529759275017933,0.495492613636716,0.427255948142356,1.1267352642965,-0.433075341600011,-0.495536244885644
"ind_101",3.15695103202851,3.09324520917868,1.85351887325888,2.18499298920724,2.49398361642641,2.32548476159998,0.532230914708674,0.499544659039885,0.444758696837696,1.12636608431132,-0.409294818801064,-0.523253481940374
"ind_101",3.22305594287352,3.11343473010281,1.82655445920384,2.18520854549649,2.48273924198096,2.32361028196876,0.535799073062614,0.494858217957146,0.426638738927355,1.14507285908936,-0.446509942579543,-0.502061281194435
"ind_101",3.09424143333483,3.0742755989305,1.79585684343084,2.18909563231653,2.49734268749564,2.31935145411997,0.533065187874736,0.494723034582806,0.424364985930008,1.12353601270443,-0.444649235654202,-0.47794361565917
"ind_101",3.11657433895524,3.07350310109089,1.85671414019881,2.18225679482557,2.49756703579871,2.36109088458973,0.528473971962459,0.498542569009258,0.42334240305575,1.10885765958082,-0.442034494338198,-0.488174526339972
"ind_101",3.19197393843367,3.10087745201481,1.80036118000621,2.18436291217617,2.48070747116204,2.32007362732362,0.529183107227894,0.494498425467785,0.409699475524139,1.15198152611268,-0.447479518494498,-0.493103472950642
"ind_101",3.13214395135311,3.08166523160276,1.76708543972326,2.19427115615565,2.48402075297597,2.35523106708825,0.527559408563438,0.493585028801804,0.422551778011964,1.08583400458876,-0.450252613428547,-0.47728865626771
"ind_101",3.22742244825674,3.11074244287414,1.85887282166975,2.19613643175214,2.49142733740456,2.34755489412745,0.526819658087752,0.496345277493055,0.425262620014745,1.18273988355269,-0.440568621652413,-0.494598496029732
"ind_102",3.17489120802916,3.0156181340751,2.05682078023833,2.17204316418486,2.44291255023248,2.28194523918458,0.511958260678207,0.514139375345741,0.47392003354442,1.28020871695471,-0.570982554291755,-0.367001915031606
"ind_102",3.19030084249978,2.98980369152955,2.04777863520369,2.16809584728202,2.43441804534879,2.27337447620769,0.524207790467454,0.517621424951507,0.455304071125669,1.20834404205422,-0.534858270644691,-0.386343057682997
"ind_102",3.1116792732879,3.05412872591595,2.0685306744207,2.17022184846341,2.43001570673423,2.27324760321358,0.513352799899189,0.520349295539182,0.447449296395293,1.25792263252363,-0.514191602476613,-0.389891982051888
"ind_102",3.07986172615722,3.03287885524894,2.04676018606525,2.16428296055324,2.44118909664669,2.27877946898716,0.524373933565879,0.519387303750473,0.468220726743379,1.21476064083756,-0.520662121689495,-0.374086057391663
"ind_102",3.19172201142591,3.04957631086442,2.04764388709777,2.16493626877463,2.42937822531008,2.28536429855997,0.523673075390487,0.520611969211746,0.47323162188361,1.29150772651101,-0.52586318460051,-0.349167267063871
"ind_102",3.20091704412671,3.0297668974675,2.0856952699428,2.15874452827433,2.43672617107275,2.22646153461092,0.511661856295829,0.52087677237037,0.479898365705652,1.2528799385592,-0.505577034968425,-0.378864377050924
"ind_102",3.1645636090073,3.03303784834323,2.02661343868517,2.16491529710233,2.43283902534375,2.3337423470166,0.521895991165442,0.518600950411674,0.473271236897895,1.22780856015576,-0.545827249559917,-0.352588451490747
"ind_102",3.08204455436654,3.0355802081956,2.03678473472643,2.16491925741218,2.43960863244842,2.25905920624848,0.515829935375202,0.518246494118748,0.487995833492484,1.20381219068174,-0.519159146533344,-0.360413927052473
"ind_102",3.1336386180068,3.05342104825376,2.07156411195471,2.16063647010587,2.43376901917529,2.29816790398993,0.519604452511059,0.518552419029932,0.472857008305058,1.19167977089824,-0.507009362501765,-0.384079877430759
"ind_102",3.14235750917904,3.04287193774342,2.01529285900963,2.16936262145556,2.43994619695208,2.31864416351989,0.511437720614613,0.519538840984218,0.463589758798562,1.22621640338087,-0.527061696582681,-0.352663209209436
"ind_102",3.09835917073729,3.05780905291235,2.1039291863308,2.16547884980461,2.43891246832626,2.29042946019024,0.520379259653997,0.515607078441381,0.459588629162905,1.20855758843618,-0.523576457839344,-0.384776497435057
"ind_102",3.15567668729857,3.04630929138546,2.01678191942251,2.15586724724648,2.4376492370766,2.29385373497841,0.513625908085759,0.520144262502374,0.466554358125379,1.24278869780898,-0.527692444894639,-0.36951742523482
"ind_102",3.13659770945178,3.06065731916473,2.05589573022883,2.15520411408328,2.43586001415364,2.24590812296185,0.52421218200313,0.518835980143201,0.437077827392917,1.22536021106336,-0.510362722291737,-0.365944123839757
"ind_102",3.2326192987373,3.04884009951134,2.09094806252078,2.16134066176006,2.43592848937324,2.26478409361829,0.516510730575259,0.517118173433194,0.481781753171022,1.21169235718916,-0.498635467287469,-0.383769076318595
"ind_103",3.0962771177956,3.01778392593359,1.89968442964222,2.15526904660455,2.4653723139249,2.39322028145088,0.519246948921738,0.486953982885813,0.448792069284955,1.07513895969234,-0.404630934200337,-0.349512004071674
"ind_103",3.07688850876137,3.00250183685361,1.9301728079501,2.14783022267327,2.47081251306487,2.35597998740184,0.512503276513386,0.490323315476096,0.451278378870335,1.13211327850949,-0.467230271695727,-0.358966373030419
"ind_103",3.07806673445497,3.02643607011203,1.90291375300615,2.15798509524797,2.46590806699939,2.35157968536847,0.513893415448694,0.48805237144507,0.478991455008247,1.12589031581483,-0.445808031691465,-0.323437453186247
"ind_103",3.11004363120661,2.99967612967188,1.90980766794458,2.14971345332832,2.46863940025326,2.35948253576793,0.514289808892009,0.48757559198608,0.429184274541985,1.09515203015304,-0.442073383416873,-0.352850033787472
"ind_103",3.06388345208651,3.03655469188808,1.86599617316372,2.16227988775721,2.46711077835203,2.35146011928959,0.517753615689134,0.489270580918791,0.461999690956336,1.11085778784769,-0.488365676434651,-0.354318318952549
"ind_103",3.08459115362801,3.02764056373341,1.87649572757066,2.15712849975813,2.46301310031166,2.37315327967115,0.512447411577636,0.487527028639747,0.456797701331287,1.07700414841061,-0.442132574699254,-0.369012215517853
"ind_103",3.08386414889027,3.00209274040357,1.91149820017955,2.14431959925914,2.46139511659974,2.34617747024827,0.508585985506997,0.490359713286513,0.468142006719671,1.08997145339659,-0.433697141392318,-0.345146141996262
"ind_103",3.10819031436582,2.98849382364381,1.92149138030603,2.15899660031788,2.46705316509389,2.36603438495944,0.51586420417717,0.481514739782772,0.465236088542128,1.10079920695847,-0.416909001283774,-0.351229081531573
"ind_103",3.08888008447317,3.03623430264867,1.92727108770901,2.15966945284275,2.46106601347452,2.34980866980085,0.513272300075731,0.483351584569862,0.470549520938066,1.09843597320717,-0.433248999171691,-0.355602806637991
"ind_103",3.08103085012704,3.0013013758908,1.92126632668945,2.16498462289265,2.46342526491097,2.39627227682461,0.517008897585875,0.487056416460973,0.459834035403871,1.09836759845264,-0.405506530747141,-0.350799486982868
"ind_103",3.07655043298057,3.01126271002401,1.87364570225709,2.15780016451233,2.47125124245964,2.37318949337369,0.515122345478298,0.483994863580599,0.402214234600702,1.14304804134355,-0.463886649179134,-0.31368651700903
"ind_103",3.15715132142062,2.99849167772124,1.9098116983334,2.15976548796532,2.46907721725619,2.34905547025664,0.51739198319956,0.486335015879982,0.439382242354768,1.12743986431563,-0.435404868415845,-0.349603263606277
"ind_103",3.08999757664396,3.01597099959187,1.93413349328817,2.15663794854477,2.4592166291722,2.35677356296518,0.508836597309887,0.488911448864039,0.431655834982664,1.15192840494404,-0.414464863939134,-0.329879794478783
"ind_103",3.08967731013163,3.00459883859625,1.91798588864661,2.16619721139662,2.46743518315467,2.36230147394295,0.516983313939975,0.488897921648698,0.454387112639455,1.09785288548379,-0.446857700966281,-0.358060759995189
"ind_104",2.87161050477002,3.09789676261901,2.07913032805118,2.1774907531164,2.42579462710839,2.32439514611149,0.590382750815942,0.524540174657803,0.287501584649575,1.35159222707694,-0.42234576082433,-0.302618939842651
"ind_104",2.85607930648618,3.10863659750182,2.12630127852784,2.16464875306228,2.42030716397411,2.28104920325732,0.601096591209353,0.521200935259751,0.296386263901089,1.34759086599108,-0.454407074093968,-0.33223945357823
"ind_104",2.81179444924553,3.12815089042321,2.06590258131678,2.17036090098238,2.41923031206578,2.28382159565539,0.590632453474829,0.523892551557482,0.29970958084763,1.40243921407878,-0.341964730743929,-0.295081968348745
"ind_104",2.81952715052992,3.1736958237799,2.15329340800503,2.1782406360405,2.41259948514908,2.28794265723147,0.589715357817564,0.51727954820259,0.307088904583987,1.41097796093269,-0.463803408789585,-0.316141732831296
"ind_104",2.8414344152808,3.07954765173068,2.08918170022467,2.18473316968441,2.41662404142196,2.29051871677576,0.587894605792858,0.51991584445674,0.299681244582176,1.41673943015892,-0.412196572353008,-0.313942481697607
"ind_104",2.84170129440993,3.14868683600637,2.11621957149311,2.16656219836543,2.41359197909627,2.31324917273174,0.58960485722525,0.520901084520853,0.279710521517033,1.36156549145303,-0.44441825559182,-0.298068512007501
"ind_104",2.93013778017537,3.11401945785576,2.10150569048716,2.16888864894467,2.42201623894654,2.31009866799312,0.588915339169234,0.5192731679637,0.30163988896591,1.35734539345396,-0.440729913870808,-0.298741067680004
"ind_104",2.82682877118441,3.14074090942633,2.14045148845208,2.17507961166536,2.41837864968547,2.30767769676859,0.577326254451735,0.518679545950595,0.281369692471211,1.34695152662204,-0.42034660844357,-0.319861084452636
"ind_104",2.8584477797662,3.08156109548417,2.10203863750107,2.17208242884271,2.4171196728491,2.33972908737465,0.586655348271398,0.521554461839832,0.30074594262289,1.44739491202755,-0.455797339132921,-0.301293123544972
"ind_104",2.79678848957509,3.11617034969927,2.12871505883637,2.17328552882287,2.42133512551015,2.29097110478982,0.592100931925001,0.514060955185471,0.29670989773222,1.38109598783648,-0.408086132979516,-0.323483780390237
"ind_104",2.85210782464224,3.09896285400658,2.11987298889123,2.16585020004634,2.41185828250591,2.30479755645513,0.590476764964398,0.519526241472455,0.306940213540793,1.39549344504542,-0.398418005824962,-0.305033770571446
"ind_104",2.93413415783606,3.14220823155452,2.12212327334459,2.16753552338906,2.41989611794116,2.32099364713102,0.587165803350864,0.524277549985974,0.283918956951392,1.42693293515644,-0.39213869369789,-0.307390758703472
"ind_104",2.86863131988752,3.14530264670793,2.11223658358982,2.1759414852262,2.41377307864771,2.29561644321964,0.597085724110305,0.521027209318555,0.300459745483731,1.31880964073807,-0.424235472897239,-0.311772167676039
"ind_104",2.87611132741402,3.14669229886252,2.06392502559004,2.17231165933255,2.42044451011993,2.2775812449084,0.58123370337119,0.523706362803434,0.294818807207873,1.41375547235456,-0.402645289888755,-0.311513773643634
"ind_104",2.87068873378213,3.13099751424536,2.13256158037496,2.17908039660821,2.42290814694077,2.34380404025029,0.590754518940367,0.521818815238134,0.29332788916412,1.38990076034477,-0.41161633185162,-0.318021822827625
"ind_105",3.18644361733731,2.89831490661554,1.99655039521295,2.20690168343643,2.34997431889748,2.22857610363475,0.54063774057468,0.513777411226414,0.468397356514191,1.37335870995049,-0.31478210676595,-0.443078831409904
"ind_105",3.10958294576834,2.89539625261845,1.96704351390721,2.20396749776084,2.35377561190016,2.27739140257873,0.535628776618614,0.513351681185074,0.460005967262206,1.3636689692105,-0.28265869017986,-0.442027492948992
"ind_105",3.16722869666317,2.89482270210868,1.96004382121996,2.19931316598132,2.34933522866069,2.24302327752842,0.541644607565282,0.508049488674698,0.467062726147581,1.40803545722827,-0.292392328638704,-0.478281497502849
"ind_105",3.13303453748391,2.87779088096107,2.01828734621182,2.20906613023597,2.35472392782114,2.24952591108599,0.554382019404516,0.51326392152002,0.442111168051647,1.37426844356326,-0.265506825524852,-0.442309494835853
"ind_105",3.11289452962589,2.90278618959179,1.95421533657205,2.2079808236585,2.34962010661176,2.22634081240795,0.537873611559567,0.516540749601878,0.45688585712553,1.376389928423,-0.293610251621883,-0.463302960607971
"ind_105",3.14706068031271,2.85573946288021,1.9956902571516,2.20312659506286,2.34898868362284,2.22473950601024,0.541107628677449,0.514952541876675,0.437901786736708,1.39454320203897,-0.320776297827036,-0.435687556197147
"ind_105",3.15012220316095,2.89003502737346,2.02636385939685,2.20264949237042,2.35128281846087,2.22520368769376,0.546104852008801,0.517186620069952,0.450483848679282,1.38201094089918,-0.327001569083264,-0.452928537053162
"ind_105",3.10345225391945,2.84814571777687,2.00788443058683,2.20125702315339,2.35250236443521,2.20826651271383,0.544414579680434,0.519886997287742,0.435230003473584,1.38590922487422,-0.326270950460491,-0.437999663107702
"ind_105",3.17382759682962,2.89121455073456,2.0347377323905,2.1969748581595,2.3496356822985,2.26728356524835,0.54022005293701,0.514209267355994,0.455706884863773,1.30395871692379,-0.32236416024136,-0.455097366241263
"ind_105",3.14121232580405,2.89334524995141,2.0037093245833,2.19452384641373,2.35115255769141,2.18924702417775,0.547290534549934,0.513182504698143,0.470264131973289,1.44809823690347,-0.295694468148376,-0.470621166688717
"ind_105",3.19418866672551,2.86808250664185,1.98434540196901,2.20337110293938,2.3568547627392,2.22151760806846,0.545116613080158,0.513411358311671,0.432533358530038,1.38840167743075,-0.280857707239928,-0.474588637233627
"ind_105",3.18820100652315,2.86135866407124,1.93405327976151,2.20199048277698,2.35089816066608,2.26394180956784,0.539976976184124,0.519998444229965,0.460940685111663,1.36700748990618,-0.298615990990259,-0.473094930311395
"ind_105",3.18579789082285,2.86888316442295,1.96304739264363,2.19926103588859,2.3471547639054,2.23243426663787,0.538775819179007,0.514686037387401,0.433099579526581,1.38933184513413,-0.317297794034524,-0.443457335828664
"ind_105",3.18610502709694,2.9034467332343,2.00921208002616,2.19234941024053,2.34503690312656,2.22290318058884,0.536791699869752,0.511879953125734,0.469692708951006,1.42517027479137,-0.347299483584011,-0.448492930631586
"ind_105",3.18100930299776,2.84692199403332,1.98651725263027,2.20262936897918,2.33353398747231,2.25612915251431,0.541946425183948,0.516131404548343,0.459486275138995,1.37349678401281,-0.323516665828188,-0.484661789073263
"ind_105",3.17289217170995,2.85944591009887,1.9765627207548,2.19661358791031,2.35033457020748,2.23348173811435,0.546049760188048,0.509344368212566,0.458000797582046,1.40635239325565,-0.349082472127688,-0.463945458539587
"ind_106",3.22305106588733,2.93889977978179,2.0731608401559,2.21267998973888,2.46050355888828,2.44795130189104,0.566711285128681,0.523365824594131,0.314823194270737,1.18377829084446,-0.540370684474032,-0.385242814435246
"ind_106",3.27097751409055,2.97660077701361,2.09584656271564,2.20106474922363,2.46228115867956,2.44583751702024,0.560072413133061,0.519581213634174,0.333255516479305,1.14172287034131,-0.60043120490833,-0.381908614292241
"ind_106",3.27694243708146,2.97500936890509,2.14061881671226,2.20785732838852,2.46343661227623,2.43618599043274,0.56272807014765,0.528149268514783,0.310704711250194,1.15486598139855,-0.551205915173195,-0.355494686605842
"ind_106",3.26390117880449,2.97877907014013,2.0848195609305,2.20514382096681,2.45506900737247,2.42049044737534,0.559412028433103,0.527294710087959,0.31005531725674,1.13157918114059,-0.589218222356371,-0.395578266296337
"ind_106",3.3049146933279,3.01087702978066,2.08317402104972,2.20922144767009,2.4621344084195,2.44881909424814,0.566500832608225,0.526688945015662,0.300865477736153,1.16626115427828,-0.594234074561238,-0.356459321317842
"ind_106",3.28355958893187,2.96707428881012,2.10612688883271,2.20124356256929,2.46375621157331,2.38266713138634,0.564500280930162,0.528151181084897,0.341945955830215,1.17306396324538,-0.583091537586362,-0.393064161196475
"ind_106",3.32678167659497,2.97514818677193,2.0719717173515,2.19203725507804,2.45737603195554,2.4279054031902,0.568531438481126,0.528022773057708,0.323652877375261,1.14215795641251,-0.553112098567829,-0.346926569965324
"ind_106",3.32980116153847,3.00460695606035,2.11071937755327,2.19423312202644,2.45631012594665,2.42218768349879,0.559528318534537,0.53153982668572,0.323229650586131,1.14404013488419,-0.563865566899707,-0.385988936100397
"ind_106",3.28194010857426,2.99267540733418,2.06410391454569,2.19663713328063,2.4629811917807,2.40313725760916,0.557433853092472,0.528261976344422,0.303513140009604,1.0993616334277,-0.552052397958778,-0.405190048996945
"ind_106",3.26465177091901,2.95513619154572,2.03962613056682,2.21121179092084,2.46111228825092,2.42871335069053,0.56858638568186,0.52289361875228,0.322240529218424,1.16433122476638,-0.578341014516216,-0.351701753887673
"ind_106",3.23723438004101,3.0080125196685,2.09699726837542,2.2041070027843,2.45902340425077,2.42226426251688,0.572253268194623,0.524687967988951,0.306449142447431,1.14097081376218,-0.549500166025048,-0.383990154060132
"ind_106",3.2782491176287,2.95540074615189,2.09416132557278,2.20356141752957,2.4621044430269,2.47168502122544,0.563042166305889,0.529330546730416,0.333907200068615,1.18069395501798,-0.556530414433719,-0.371215771256899
"ind_106",3.24611897000693,2.98647969523042,2.11444087531378,2.19980481451202,2.46878442742102,2.44018538809507,0.572224272193867,0.525421124554646,0.330320067160818,1.12362250271657,-0.572346773317914,-0.387733021373995
"ind_106",3.25561803733692,2.98509130118662,2.06810845021884,2.20516296080341,2.46046409542207,2.43810177624943,0.555714097614746,0.527263777481466,0.318643956427013,1.14403127710389,-0.570078414234704,-0.376569717293925
"ind_106",3.24108601711538,2.95617922802828,2.04669823919818,2.19975156596657,2.4535702510333,2.40845978346515,0.566111620150343,0.528631232593249,0.311147070588465,1.11971020958017,-0.537238746351757,-0.37272984050619
"ind_106",3.30762162462834,2.99329858127874,2.08984040428122,2.20288335149192,2.45570668970456,2.46877933567526,0.565851357471855,0.525673079832619,0.323778738236291,1.12227869926262,-0.565277484959203,-0.392028783872822
"ind_106",3.349321455035,3.03560013531312,2.11885457103374,2.2054932751077,2.45494020589872,2.47582514485466,0.559706562956164,0.528738444023187,0.315932742229343,1.13399408731878,-0.571862154743943,-0.357003299375104
"ind_106",3.35182466791722,3.01463824251211,2.1004195249431,2.20718833622387,2.46493391259497,2.43900253789657,0.570728690307558,0.526983892479856,0.319359350335416,1.14265560311083,-0.591547060058687,-0.37560152271327
"ind_106",3.28476526941835,2.97684438929829,2.07061802924753,2.20403722561009,2.46481217619967,2.40373056506516,0.558362241394126,0.525957682452901,0.301000888630834,1.15215927701466,-0.575025563523104,-0.396763821502234
"ind_107",3.52804973867911,3.17437815309088,1.92457701790613,2.19430685187958,2.48762625864255,2.31618221032713,0.49735261440181,0.497059967509076,0.445213403807855,1.14141444980122,-0.188886102160095,-0.344956574091408
"ind_107",3.50956988761894,3.13861236651169,1.90908772601815,2.1792237424398,2.47979742256372,2.32649091556093,0.506975921852565,0.497726214343259,0.453664156050217,1.1805436102189,-0.147254381961062,-0.358381761255665
"ind_107",3.47253054097777,3.18334923160668,1.91543449251341,2.18583678079793,2.48289185241315,2.35934934810872,0.497167508374111,0.504547284964825,0.411371804149398,1.21198455469853,-0.180500613152049,-0.366063338047113
"ind_107",3.46837149380942,3.16094856602049,1.9230948749179,2.17992649526408,2.49209390667148,2.26507423607938,0.50239199239628,0.497975436694753,0.458633637035925,1.1656574459666,-0.178788777357066,-0.362866397437369
"ind_107",3.47922322959678,3.16190977067181,1.96743930796181,2.18612525448608,2.48702394717461,2.30641996778426,0.50985273024748,0.493230455037729,0.440137762852498,1.16569355612868,-0.162467679679849,-0.402718166836833
"ind_107",3.48841178418897,3.17069600742826,1.95361522783036,2.18391776034687,2.49545251003234,2.29622228923134,0.503088507884754,0.49964297482642,0.459769160449402,1.21464029624876,-0.181800032767433,-0.364231184138218
"ind_107",3.49537009902947,3.18911193139699,1.88988301018479,2.18044511193898,2.47762783730968,2.32972566858152,0.502889619415933,0.495143441532606,0.460010141820789,1.15336013605757,-0.139010450938421,-0.387429389274897
"ind_107",3.4572669721544,3.17153604481303,1.94502340373978,2.1938925662195,2.49092241985796,2.34104024670302,0.507370607103352,0.498226945037094,0.444994432622202,1.11360466636508,-0.160929447652405,-0.385365534185132
"ind_107",3.51336880166577,3.17261149433456,1.91177978789358,2.17768444164067,2.479998225786,2.29855890453348,0.500617252425939,0.497608859641852,0.461499881551188,1.16694670640809,-0.165972801069647,-0.349852126152242
"ind_107",3.55534447112485,3.15337304747996,1.95199404707897,2.17984564674736,2.47977647914889,2.31412565572163,0.504523673166025,0.50290370884217,0.448938572224523,1.20915106964463,-0.125313336365747,-0.381695408889025
"ind_107",3.54695646506132,3.16456993049626,1.88250993741001,2.18995805221479,2.46318457631804,2.35105599229915,0.499806858988819,0.495986818008162,0.433102472393658,1.18958517049105,-0.19638946898463,-0.383876679355633
"ind_107",3.55970587199826,3.19948544566169,1.88137995432866,2.18417752204278,2.48881799120216,2.35983744047538,0.510081962767778,0.495754415849181,0.461508644893383,1.26181288372776,-0.189373907361714,-0.380845206717354
"ind_107",3.50848963866995,3.1748614022087,1.94384723828791,2.18711326289069,2.4869978207417,2.32334664979567,0.512614804625766,0.498837614299251,0.445914228109394,1.19629176416449,-0.164197211879237,-0.372868632693265
"ind_107",3.52400317753035,3.1405812300423,1.92643708744342,2.18939440720201,2.47741501165625,2.27516306324146,0.505252833004586,0.500290066960405,0.448238722299448,1.16921625153766,-0.177249453367023,-0.385035052593703
"ind_107",3.56348414891799,3.11305209137958,1.94113469132403,2.1832421779267,2.47017185781786,2.36702490077461,0.506796382200255,0.500236978447297,0.457696893604861,1.15332070699156,-0.180669469938372,-0.364938092405225
"ind_107",3.48080358863894,3.13867988587438,1.88274003639628,2.17988141004808,2.48283238362427,2.30084541927713,0.503463954770848,0.503164222614335,0.473826407561199,1.18755808426556,-0.211657959943246,-0.371564429028962
"ind_107",3.48612722500501,3.16523888259887,1.92912588983606,2.18388613465581,2.46989839407237,2.31675602056895,0.50824325705914,0.500497689297638,0.453741244880259,1.19648176972703,-0.233357489075665,-0.375966283230992
"ind_107",3.48709117093179,3.15048774367788,1.90319974775163,2.18340768061941,2.49211265218987,2.33695359375747,0.497759436207784,0.497744974464814,0.457458197613359,1.18289554269423,-0.163341227165467,-0.368302229122907
"ind_107",3.4958864452567,3.15049909652731,1.92308643901724,2.19265205174791,2.47623711858064,2.3266505483885,0.50464058107076,0.499508765117632,0.444606880644768,1.17986473428074,-0.199659565102731,-0.391121930551942
"ind_108",2.70742760876865,3.36617826559827,1.72302852531007,2.17444121766673,2.47444118600681,2.16940591886486,0.557107057608783,0.503074176068171,0.538961639274296,1.09412471977458,-0.438776021305806,-0.332835503817634
"ind_108",2.60437719677521,3.36906865322501,1.69636101690257,2.18540352426277,2.46788864483929,2.17449008592759,0.556442194044791,0.498748876716406,0.547308708396531,1.02955406604465,-0.463125156423366,-0.3434389837615
"ind_108",2.75837876611886,3.32357043445952,1.74726551796486,2.18135632671631,2.4819580702559,2.21063420776919,0.553531439056038,0.504372280795552,0.543204373350363,1.0769616442283,-0.428523822474375,-0.334918370033891
"ind_108",2.69369497198537,3.33924991706296,1.65652146155016,2.1696103946141,2.47384801617529,2.21101935533601,0.556201944392086,0.499830209148136,0.529565895038824,1.04213347138908,-0.452361367057887,-0.319443093128515
"ind_108",2.69690369344338,3.39645552659555,1.74084876884746,2.16471308565498,2.47243044527888,2.18588297976446,0.547627392517369,0.501480689610358,0.547352899390581,1.08034405490378,-0.420867595752124,-0.33378485477529
"ind_108",2.70944153052992,3.31360043833888,1.71930526880767,2.1775803368486,2.46543073025686,2.21042040891752,0.555981614453319,0.49854784824741,0.555615764229933,1.05203632461615,-0.40307479784738,-0.331451224125688
"ind_108",2.6386275168566,3.31869903139205,1.73232461328888,2.17666047058956,2.47206365342465,2.20049054183397,0.554483865684207,0.499864982436943,0.549656765953891,1.09527433890632,-0.430946122326724,-0.358575130164355
"ind_108",2.67880072198503,3.32844412525948,1.71483960425501,2.17723246844193,2.47599341370054,2.18098389372317,0.555260606626392,0.499561248121852,0.541887224706011,1.06316265370898,-0.407591063376251,-0.358726568645468
"ind_108",2.82970358412627,3.32862201160327,1.73634188693121,2.17017571287092,2.47877998754292,2.2005798672031,0.560247940938966,0.499255115973357,0.534035033120201,1.0568032586896,-0.396634674270746,-0.315302217537436
"ind_108",2.69490294051385,3.3418274907435,1.73357428626445,2.1753031796608,2.47166602529975,2.20945845587793,0.556693114434606,0.50164843563375,0.552354974567306,1.12654507808302,-0.429895900262818,-0.319120912858769
"ind_108",2.61904219215237,3.36900180608026,1.73645750707133,2.16895452239732,2.46808740865368,2.19899361939866,0.552350353923253,0.501739319684178,0.530181325291184,1.12692845696475,-0.436698376124021,-0.360407639372635
"ind_108",2.67044746315232,3.34423854813764,1.72655883468145,2.17575352817151,2.47751498458321,2.19219323114535,0.552893216994028,0.503010198273524,0.551773075809987,1.09168314375093,-0.431109958165564,-0.340211562534766
"ind_108",2.677053761,3.34804233743932,1.72089675978135,2.17249520160627,2.47280237935302,2.17902174756831,0.547128081573701,0.501540451660441,0.528189783825441,1.03463375579937,-0.411271470257533,-0.325867349628956
"ind_108",2.74513923107808,3.35416589526637,1.73979039309154,2.17031412195045,2.4658195735313,2.22224783068542,0.555854559771189,0.500631055394328,0.532561851574091,1.0871002969693,-0.369472585307935,-0.310544564937746
"ind_108",2.6661710315647,3.38396717317318,1.76077211145139,2.17629289718502,2.4818737240354,2.19256839998745,0.553789865686033,0.500537347451687,0.539009349714644,1.12812619383898,-0.43354062779621,-0.322453971442849
"ind_108",2.72780350793255,3.32848856425738,1.73739474370453,2.17675125917143,2.46852294603322,2.21926248995233,0.554222338875739,0.50555470553437,0.561813949821211,1.07526459501876,-0.402882277287505,-0.322877425844061
"ind_108",2.76652875797315,3.33646016491984,1.75723505390214,2.16704494242352,2.47250882036522,2.19372134326931,0.556749273163763,0.498523749320074,0.520005306651252,1.05255676470073,-0.403305832632562,-0.327674194017061
"ind_108",2.63490080273365,3.32807020535625,1.74816394636323,2.16870840950595,2.48155128966962,2.21825763214364,0.553351481919402,0.506787230651262,0.557818521407565,1.08803915349796,-0.43741863887676,-0.325388463745623
"ind_108",2.68476367174846,3.35365511546713,1.75259291211291,2.17421252419309,2.47869074853506,2.19622111743104,0.550452908019527,0.49912866186714,0.53550646674628,1.10357169163451,-0.398735501947075,-0.339867916464782
"ind_108",2.64047325323058,3.34069073162787,1.69358640131286,2.18072735770641,2.47834622297644,2.20591262000453,0.559921235392642,0.500079140095495,0.562144779410033,1.08218361574742,-0.425105011596291,-0.335800309067193
"ind_108",2.6159696098356,3.32457110653517,1.76137611239009,2.17235199468265,2.46768509716301,2.21096139637171,0.566138279973746,0.502205857150055,0.55102890120535,1.10825848757858,-0.411464824516079,-0.347330147982428
"ind_109",3.27988270154358,2.89385920656126,1.92486853517866,2.22097292389152,2.48930384742752,2.34080733115109,0.53820395128444,0.484149773861037,0.479726761354677,1.24368721802647,-0.358512910209149,-0.442041461443111
"ind_109",3.20136690487877,2.92737741565415,1.92088787344592,2.21581703031709,2.48753813580886,2.37818170302612,0.531652219469408,0.489019203745314,0.466595714323891,1.2696166543797,-0.384691828285314,-0.417740860145794
"ind_109",3.33388586495211,2.90508019202166,1.96304732244158,2.22134677397786,2.47492910277166,2.40473361347413,0.533281251228771,0.487239650899016,0.478396762160689,1.31655359614842,-0.357034471994795,-0.461999411949839
"ind_109",3.23256254208134,2.90577683196562,1.90342053340664,2.22555051129772,2.49415656274978,2.3271552039585,0.530314030929848,0.485448808106208,0.476468548473892,1.31982349306627,-0.336170704268055,-0.452384151288686
"ind_109",3.22729528775341,2.85459867217295,1.89691990830334,2.22832364288822,2.48929483528348,2.35376120600582,0.536137801656302,0.485162003557662,0.479791896459879,1.29909263304398,-0.372852229952082,-0.421941516363405
"ind_109",3.26715080448313,2.93300944793654,1.92974636751701,2.22701417893851,2.49605931941954,2.37047316045824,0.532381828558371,0.484630107549629,0.478304126508837,1.28829904832064,-0.351040351593818,-0.429876673883447
"ind_109",3.2013034571677,2.90078086730867,1.95907961695372,2.2353346153137,2.48427532338605,2.35282196635672,0.537809066626486,0.485608383728149,0.485427364391848,1.28459590682959,-0.391504410050418,-0.439188370472253
"ind_109",3.21830446689146,2.98148666488045,1.9108723261464,2.21918862481765,2.49643269635813,2.36915284419147,0.529966691779306,0.486603296727945,0.4705219773313,1.27040075357676,-0.385477747203758,-0.430400251677265
"ind_109",3.34110771877922,2.85312128079069,1.95214155507829,2.21496023074999,2.47996070835947,2.34475614200946,0.53947974578793,0.490323361895885,0.484489363683892,1.30346216286365,-0.417910969975324,-0.453415206784681
"ind_109",3.21881098886105,2.89541716273651,1.97294570334338,2.22169419966503,2.47521650925164,2.34783392363771,0.534023432427605,0.485034388900856,0.493429220717236,1.34315227452018,-0.360416641848902,-0.448702834193735
"ind_109",3.17329794150985,2.94806378156308,1.90740089882703,2.23682961865867,2.49122839008302,2.35158871545854,0.533615992918567,0.488590257588825,0.472804966966476,1.3151469187918,-0.409026710710954,-0.446061125301992
"ind_109",3.24718203155699,2.89912516418078,1.91325552712694,2.21182858316313,2.48814803689667,2.37020108325835,0.533854947540531,0.486530673704714,0.488016398242196,1.30361111708645,-0.353014029402341,-0.436641286756925
"ind_109",3.26199729832856,2.89112633617318,1.91214218322698,2.22867750228286,2.48859722547764,2.32670030793742,0.532796354755129,0.482851846004765,0.497396318300533,1.29867930624313,-0.409367385640956,-0.448840116253903
"ind_109",3.18677670343651,2.90254353448227,1.92385405462596,2.22973875020546,2.48299862101774,2.3974661779087,0.537176315992362,0.487874269729675,0.487224173730306,1.32194263105991,-0.354821930587447,-0.450404437250121
"ind_109",3.22709203827488,2.88355862468173,1.93636715279542,2.22220590797372,2.49869825439767,2.36945352463983,0.534253021898936,0.484406754167126,0.455046303250071,1.33517084787766,-0.417756378517577,-0.44101249003605
"ind_109",3.22243235918452,2.90702862909364,1.96884861669099,2.22414982864332,2.49692405013381,2.3083577497538,0.534593665519464,0.483646917147624,0.495263142880935,1.31008569283159,-0.343961786946082,-0.426599919996116
"ind_109",3.27783550809333,2.86405073148238,1.97168953390065,2.21683810005196,2.49277596820889,2.34860619802994,0.531145173521838,0.485834821959869,0.483154737137991,1.31386675284202,-0.386860968176218,-0.430773348875114
"ind_109",3.28533750589942,2.89093543631454,1.93870918386658,2.22198811993967,2.48981558386258,2.37878395511809,0.539423655234008,0.4898891956767,0.474446290243512,1.32914979421305,-0.37075863057011,-0.436267283281993
"ind_109",3.19988444696391,2.92862883044687,1.98406372470469,2.21228766963643,2.48034816899335,2.36277171700969,0.52650294611596,0.486072165065874,0.500641645367378,1.3489595039995,-0.405027938884422,-0.431410970585915
"ind_109",3.23194251945203,2.88190633721499,1.88649851877906,2.22465077403377,2.48975264283962,2.33203500786258,0.527156399926594,0.486879489209146,0.468545345670808,1.302868881102,-0.359554180460098,-0.45232994691812
"ind_109",3.16038951000354,2.89310091352549,1.94928429343509,2.22643532562521,2.49873148998335,2.37616059521849,0.535226172722715,0.486462983053609,0.464617941734623,1.27201793696358,-0.375999549716885,-0.444444258233258
"ind_109",3.25721687539789,2.93511005492307,1.96266125088969,2.2194043202833,2.47734488200209,2.3795316530258,0.53203062086034,0.481324599769905,0.477296988118011,1.29025263678675,-0.363386075777917,-0.435494922882639
"ind_109",3.24777518357363,2.87869298529075,1.92018496357487,2.22596592708531,2.48584785136521,2.35538989248065,0.536147302037761,0.484889801590587,0.483086956855839,1.25886896465954,-0.353635253643232,-0.442517661236509
"ind_109",3.25173614824355,2.92607065370055,1.89979555147193,2.22688677286133,2.48705224744225,2.35542471879027,0.539291932451655,0.488802512748719,0.467163623459727,1.31913401565545,-0.376440444409186,-0.437570368474509
"ind_109",3.28748925834,2.91372421650307,1.89356390499159,2.22674751434936,2.48841493319145,2.37201962585091,0.543030009179378,0.484163788470914,0.471882445904571,1.30258648539836,-0.337671175424036,-0.421480413697186
"ind_109",3.17462171740784,2.86063082704826,1.95055177159047,2.21705328641671,2.4933687788953,2.38095362471076,0.535652168095508,0.487197982331862,0.484825597336504,1.32493939814162,-0.380117099574477,-0.452340830288609
"ind_109",3.218950562399,2.8925925988032,1.9363800905123,2.21968106513451,2.49172507292618,2.3511090152603,0.535225806725718,0.485838700978177,0.453134136723849,1.29949989622844,-0.357552988541897,-0.473127118514881
"ind_109",3.21970522281002,2.92067424933144,1.89509585886043,2.22659963351699,2.49126965827348,2.36609209700891,0.537377920282286,0.489885623009306,0.494409677107921,1.29361642687247,-0.416101992114329,-0.413951651145453
"ind_109",3.29197318623112,2.925032987138,1.96847338199966,2.23178212071191,2.4787876617552,2.36124188598161,0.531630827449504,0.492901010320046,0.47305352655197,1.29351606052632,-0.399432278558096,-0.477796213604777
"ind_110",2.91745803131611,3.33213054748686,1.89931520594481,2.15942546109487,2.45782436105796,2.44849808025131,0.592784122566109,0.482330580855708,0.399170764501239,1.16142324489599,-0.412141833445623,-0.3550844827789
"ind_110",2.91493365179244,3.28520091038122,1.87166631155989,2.16026665868436,2.46579751575789,2.44799483427649,0.584240286138498,0.48378009720745,0.385927614028632,1.2377015203255,-0.427809539685086,-0.378692898195201
"ind_110",2.94709221984503,3.32689618203661,1.90645580735537,2.15764045178401,2.45572745739551,2.44081783988819,0.588139719197677,0.486044309407067,0.39239243205955,1.17923770381758,-0.419925926174053,-0.364133707225559
"ind_110",2.94019490789406,3.29667027701346,1.89509542553864,2.16335265032716,2.45138059798824,2.44326291045538,0.583227916198928,0.489814018451761,0.396003781489284,1.22956479960896,-0.442045015193443,-0.367004434024211
"ind_110",2.90973770212284,3.27585562757757,1.91965998357391,2.16105259558458,2.45011056201451,2.45496965748568,0.591692356338448,0.48332853172409,0.394286192677456,1.19003501065313,-0.385499921107433,-0.386209125313568
"ind_110",2.94931074901412,3.33220386193816,1.89921140916019,2.15682576931411,2.45482765526687,2.43969367087917,0.586485554626931,0.485015834936851,0.4168400850143,1.21271741772511,-0.441659277204641,-0.368169400089704
"ind_110",2.92668322465885,3.31255850570133,1.86080546628106,2.15853338258232,2.4466181806582,2.44746551537014,0.580365661971533,0.482546463513149,0.421374288747286,1.23635930719503,-0.438110954686483,-0.347503784118999
"ind_110",2.96236764738117,3.3185378149298,1.90085750588235,2.15813877889253,2.45839129404474,2.455928622027,0.582407677040624,0.486694652777638,0.432867907267742,1.21372547031149,-0.416118259691887,-0.370036877918841
"ind_110",2.86164617371006,3.28109863212932,1.88593967632916,2.16898871587774,2.44903448109429,2.42364190865598,0.5870506736048,0.484595209975124,0.389298238348428,1.25786839561372,-0.430962803126179,-0.365650741314958
"ind_110",2.91550768085873,3.3289663754425,1.85579973227429,2.15350796300601,2.46624994649382,2.48735031872419,0.571370485737279,0.486454147789712,0.396599102314613,1.20398270794672,-0.433224808458633,-0.35076587475985
"ind_110",2.96062000711129,3.33165261982625,1.91879479613427,2.16390746211726,2.44874171996459,2.4816906188814,0.582744809873211,0.482104214583455,0.411476196723377,1.20704605069603,-0.47551242500814,-0.343184911941811
"ind_110",2.91018843649116,3.29633193913741,1.91297534902751,2.16026142040881,2.45529813388607,2.43239847388383,0.586786521480235,0.48442568156289,0.40824158440959,1.23164629571302,-0.397069185386984,-0.370674829712748
"ind_110",2.931215874209,3.34369292414112,1.86704597830567,2.15083745320701,2.44297990576229,2.48889444229969,0.578063539922874,0.484063713882244,0.417812771763186,1.22414240396322,-0.420015950285131,-0.370149562188882
"ind_110",2.90470361949111,3.34636509039668,1.88793856662245,2.158912893148,2.4539711905297,2.44997413633592,0.589319517981796,0.484384122522325,0.405012356308961,1.21219187017471,-0.465084110122911,-0.40680078634351
"ind_110",2.87571980752176,3.30097099287137,1.85921066282579,2.14958573898689,2.45639958001226,2.45954312708257,0.582510783469368,0.483732751324828,0.413797017307178,1.18270717723862,-0.409828924675901,-0.394046185106055
"ind_110",2.91585440675037,3.30283929601699,1.89685784008208,2.15541362727348,2.45837541320484,2.41611878776378,0.580135402256282,0.481850711710983,0.418279064188083,1.17589853794418,-0.478448949596475,-0.354724355490741
"ind_110",2.90129315885095,3.31369981897043,1.89420807829809,2.14938166057988,2.45240488273293,2.48556874101485,0.584682103464256,0.486499384440377,0.412789192147969,1.1886957489785,-0.451346453966917,-0.37395059428035
"ind_110",2.93862655215825,3.31540921986279,1.83600209870086,2.14341743138579,2.44847297249195,2.44686939248516,0.586357938400101,0.484927619325119,0.420871029854014,1.1575540037197,-0.420701666730885,-0.370759138263034
"ind_110",2.89139004698474,3.32433614393855,1.84998844860651,2.15915766582781,2.45287397386116,2.47507481514724,0.578280461148173,0.486100035317894,0.413596557421494,1.23543645727909,-0.446473099335217,-0.383913096240225
"ind_110",2.86585261003689,3.28890199915868,1.8768443855179,2.14398899381483,2.46668550519733,2.46147922113671,0.57965776188212,0.484638510874608,0.404802125349695,1.26785014237403,-0.408463462999932,-0.375410743225444
"ind_110",2.99953598481368,3.34849590596674,1.91643240457925,2.15838998929692,2.45225035532997,2.42051396196063,0.580347512803778,0.486934259142248,0.425795954371849,1.22546593278568,-0.446408309039852,-0.385972997223726
"ind_110",2.93761920664503,3.32516859616989,1.91235289770713,2.15672675943876,2.45093656043886,2.43680947403638,0.576971292699143,0.485393808500972,0.411226252555374,1.16119845793802,-0.450910997412902,-0.380156397708857
"ind_110",3.00219665075846,3.3116687590773,1.83353245452361,2.15539407376944,2.46053670001932,2.45803983092561,0.583637530246815,0.486294811375021,0.414092066967973,1.22315560085126,-0.458910017966455,-0.369324249369627
"ind_110",2.96066848109377,3.30692015082744,1.91368497133614,2.15868898796514,2.46082893668362,2.46295932210603,0.590610004670029,0.482463131767404,0.418612264664559,1.21107435085875,-0.437031545518784,-0.365584418570748
"ind_110",2.9518043593145,3.30097829060036,1.90513981691813,2.16044104913794,2.46608047690767,2.42809163867451,0.574436003368688,0.483540773582646,0.400315456168073,1.16293566040115,-0.494724517404033,-0.399412751390148
"ind_110",2.87032612765705,3.3220080358202,1.88124126168796,2.15925018170331,2.47007114517647,2.45657283565219,0.580930248082227,0.485624687153769,0.427449716553136,1.24448155735513,-0.479690539893255,-0.351827515880665
"ind_110",2.89861889736958,3.3336368798215,1.85431253629788,2.15622908134977,2.44926855075019,2.45874459521342,0.578637778076039,0.485657398605253,0.412492997807897,1.1840684469947,-0.436268289025586,-0.368365190438576
"ind_110",2.95204126840291,3.31284242903724,1.9115330506275,2.15244048554571,2.45627782971392,2.47245592342444,0.590103221221074,0.484598371773267,0.389364563155948,1.20455824946604,-0.407587267558426,-0.372245546130681
"ind_110",2.91878084861245,3.29997225265962,1.89261354470482,2.15326046216714,2.46239004568851,2.4779643967177,0.585404204939645,0.483301123386521,0.415292527200697,1.21976197545147,-0.429400698226495,-0.356044498805065
"ind_110",2.90519471350205,3.29596641562408,1.91344379658535,2.17039520370958,2.44829400089648,2.44326472874595,0.591125782834598,0.484383364865942,0.430670544542881,1.21584726128629,-0.432676845508407,-0.364651549585578
"ind_110",2.90432089354677,3.30707256588,1.886586630794,2.15638594997023,2.46661721548824,2.46617719104375,0.580564883277259,0.483692885204766,0.390295912163058,1.23175117529991,-0.441919336792121,-0.354014630490841
"ind_110",2.9164815058517,3.33123228480189,1.90395363461918,2.15433637543144,2.45575741002121,2.44273062913679,0.575221188616256,0.485286664079761,0.41782074942801,1.21037733332835,-0.408121612035882,-0.366835621340417
"ind_110",2.97460170941682,3.29078253693437,1.94010112030835,2.16649148070459,2.4556744763709,2.48967769870199,0.581107880780898,0.484214092420893,0.402170551971832,1.21994460672319,-0.427324513615842,-0.384640323374939
"ind_110",2.93909879097419,3.32067951038146,1.85559051703899,2.16828551096345,2.4549431201454,2.47654742874392,0.579774996582684,0.483995281925459,0.401596673222818,1.18092257504867,-0.442678668900504,-0.358902575558831
"ind_110",2.93217792539774,3.27658659736682,1.87213242713065,2.1604568983686,2.4544750361954,2.46491109004673,0.575926529146473,0.486229295254423,0.418128732729945,1.18933674049039,-0.405448981520844,-0.360813280731279
"ind_110",2.88661457217183,3.2409234132369,1.86590959139782,2.15879976247381,2.46023472675566,2.47308473029803,0.582564431922247,0.483458821918965,0.392135017920301,1.25569706651894,-0.397838350913345,-0.36755414424702
"ind_110",2.85467225228777,3.32361331968273,1.89509999103893,2.16429785417235,2.46366873900716,2.46536155814964,0.581742579176785,0.483228728618441,0.4078492957005,1.18492960837505,-0.476885512953228,-0.365504971776694
"ind_110",2.9596014385676,3.32762845700411,1.86521680649617,2.15876685294493,2.46124191774645,2.45829852235164,0.582595333268169,0.4831677414846,0.410245476199664,1.21065589389262,-0.404157567262466,-0.359770174645835
"ind_110",2.92690161291078,3.3281978211475,1.83792039488728,2.16114252676205,2.44693926460481,2.50759769998765,0.583636910838938,0.482292589640737,0.393520471625055,1.19804282265498,-0.444960508833117,-0.382367745290353
"ind_110",2.90330873459392,3.33366064394446,1.88708061482393,2.15480597614772,2.46116203201815,2.45677398955281,0.573377142549004,0.487208075919517,0.42856874194653,1.23049816182027,-0.420289189312836,-0.354759622746482
"ind_110",2.91445789357073,3.30626819028455,1.95812144037868,2.15213430290537,2.45834957344221,2.41201510463884,0.583443014850279,0.486206815661808,0.430315308655383,1.20886326540106,-0.421575432186776,-0.388359591845684
"ind_110",2.9445446982141,3.34474962797484,1.95812015137739,2.16196988818061,2.47250105629805,2.45672477174196,0.584763270561772,0.483636853863648,0.403931395732463,1.20437803343927,-0.409119398420744,-0.359368978514941
"ind_110",2.91430506290919,3.331904544901,1.89528831955526,2.1574982083184,2.4603654590372,2.49533336399594,0.581789297790645,0.485253880480899,0.413449262757469,1.16479426319233,-0.464799808395134,-0.354679671520445
"ind_110",2.92941877268713,3.33596627525361,1.93064323169665,2.15373727748294,2.45997417878528,2.43695206302297,0.586292524367458,0.484027371938574,0.379810968395266,1.18986088678846,-0.434386661416614,-0.385782390961976
"ind_110",2.89345727184268,3.3197784187434,1.94127266113235,2.16025351259369,2.45993908457294,2.46039088219558,0.584650555776098,0.485395610745846,0.394212742297609,1.2056514706592,-0.473319768096215,-0.356295490716344
"ind_110",2.91404046719012,3.32383310454757,1.89499830039649,2.15048620810336,2.45126908930807,2.47289556277518,0.581741570028626,0.481886249583117,0.398428758194814,1.20284206789582,-0.488970632337456,-0.35169453362627
"ind_110",2.85234693626997,3.33824008386403,1.85387146613883,2.16788904989142,2.44652780762191,2.46773474870051,0.574303379772287,0.484991740193578,0.409131231275675,1.19611932762162,-0.415523242127998,-0.359102448639187
"ind_110",3.0367842759122,3.3317010861919,1.94041292517545,2.16232899607564,2.4728015018627,2.45225984223775,0.579224367125062,0.485957051431491,0.405341982808262,1.24100200413151,-0.457706780268734,-0.369192966519444
"ind_110",2.87949919453438,3.33265982966164,1.85360740210841,2.16474693705288,2.4562228119295,2.4908493848584,0.578345643763116,0.490136153213533,0.400536530640379,1.2107463259559,-0.482228454766299,-0.345436127394867
"ind_110",2.865649925775,3.3099086523906,1.88695849917856,2.15704693187849,2.45545205528213,2.41937200071725,0.584409873154154,0.484964827175948,0.405750981350891,1.15863437876935,-0.420709426493354,-0.360953513051426
"ind_110",2.99652440790074,3.28090997356256,1.91879063053514,2.15808784285227,2.46374768354828,2.48466092639104,0.573959488336752,0.489724675521224,0.388165352040474,1.14951513816619,-0.425381154253694,-0.367943231559513
"ind_110",2.85605908454671,3.31991538825471,1.8492092705187,2.15771228475785,2.45507643183726,2.45605619300392,0.581050106457824,0.481858445336129,0.405675037540437,1.15791158545979,-0.475214763409001,-0.367254562882779
"ind_110",2.94114229989926,3.28436149599262,1.89284216088371,2.15684779851244,2.46321169307085,2.43083512656075,0.584293559381193,0.485336554131465,0.414751368919226,1.20131504775204,-0.455086326229787,-0.373204481015919
"ind_110",2.94594777800909,3.31795590768118,1.90078118198953,2.16289662168053,2.44107765896373,2.43258240360459,0.5828887304468,0.485002611347921,0.397641622312738,1.2531205287954,-0.420598263003058,-0.347495957042495
"ind_110",2.89968126531802,3.31024733531811,1.92294181753959,2.15620178996581,2.4580245661689,2.48752389093773,0.574675396686398,0.486212946551494,0.397014096091637,1.2285201981655,-0.393254408547698,-0.36983464770269
"ind_110",2.94384471660791,3.36423923062492,1.89861090593872,2.16381474022314,2.46035474681354,2.47399554953549,0.582581873582438,0.487570626859238,0.399593159877878,1.17019396787934,-0.410945265272455,-0.35709713167875
