"filename","s1_maxfreq","s2_maxfreq","s1_minfreq","s2_minfreq","s1_peakfreq","s2_peakfreq","s1_specentropy","s2_specentropy","s1_maxslope","s2_maxslope","s1_minslope","s2_minslope"
"ind_1",3.35857402322136,2.87383484484296,2.14309297878323,2.21836883274656,2.45728237105413,2.35046086774505,0.550619431369537,0.522395422974109,0.460679791224193,0.952693586302772,-0.564852583950445,-0.471301361845025
"ind_2",3.35351616131759,2.88017613236162,2.33380143763583,2.23646792479717,2.39672179123726,2.22610603368072,0.550715622690342,0.522176728292965,0.321772870911238,0.90455937006628,-0.543471472246934,-0.482457347255992
"ind_3",3.21697561297573,2.94202316390157,2.31076834748463,2.24827811528981,2.46173284956558,2.28470000945814,0.572274822949205,0.503431195537259,0.542141010549968,1.44642779816234,-0.547034486370714,-0.431602017159164
"ind_4",3.01884429827615,2.87257236374765,2.27801448794969,2.25548472524169,2.49278123291727,2.20349547004846,0.559633794236789,0.524455911002698,0.433961405457081,1.28620648864156,-0.414407198851797,-0.29510058087104
"ind_5",3.04959127017501,2.86835392526638,2.22573687974119,2.26234470845419,2.40818871391246,2.2437956465378,0.532842270369331,0.502781292658534,0.397694848749676,1.38875834925254,-0.610008299875799,-0.37694169999001
"ind_6",2.81726163268356,2.98349878956623,2.24097232508094,2.20235633559707,2.42568306797456,2.2990703479862,0.541432549120052,0.503150759826857,0.471662450137269,1.28658967672156,-0.535945948524936,-0.451065332229945
"ind_7",3.26990785179756,2.93694268896161,2.33077334228283,2.25398624080165,2.47725200279236,2.23804032012237,0.564814243403391,0.516710731841122,0.413111487664853,1.21978201691996,-0.580896520983211,-0.409089166190922
"ind_8",3.01047300027503,2.94620763875951,2.1715822907557,2.21263722360655,2.47747031816175,2.30006642115967,0.553061890421593,0.506314619983112,0.402323164588567,1.00481973509157,-0.278440443388586,-0.324836193639555
"ind_9",3.00073225001948,3.01389100856838,2.15062515306162,2.26853260410835,2.47158360059733,2.29510027389208,0.575494470118521,0.501887831901245,0.415925836142711,1.17319537530941,-0.329471170607069,-0.290872595552982
"ind_9",3.01780446400374,2.95900170748071,2.15133179519402,2.26788150941338,2.46811981340524,2.29482858839781,0.563481210763566,0.49582559459824,0.395385807580643,1.21520251626709,-0.370371084843291,-0.327887693967679
"ind_10",3.06509771853737,2.91150039213793,2.20861976414689,2.23640987404796,2.50932232288487,2.2095665765975,0.561864785102215,0.534448249450378,0.42277152930472,1.191261830771,-0.253757767842945,-0.474425018852938
"ind_10",3.02340797102733,2.91676765576999,2.24562064447334,2.23261352106549,2.5062005405245,2.17075930414039,0.564500577042143,0.530982534914223,0.400730052964094,1.17406702255546,-0.184804143326331,-0.530596755573221
"ind_11",3.05272618235771,2.83995897958581,2.20303427122347,2.2601162202885,2.42944602632566,2.43177019882033,0.555517695770142,0.511755822531512,0.481470208140114,1.47792876617529,-0.413610956710925,-0.450796681896388
"ind_11",3.03061664892174,2.85576880901513,2.21199895151775,2.25992159679219,2.43993138597718,2.43143458577303,0.548098168121779,0.507977536231808,0.496382114870848,1.49574575908279,-0.407985088457022,-0.430563920036505
"ind_12",3.25229898992484,2.86658375632924,2.26822764255236,2.26939581924639,2.46002693802333,2.15310184139341,0.543341838616696,0.506298733335659,0.243595446599453,1.25083908937172,-0.296133959669424,-0.509084993811575
"ind_12",3.19245349432788,2.88316087436354,2.29922281628138,2.27198280587743,2.47133107430898,2.14915141275009,0.538482512319775,0.5037832936331,0.259258875062529,1.24954144312424,-0.348863263698366,-0.47293883940107
"ind_13",3.0449275282609,2.70645022990579,2.07357084289901,2.24612599068868,2.49585585435492,2.25812344898454,0.570036711103653,0.496458129489056,0.451751353732383,1.32517023474783,-0.303813421671152,-0.331913572578167
"ind_13",3.0660564093708,2.71416603377925,2.08367855297661,2.24366112109424,2.48393526476392,2.2823139350992,0.56489963193823,0.493213702316626,0.424894177345584,1.28909816126417,-0.300082010918458,-0.340952880548667
"ind_14",3.20310630369171,2.8989829312809,2.20973372992254,2.25267582213184,2.47731698690405,2.25731178354572,0.561088096959768,0.483408252547122,0.505618104989501,0.895985746579626,-0.634324247241715,-0.322434889222249
"ind_14",3.20515358546447,2.91225368964674,2.17721173766335,2.24940274858494,2.46556372313201,2.26136225979316,0.56175214889425,0.486857948478165,0.509814519574003,0.933046021874993,-0.618806482069176,-0.306958504802031
"ind_15",2.87358348125336,2.73770381778383,2.15063933560338,2.24050504100287,2.44907169926486,2.22265522406427,0.570927516599303,0.484527809035092,0.491391967765247,1.23394487655405,-0.466872284829957,-0.415666903941546
"ind_15",2.85204773538302,2.72247342251536,2.19495021484332,2.24542349755257,2.46102072539787,2.17931483258082,0.571226292454469,0.483733914098113,0.485492498183326,1.24378411351518,-0.442347658243353,-0.441819389362136
"ind_16",3.34670395034241,2.97395757972148,2.31502583371729,2.22118676721598,2.47835868432246,2.60675806909794,0.558318884228205,0.491215348053014,0.450622312879758,1.09493081488475,-0.690129713167395,-0.394832818111763
"ind_16",3.31312079822835,2.97417667743021,2.29978738818677,2.22089893009961,2.47907066523291,2.62500502269421,0.577675915657912,0.490062548678487,0.439308698456976,1.14907871565657,-0.694250708714167,-0.398783617766337
"ind_17",3.07062647911542,2.89728762108489,2.20933433256133,2.25295418885614,2.44518763722567,2.22508130243568,0.533093830831423,0.496743920193636,0.411418916752209,1.22408260074213,-0.37190016529613,-0.257357549536638
"ind_17",3.08076017952736,2.90000407573373,2.22205943885915,2.25052812343366,2.43990269301508,2.25838243808192,0.546718182695681,0.4962679302654,0.418956816292262,1.2155782997203,-0.378335724111678,-0.279662462575072
"ind_18",3.19381765397005,2.90809703673194,2.28131559962271,2.2598985079282,2.44465961353744,2.25247139573615,0.555526690621291,0.502689180738754,0.468937730372813,1.33273996888784,-0.449178636310411,-0.468592893369159
"ind_18",3.13509382361242,2.89566157386448,2.29629155781039,2.25607155933383,2.4514996824527,2.22641258342947,0.555075654523533,0.497798701531722,0.489184245272874,1.33828136251064,-0.473135040126417,-0.463365403169729
"ind_18",3.21182694487777,2.88446911235457,2.28412121863275,2.25762958064662,2.45104784867245,2.24424837720024,0.552990505433688,0.50155126230852,0.437587058386164,1.33508208474019,-0.519351197445276,-0.468895104555682
"ind_19",3.05242936465857,2.972965762612,2.20096524576542,2.27458167850821,2.43106068941532,2.46660528225894,0.556424498398927,0.51577100047678,0.440891538518131,1.42169128261283,-0.594159503552699,-0.335535210877603
"ind_19",3.03290759762907,2.97529055370486,2.22104043237475,2.27457907342519,2.44256537843004,2.43860709782875,0.555987057448733,0.519901415874713,0.461544677143808,1.44502813886914,-0.55764076809707,-0.386261918688965
"ind_19",2.98532886151622,2.96889239606391,2.23123189569804,2.2702977499715,2.44023163419024,2.49215184619011,0.549211808314247,0.511890288326808,0.437872194193949,1.44539603938721,-0.563849771865954,-0.363460921296448
"ind_20",3.3088129076162,2.97331978888369,2.32032666501434,2.26430669440742,2.45471346078333,2.22841670625832,0.519966294859252,0.532750769026544,0.438375627547683,1.31286565590525,-0.248163678564882,-0.536446480698291
"ind_20",3.23832920290375,2.95857309587519,2.27862164120589,2.2696960738609,2.45111957064334,2.20210384827743,0.526060584028736,0.531563179329608,0.44267897784166,1.29692523217751,-0.234128631916425,-0.550369515663389
"ind_20",3.23833901373275,2.92972024237535,2.29315492500738,2.2722490650887,2.44854392447837,2.21710074563079,0.535753163156843,0.531862251480048,0.432343987485955,1.3170591102046,-0.240108947218805,-0.540124824902011
"ind_21",3.18805069477033,3.01517839982316,2.2139138186994,2.27080937382012,2.43638683060946,2.28229476031234,0.515732700702766,0.509074172153142,0.462282515042415,1.24659821797268,-0.367874562111963,-0.335712555068775
"ind_21",3.19785190341022,3.02386536189409,2.21751639552104,2.25904311114652,2.43902514057764,2.27102131878635,0.509968193254709,0.505146945265887,0.444924864643012,1.26707160751383,-0.448183442122246,-0.316286844773404
"ind_21",3.20665018582968,3.00414251998042,2.19726319089865,2.27529453597323,2.42680716367498,2.29138721565215,0.506161369107087,0.505516953013199,0.416044522100774,1.26091030483666,-0.423327506241812,-0.319874660273787
"ind_22",2.94092715380974,2.99676065481653,2.18199165806308,2.30185965013815,2.45043778331372,2.15660225787784,0.524237338609638,0.487527343024038,0.427614833875389,1.15515715986074,-0.7031371630015,-0.435373119375257
"ind_22",2.93802764138126,3.0248092585205,2.19558619567423,2.30113045748938,2.45117315533884,2.15902007756454,0.524334161832627,0.484868448586213,0.451250321590229,1.1129277640912,-0.707839937368967,-0.439877383826573
"ind_22",2.92190419585848,2.97695284253433,2.18144828241107,2.30125878874971,2.44500252827755,2.16373783356235,0.521189523097818,0.485214885385492,0.419277081910322,1.15967318444988,-0.684064551920941,-0.42069246231879
"ind_23",3.16675802628911,3.02071447944832,2.21003008911801,2.24683849900195,2.47671736355948,2.5561425000662,0.532657997187527,0.499883315568233,0.587445095021379,1.12825807510555,-0.724324133365821,-0.326991100006148
"ind_23",3.1511103160003,3.00048489702008,2.24189819000822,2.24993871699068,2.47039818255042,2.53037890057473,0.538595734492772,0.493370618784209,0.572168855143637,1.12254271930067,-0.762212480953644,-0.322791042284103
"ind_23",3.06843689203787,2.97650102444583,2.21390222041614,2.2475176675319,2.46557187837947,2.57351716617132,0.522532991258748,0.491089125921353,0.559157605047575,1.1127813143227,-0.725740695568647,-0.325514126517838
"ind_24",3.23340361450945,2.97435404994152,2.26142371429397,2.2271691400092,2.38599704723504,2.25288310751245,0.556460314939985,0.513451622549457,0.392207434332925,1.24761541335233,-0.41752746748792,-0.391768578799882
"ind_24",3.24685903782694,2.96854671380075,2.23510873736993,2.22442889939696,2.39292105335248,2.24548655021256,0.559283857548953,0.516464492147496,0.416783139903091,1.28492285264364,-0.440838988687022,-0.377239225363551
"ind_24",3.24029888326714,2.96897910270746,2.23631014169567,2.23709292406122,2.38366488415139,2.21516279150317,0.554011284184891,0.512930036933765,0.427935976059887,1.26068793722867,-0.425116948435039,-0.360206086766862
"ind_25",2.87007987366775,2.91281079278307,2.1357475383204,2.20683723108739,2.43567546976737,2.27662444720447,0.552896231483593,0.511301745321878,0.421395625155218,1.16526191742233,-0.427411137168593,-0.422544874629872
"ind_25",2.82955817008701,2.92715787529117,2.16155777281995,2.20246803396494,2.42566094257472,2.28163706069964,0.550299876512708,0.512530810264526,0.435733374779969,1.13421117298496,-0.432765165880228,-0.420648523920418
"ind_25",2.833223785021,2.90302691750865,2.13524954542855,2.20125170262396,2.44249670690702,2.30785388293233,0.558271940337233,0.518292587694402,0.412599595570517,1.11706566186948,-0.365888641581785,-0.4328009923879
"ind_26",3.04289571353984,2.99494436999512,2.06675656535649,2.2326089725215,2.44314418835703,2.24969757978891,0.532205285751626,0.522798913347105,0.375068227871991,1.03719671165447,-0.512725857382744,-0.456699956896042
"ind_26",3.06097931838475,2.95816876253565,2.07197991986331,2.24186420998299,2.44113844666146,2.28024436349193,0.53881798166321,0.526034248710765,0.428531625256871,1.07167898646945,-0.560343237183548,-0.423044878558965
"ind_26",3.03511896008533,2.96627654318855,2.08514780706718,2.23178724271325,2.44120612373088,2.21961569739804,0.535753727531824,0.51814496950116,0.394086261416116,1.05378678631561,-0.503267608888822,-0.452826460714431
"ind_27",3.17388849293422,3.0094652061787,2.00658480386394,2.2683511912541,2.37703720801216,2.52721154556364,0.555574426443496,0.517366333980405,0.497794381006545,1.1667772805582,-0.537761355230443,-0.351739996886163
"ind_27",3.18025355595298,3.00165163946936,1.97066129383219,2.26849044974514,2.38124395435964,2.56028938152352,0.564576671700821,0.519059887248281,0.501314751566468,1.246099131368,-0.563111867687536,-0.343463613427175
"ind_27",3.16261670083563,3.0068516479228,1.97132347287544,2.27393149928655,2.38045301057936,2.52702137412008,0.54901951300682,0.515756851231111,0.503012883930353,1.20474941440662,-0.494064416303981,-0.374827220722284
"ind_28",3.12999607844232,2.81822074169052,2.32869317097896,2.19624344959982,2.42830589163972,2.47859884012531,0.569419275899382,0.495854570520133,0.441565451108675,1.0336330929296,-0.537916114778756,-0.449742852725687
"ind_28",3.13537285179584,2.80479541063848,2.30609440812438,2.19754521587741,2.43563610956224,2.5061305380062,0.57218799510849,0.494981357113273,0.453765358447977,1.05099177276842,-0.532385620043474,-0.418334677018661
"ind_28",3.13978418707293,2.81308970267821,2.32251824835019,2.19208804452445,2.44369777033905,2.4772790578963,0.571404482263188,0.497496942206559,0.453645398746671,1.06822804571891,-0.482693133593766,-0.439319850187515
"ind_28",3.12456398942805,2.80914412902892,2.30453292393323,2.18357312278662,2.43722925110878,2.50023054590857,0.575181941997501,0.498609654445676,0.43370604199109,1.06529736047969,-0.495567290773463,-0.443275119185141
"ind_29",3.12920782328616,2.99728739122086,2.27986309024694,2.21749830959657,2.46198130964278,2.21718285864181,0.547927733428383,0.504716077035163,0.269954683412753,1.25388149301875,-0.414544755724185,-0.463510675468181
"ind_29",3.09162444698649,2.98348041964884,2.26211715719462,2.21475763059715,2.46197035864561,2.26802655746362,0.550414320843301,0.504355607968101,0.262299531927234,1.29261229240904,-0.381655320014903,-0.458026916286619
"ind_29",3.15693305982842,2.96512448347083,2.26212178070969,2.2168024849014,2.46362189968521,2.19235207437787,0.553202064582308,0.503782202041201,0.278965847284073,1.2716042152171,-0.343995500870784,-0.494431583376339
"ind_29",3.11486970906559,2.95706261250792,2.2661052840081,2.2192624916864,2.46648322999003,2.23969303984452,0.543919476154325,0.502951368211137,0.256246250091459,1.24259264882352,-0.372281330616524,-0.466684765288655
"ind_30",3.25532852706423,2.91530755030388,2.27718655050005,2.22134968576964,2.41386870996274,2.34084827553241,0.527403544554297,0.497933921984143,0.29972809940162,1.33953992551989,-0.200127904218582,-0.464922850801391
"ind_30",3.26210151272143,2.94662602992319,2.2536554320187,2.23004337920618,2.42034408978041,2.38054813977201,0.534030620100385,0.502196538929367,0.30335132155316,1.35649120229607,-0.200906129705054,-0.480357270652902
"ind_30",3.23054552331868,2.93616103425737,2.25893753919331,2.22619132389824,2.41346000335711,2.39376796908499,0.531504626975658,0.50320792543009,0.294548251761648,1.30373127576023,-0.194260601496471,-0.473581554826476
"ind_30",3.27687084614493,2.93349912875968,2.26162740295595,2.2232252961251,2.40510628754395,2.40134895364452,0.538900794409007,0.498587991370155,0.305501604337021,1.30365785851994,-0.176541918626451,-0.490339060776995
"ind_31",2.99834131286801,2.99569915612114,2.11538492325461,2.23525288610875,2.51145843784416,2.30096267045393,0.545817963270296,0.520143576156537,0.297353363863628,1.11943886779255,-0.65100654989065,-0.366524394674774
"ind_31",3.02326282533707,2.97263644316402,2.07614276413831,2.23837965747828,2.51973143715027,2.30467387315094,0.541877930438596,0.522562367116186,0.301132220286392,1.08556726671853,-0.649807308197415,-0.362129289225411
"ind_31",2.94097377234192,3.02609334821761,2.07079505120481,2.2329645069952,2.50790978773877,2.32572113767363,0.53725645480496,0.522720386095878,0.299478621812783,1.14620811911928,-0.611896190012213,-0.401310745843842
"ind_31",3.04748230413879,2.99461540194868,2.07618053007344,2.22791975243897,2.50213305528887,2.29880889938234,0.539225923871066,0.518567903615885,0.303007996919572,1.09891988586699,-0.633043252419196,-0.378904829461312
"ind_32",3.28542258409154,2.93110692441856,2.27594017339723,2.24606034825958,2.45240177771206,2.27495845937992,0.577138277606869,0.489503407661956,0.302771566543155,1.38241722641648,-0.504476477953764,-0.394723560325457
"ind_32",3.2966681222831,2.9295448554728,2.27593790334331,2.24800585701438,2.43360537682188,2.26780510249127,0.573108115291352,0.494818844932447,0.298383262335698,1.36403438456766,-0.45922278410704,-0.414709638596938
"ind_32",3.25904891394675,2.92644604763285,2.2815469131668,2.23927431881539,2.44233839695975,2.30885936338997,0.582520477694126,0.496519353420161,0.318293058199765,1.27436614920084,-0.430242195124364,-0.376656343726554
"ind_32",3.26441122061784,2.96094587904407,2.26947081879339,2.25427142486881,2.45269175837791,2.27192499591397,0.578265611893744,0.493872339805828,0.29931477929989,1.3353222617324,-0.432820139850495,-0.405326886085737
"ind_33",3.2676058660756,2.86741725475342,2.16422535768779,2.25689798850363,2.3998341905035,2.2288482585577,0.558405910689079,0.506392485342716,0.574096329938056,1.2407988793677,-0.491574016787363,-0.605111083772731
"ind_33",3.35508883218329,2.8618174268859,2.20540980226838,2.26023653851324,2.38734840893397,2.25396112046006,0.551550940491774,0.503904191582943,0.539248873124143,1.24049170229448,-0.5218506425194,-0.61804364362005
"ind_33",3.29710305574961,2.8684013936708,2.14921017155141,2.25786415096639,2.40189800120417,2.24273473729146,0.550649318406164,0.506202047937326,0.559051673033683,1.17206642741602,-0.473950900654958,-0.611592730203798
"ind_33",3.36867325267806,2.87766775254683,2.15863272995452,2.26367392062318,2.39718910049846,2.24060628551542,0.54617205491689,0.503776661684262,0.540212422464792,1.22550525264274,-0.542636671315537,-0.599427940819848
"ind_34",2.98325656217708,3.08338600562845,2.17204141036571,2.31597715066059,2.5080415525836,2.42125268467693,0.536493835821935,0.509790556273858,0.355322067373104,1.48036523055499,-0.577933312360757,-0.370024546945905
"ind_34",2.9844398103584,3.0915875767269,2.15348018866257,2.30981129243338,2.51108461988182,2.40015693422288,0.52015239270459,0.515633960903488,0.362696170202582,1.51195358630073,-0.619131379580426,-0.35587002452935
"ind_34",2.9836992775773,3.09826593190625,2.17696067970194,2.31235528791307,2.50873989881547,2.42638661117263,0.521080555611171,0.511507413132683,0.352858299542805,1.45965135618814,-0.5806572076016,-0.343284652672331
"ind_34",2.95798135538323,3.1205287217739,2.17290124214811,2.31329642380434,2.50660584679366,2.38199268456012,0.518037010847756,0.510135397375129,0.373347082546754,1.54076344020744,-0.589187027376103,-0.369314308196097
"ind_35",3.1137759792657,3.15225591548333,2.21431285942791,2.25617456361682,2.4184843891011,2.64419258581773,0.532868627427009,0.505076483227256,0.460292684613855,1.13054380632987,-0.497503752600575,-0.395217450300264
"ind_35",3.12873152713673,3.14208923002197,2.24063426258902,2.25124238164278,2.41564790822966,2.64599985384766,0.539929890620667,0.504149072689433,0.48392372380459,1.10134348026407,-0.537320594164022,-0.341882767115067
"ind_35",3.18989575999956,3.17621859587668,2.19945214098928,2.25484434280214,2.41782427390676,2.63683264272783,0.530390737970821,0.505092403367564,0.457515426492682,1.06584728549526,-0.483963125482515,-0.371346207112455
"ind_35",3.16395045966881,3.14056942896763,2.22340789721028,2.2532330219025,2.42317377496279,2.65212423473835,0.5425227556623,0.502459355690629,0.460116408039907,1.10753251847822,-0.513120583829364,-0.365852128742002
"ind_35",3.1652600844422,3.1601041322041,2.22566828937551,2.26729879542246,2.41818255150395,2.64665554171181,0.531525444335028,0.500087419368638,0.459317133249166,1.12741816767399,-0.481975470354485,-0.374076855195177
"ind_36",3.29631524580378,3.05213971615005,2.08636075003918,2.19951264952656,2.45457436898444,2.43559685912626,0.570303675098707,0.509896999803694,0.362709682735111,1.10480844962831,-0.532107511991508,-0.177730995105845
"ind_36",3.32896272977213,3.04461241854486,2.11427447308059,2.21573161604302,2.45856383528774,2.47432945529233,0.565553948674338,0.506884999520336,0.368452768117009,1.12597436599534,-0.512690515440802,-0.200462573993237
"ind_36",3.32880722607426,3.09009905516276,2.11108574302528,2.20632906769004,2.45272794761627,2.42993074561681,0.567266495621318,0.506488178513379,0.377964001889601,1.08162604026378,-0.536878118415437,-0.195213509310354
"ind_36",3.27949293793258,3.06593749075499,2.10652552155041,2.20923910507118,2.46124317995946,2.43737725083249,0.567059858118834,0.506397666630397,0.370468528893029,1.06790486326624,-0.518907737130197,-0.194808813348014
"ind_36",3.32047073688502,3.05537382807036,2.07698152481549,2.21753796432692,2.46171990313589,2.45713562005682,0.565680371999147,0.506035985172078,0.365563762745228,1.06613542822564,-0.530478759988726,-0.206725404731336
"ind_37",3.11878657824997,2.86000820105138,2.3152639027325,2.30173611246727,2.46525127647347,2.39717005899866,0.546942732355893,0.492271586755416,0.41186961098319,0.967520350834875,-0.385193076785783,-0.346279782358123
"ind_37",3.07725698759341,2.83050884515465,2.28554297150509,2.2950955608118,2.46755149630465,2.39086125813936,0.54774515013034,0.495628467213791,0.379617331030017,1.00399220700408,-0.408816643080551,-0.319979534364165
"ind_37",3.18515231414986,2.84722336374362,2.31160195457941,2.3014971697165,2.4732279127145,2.34738450935781,0.547920293629865,0.497504618145511,0.365774353263914,0.91230401786263,-0.402495376124218,-0.317307274895261
"ind_37",3.09661691842703,2.83247947096772,2.27681100029225,2.30127709175149,2.45865442354997,2.33735773210796,0.539667908754723,0.496344005568221,0.383381363024222,0.972200168726509,-0.424908273018606,-0.347534569096955
"ind_37",3.08827850037655,2.84267288294921,2.29473297747374,2.29142186259281,2.47241037019254,2.31792283098518,0.547582945676816,0.490047554249827,0.380287331397686,1.0019104198848,-0.426960158374853,-0.354863932628953
"ind_38",2.98640782527319,2.88018450958903,2.10238246131857,2.24209229374445,2.45970525634717,2.4128204525332,0.542963835748436,0.490025562170832,0.433436023823213,1.19587017458664,-0.497500316243299,-0.437456019566872
"ind_38",2.96918890631681,2.86909976995352,2.11170104774142,2.2349922263714,2.45634772200974,2.40816800643276,0.534952909599031,0.492922508076809,0.435698887591991,1.22369250633628,-0.510467084169528,-0.427667115494805
"ind_38",2.95778542405564,2.86750602581693,2.13612019910211,2.23906313180586,2.4612467527911,2.3963196427189,0.545527702609095,0.490134317971657,0.451116813901922,1.21822621003653,-0.501639507906208,-0.425640191969977
"ind_38",2.98288579277999,2.89655373401641,2.11475118901276,2.2337881577878,2.4551912736365,2.42080001324297,0.54339267725688,0.490202557147675,0.453740533820516,1.23197910013051,-0.523292498868603,-0.426803700770114
"ind_38",2.98780694187904,2.90631118553366,2.12499977397886,2.23487017842281,2.46534749084459,2.40937172518944,0.534564687550894,0.489209619752687,0.429881351120428,1.22515024470005,-0.50198340037596,-0.404580347237126
"ind_39",3.01765889784517,2.8998291569828,2.25924661769515,2.25508848279641,2.44481029506221,2.17975609266142,0.520054872838986,0.49358553603552,0.250996795751591,0.882896918135778,-0.414767551860478,-0.440269789667937
"ind_39",2.96644453824634,2.87115486815629,2.27168767611975,2.25487177343851,2.43761547436142,2.15205334754968,0.518101981609804,0.49524778283368,0.2584729858469,0.948930203595802,-0.421537337508487,-0.441532895272295
"ind_39",3.0500133547614,2.88581733880327,2.23567013068138,2.2476388601114,2.43716572928461,2.1462165351271,0.522207744375519,0.491947926848376,0.233869569567807,0.942984357709723,-0.377671605532068,-0.441916547043674
"ind_39",2.98388141730288,2.87053974984244,2.28432771208049,2.25453284019004,2.45079839252135,2.16090150425769,0.514185579389254,0.498683846334502,0.260325369432856,0.946865485408537,-0.399952727691358,-0.424450170790725
"ind_39",3.00257966912408,2.86505495871103,2.25053079305199,2.25774049904372,2.43392222846302,2.15037348304079,0.516601798038361,0.494592265866792,0.264282989282708,0.998228241547676,-0.440935145540262,-0.42649898917931
"ind_40",3.33125647640828,3.03093157882515,2.20795445992087,2.21552834703571,2.49706592119824,2.24101190101253,0.553678921484985,0.506519260525151,0.446330967488117,1.32071028461856,-0.436417352309171,-0.323873261374126
"ind_40",3.34426508931015,2.99135833841794,2.21647308913334,2.21410062950408,2.49647130538009,2.2028956941547,0.548013294464002,0.50505103403661,0.405041481962287,1.34436249625706,-0.478812559157598,-0.355798239717046
"ind_40",3.3274999603375,3.00924635310625,2.21255053413039,2.21351489022344,2.50366505056178,2.22006875441287,0.543726958390407,0.503234458006915,0.395073914299773,1.26618797565021,-0.524497177137666,-0.331027845845669
"ind_40",3.38710496702259,3.00197342070885,2.225487341768,2.2168033081599,2.49194673026111,2.20233005082607,0.54929922091316,0.505962361354139,0.415407258909088,1.29977023495102,-0.494175864544964,-0.342758691183414
"ind_40",3.33632756127919,3.01313195384464,2.21780500254627,2.20687366516092,2.49842571036973,2.26483111215266,0.55329917883538,0.50562546875772,0.419273938765986,1.33137745490396,-0.532267450398462,-0.323396917349468
"ind_41",3.22265697755686,3.15150577478382,2.21952521457541,2.26120910614641,2.47733826645807,2.13296989288909,0.508041459708495,0.482736182963045,0.556499038485536,1.15728484490262,-0.666786524715535,-0.466221802969571
"ind_41",3.27607518961162,3.15300612570393,2.20354160348951,2.25368096128436,2.47004334607529,2.14823764994453,0.520528092909314,0.486600078154694,0.542672432703659,1.18443988390922,-0.679008019486729,-0.438616544107668
"ind_41",3.26035621793629,3.11477162994072,2.1896739699725,2.25644789490006,2.4787594938915,2.17189092517329,0.515827305649746,0.488352974248429,0.507271793573478,1.20166803733934,-0.65504904511575,-0.453930865487269
"ind_41",3.24323562066892,3.14804548416157,2.18508381856753,2.26072621731833,2.48000617619051,2.18508622168817,0.510514377058734,0.485578507015549,0.531357574946869,1.17321214886851,-0.664648936806089,-0.45041854858676
"ind_41",3.20679263113686,3.18526811715552,2.21496727274029,2.26453185896902,2.47157993225984,2.17673384712981,0.508350503669927,0.485289795406469,0.561290496539132,1.16137558540424,-0.678907715778706,-0.451328814819212
"ind_42",2.96282459953099,2.81999393339416,2.21814342089037,2.25448581722424,2.44880895802609,2.41949317126625,0.557968005704244,0.532482975627861,0.457506271796842,1.10391767627169,-0.561063163899876,-0.453312914037892
"ind_42",2.94818241843154,2.7806021846423,2.23002625629734,2.2677860839865,2.45175049227815,2.38118298890128,0.550206764442605,0.526133348210565,0.457044950849185,1.11522613222074,-0.50115091313374,-0.420786854615303
"ind_42",3.00390582397936,2.80108801004435,2.22476522573769,2.27402750803277,2.44527804529676,2.41494563164636,0.551967738861297,0.53468590726144,0.450247979131407,1.16763695527053,-0.507730962240797,-0.471922724718863
"ind_42",2.95974050936957,2.81128520847245,2.22168741439232,2.27469024270967,2.44186299748949,2.38916704772136,0.55606874383314,0.528842328382648,0.472307505508529,1.15288836404771,-0.505057883060662,-0.445790886197572
"ind_42",3.00913249043055,2.76962577734443,2.22558849692273,2.2509462272345,2.45359243276511,2.40976732863089,0.560639759002847,0.527432603938381,0.447246090606217,1.15533956226371,-0.561313849493006,-0.442602342587469
"ind_43",3.1398439838822,2.86847387901831,2.15092096017017,2.23269800970529,2.41358202960622,2.3310875643696,0.544796176163292,0.501786585719479,0.419554245342017,1.14166596006255,-0.2720653784499,-0.369679407721152
"ind_43",3.12069095773344,2.84445099408722,2.17980191047913,2.23695625064818,2.41012228967185,2.29110727578895,0.547291233005193,0.498451282338587,0.440392462608256,1.13959509332122,-0.351082657135157,-0.400839427334055
"ind_43",3.13472265405137,2.88520437049247,2.143050008414,2.22858978213458,2.41734937340948,2.31256990736293,0.549548896856269,0.50077147933522,0.409569781516324,1.16029177716329,-0.34848529288729,-0.392033137292923
"ind_43",3.12044293275223,2.87409360017512,2.18712782678832,2.23684725014814,2.42288617190101,2.28909563655546,0.540862859968771,0.503158648965359,0.413415592545471,1.11877926027214,-0.346375452455498,-0.385832879889316
"ind_43",3.12436213677048,2.87781008945183,2.16351371620621,2.23217933891012,2.41826853790431,2.34386423067591,0.546606883189135,0.497155244993567,0.451208979155523,1.1349392022828,-0.329763693378717,-0.39423517116745
"ind_44",3.04253896929497,2.96454566578045,2.04851414080196,2.23383372497851,2.46296230749354,2.37435223701264,0.51231568514645,0.483722314612413,0.408681603030567,1.19320000729665,-0.341432420060782,-0.413131215637583
"ind_44",3.11124317391859,2.95134983941111,2.08001367028635,2.23580259834599,2.47626064889123,2.41176400267326,0.519174328267541,0.483590015070819,0.409242506234409,1.20201918003056,-0.321034563763635,-0.453393978876377
"ind_44",3.11168688994937,2.96266450841055,2.06723790917691,2.23428167436849,2.46495790601713,2.44884651607274,0.507524737469578,0.480455263028141,0.420153886006099,1.18146038518573,-0.385650608273039,-0.447876228358313
"ind_44",3.07749186023471,2.9757125871172,2.04146888989467,2.23844002976711,2.46600853399271,2.40670784720174,0.516142225858385,0.482695172633837,0.40213454500277,1.15334058803223,-0.378173259602218,-0.435338460498112
"ind_44",3.05521363553698,2.97626725425373,2.0494271148564,2.23355497036717,2.46266104852874,2.41467308726606,0.515085430019912,0.483180977670847,0.397198007508752,1.2101792740412,-0.353703219205658,-0.434550062607848
"ind_45",3.21129377970656,2.95404505180652,1.98117898939721,2.25976366268698,2.43611824343414,2.46347203219244,0.578733629928649,0.502823259471942,0.468714281558616,1.11673943009512,-0.577295128201561,-0.37266178038531
"ind_45",3.16951027420827,2.94533474667462,2.01216125188501,2.26277783705612,2.43518621903028,2.49664265111677,0.583180462958408,0.503891081093979,0.429875829073044,1.13101208616519,-0.571511316703963,-0.360427815550267
"ind_45",3.14543086254381,2.97246915593388,2.01464513195416,2.26848835575701,2.43328808560345,2.48554451966333,0.581511756316026,0.51039827913545,0.437623449986386,1.10836868655541,-0.587495260327951,-0.396058212216542
"ind_45",3.16308507969188,2.96361832583884,2.00315835838133,2.25929791748035,2.44367873590915,2.45844456082354,0.589063786692674,0.502239680601912,0.451006470805732,1.12115699682376,-0.61216276773219,-0.352690728371345
"ind_45",3.11421720432508,2.95070309381603,2.01282217372336,2.26667510382575,2.43423886479535,2.48121142060792,0.593955366904113,0.507276759545,0.453250065981383,1.13504302250081,-0.649927757495373,-0.349542131821376
"ind_46",2.96272322469155,3.01292667073772,2.14556128123801,2.2747667762729,2.47496306975089,2.21703561131154,0.516881108024837,0.493706319119354,0.459763525156918,1.3251762371798,-0.3982250505491,-0.437840410749892
"ind_46",2.99535226861489,3.02393895247318,2.15467249312279,2.28261013951393,2.46275491202523,2.26075264414946,0.521109010107836,0.492755005162706,0.468158894964887,1.28172702827787,-0.404736868087744,-0.402577524781769
"ind_46",2.97968777518788,3.01030079053198,2.15700523838408,2.27894969109954,2.47197919157243,2.19700077459705,0.52115636205049,0.494356815432715,0.459272917444827,1.26097041761076,-0.394717301881914,-0.426426695606041
"ind_46",3.01302263730121,3.00171913890864,2.12146219499449,2.29515749307269,2.46770059022194,2.28542083207812,0.524620313634104,0.495209391118088,0.449152839293276,1.27713399445088,-0.449128534842431,-0.425464048174653
"ind_46",2.99646315115338,3.01620814858644,2.16982144185785,2.27952895949017,2.46144462391627,2.21397685831649,0.522135584064839,0.49415875133597,0.453910686342831,1.30155921701528,-0.405956920719209,-0.377481770411661
"ind_47",2.97457168803503,2.8245536619069,2.12864405554049,2.2132962929536,2.45809002247195,2.44179217527645,0.520528599920698,0.484282293259804,0.417553122438708,1.23292586672089,-0.495982874332403,-0.347855790723603
"ind_47",2.99481007691937,2.82384837461567,2.10143534580089,2.21323919006101,2.45489931525736,2.43277704641904,0.520362643093432,0.485498862406949,0.422456933180584,1.23455130255991,-0.529291204272417,-0.349635583003677
"ind_47",2.98749842208709,2.81973817682577,2.13718313836641,2.21483370246007,2.44610823665169,2.4824850236953,0.52677272053125,0.488748548418578,0.401032080110014,1.24813655617945,-0.514394038530783,-0.347881464782493
"ind_47",2.98724743878065,2.78786296551769,2.12310125642359,2.21785947829701,2.45727510031827,2.46419207793789,0.52947281203063,0.483154184670442,0.404992243743996,1.25871232196416,-0.481779860985644,-0.339779006496681
"ind_47",2.9629470676208,2.78452713241331,2.11348677237527,2.22189887867659,2.45637081796735,2.42440184452197,0.522337374183025,0.486379588411993,0.422115242690947,1.2034627615887,-0.510061883865549,-0.312504741320339
"ind_48",2.88695955233393,2.94717346865677,2.15834954548537,2.23398208319416,2.41995282583213,2.15320225283673,0.578983240659485,0.517965442528506,0.304747359873552,1.15951876445894,-0.520928789378103,-0.365589315815607
"ind_48",2.84782801193019,2.92562462034114,2.11989839609519,2.23423941389163,2.41747151823582,2.16348442420054,0.585467330310165,0.520492311207485,0.291853419630919,1.13580534559998,-0.586786311206376,-0.360624321327801
"ind_48",2.82842313002035,2.94687771058188,2.17355009496661,2.2339141694201,2.39847669098753,2.15565549781537,0.58843390200308,0.518772928940508,0.309179380434294,1.20464224848845,-0.587423872193033,-0.342749053264695
"ind_48",2.84102197230476,2.93311496166688,2.13509339092265,2.23694664984722,2.41377083007868,2.14509631769813,0.584352997738812,0.523449507143774,0.326489773398621,1.24525159828863,-0.593644014545872,-0.332641025357964
"ind_48",2.87451158339048,2.9548287200376,2.15661335529235,2.22502727273226,2.41984232326459,2.14600336570347,0.590143909784694,0.521192813616313,0.300201392391708,1.18190674490069,-0.534333661843812,-0.347733873497614
"ind_49",3.10357317981327,2.96639534789317,2.20688589290371,2.24259438044827,2.45223729583835,2.34039161104052,0.552685907473902,0.490444080637208,0.461266075623861,1.14947409237046,-0.697120811303535,-0.510742825380006
"ind_49",3.09632991984918,2.96383488239336,2.19304072272912,2.24711604441761,2.44558893332637,2.32281002345014,0.565250300406872,0.487995692754605,0.482548106597137,1.2018057453009,-0.659683176647929,-0.479184366037611
"ind_49",3.07295324343441,2.97431025376527,2.22045155349832,2.25192168689083,2.45528383454997,2.33210122898276,0.559234351223333,0.493053353273575,0.444631308461117,1.22521200637703,-0.669335918862066,-0.490820696875328
"ind_49",3.10701395869261,2.93727234509158,2.20983604531939,2.25563566556008,2.44970829368515,2.30184221225432,0.550913290211249,0.49528428676466,0.440450257609038,1.13928936623832,-0.681161346300227,-0.485705058271481
"ind_49",3.08815927438123,2.94445906777809,2.1813635521939,2.24845883542948,2.45254452743394,2.32194504445062,0.566750142115251,0.491848062120383,0.449366946961267,1.15493479491527,-0.67625705286596,-0.499588650957307
"ind_50",3.04625742466517,2.95639644344928,2.24423972275983,2.22494363028786,2.46373314839749,2.10351128085273,0.512319292851134,0.487782289363635,0.499568092669747,1.4140793558188,-0.394969473564213,-0.35806915868098
"ind_50",2.99523807175184,2.95194561480881,2.2702871962446,2.22973451003775,2.45095096849905,2.09490774175548,0.513826771726868,0.487568639228557,0.500824573900337,1.42304834771624,-0.388684101853519,-0.369788996725051
"ind_50",3.02813966730503,2.96169258896148,2.27399176037604,2.22641506987878,2.4521671524954,2.11554018572043,0.510000587850141,0.486682610661146,0.532772922551324,1.40258955830324,-0.378741122791787,-0.355705729764919
"ind_50",3.07908891501803,2.94396089895805,2.25603675518422,2.23306638682287,2.47042671638214,2.1378434297683,0.514328535682952,0.48737025973165,0.508591725011225,1.43408574685966,-0.367331187055229,-0.364459341606167
"ind_50",2.99941197996737,2.96079519170375,2.24248729015663,2.22942765995787,2.45547825227466,2.09520962662646,0.50380577463677,0.4888937086363,0.538866530503322,1.43826833837893,-0.39127007498358,-0.364807818953981
"ind_51",3.10290960270779,2.86528318299145,2.15846257335015,2.2075493278648,2.50052029299034,2.04981346740366,0.539191837728737,0.512930790377818,0.46660223278883,1.2618764133283,-0.567925287496752,-0.310767515459821
"ind_51",3.05889577318145,2.90743369003594,2.15737011740236,2.20404486725268,2.51009692148581,2.0790749139669,0.53615633637004,0.511607080506932,0.457920252468877,1.21491824872494,-0.583517217238613,-0.2836385423404
"ind_51",3.04751862266096,2.90439322845726,2.13727844845644,2.20870717418931,2.50519873264424,2.1211884074438,0.532118317925522,0.508316054625486,0.475261982789862,1.16184824827489,-0.556071829714973,-0.299039706819989
"ind_51",3.05469894647799,2.91008882172573,2.16979096143917,2.19867913535837,2.50200588355817,2.11317368745146,0.53621646087718,0.510926754164355,0.454862669556699,1.23027784767216,-0.567904844293748,-0.286025327310208
"ind_51",3.06915332432631,2.89425932276331,2.15245071372435,2.20246377465486,2.49852428857158,2.09415451286637,0.535967958980064,0.510934583569184,0.468271997131479,1.19568400188926,-0.583024006552491,-0.306708370268813
"ind_52",3.06148741231931,2.96611175648231,2.07878429094704,2.29889099228013,2.4824606659642,2.25526601666021,0.565287296163984,0.529518447225024,0.437660321813138,1.14916642115625,-0.560821501573371,-0.399233892630687
"ind_52",3.09220459845592,2.97039814897239,2.08644719578199,2.29821877001114,2.4728448108336,2.2317789700168,0.56818736209126,0.528618620225994,0.433982686491248,1.19575639471052,-0.530655434423754,-0.407161927830098
"ind_52",3.08642264103617,2.99063041994788,2.08627038736095,2.29112168590379,2.47620268125871,2.28928042359779,0.562771078934821,0.52550831156591,0.422882654627726,1.18769878283944,-0.563482581735495,-0.396877034338606
"ind_52",3.05078206460446,2.97932549659434,2.0951748224726,2.30598472319346,2.47517915603007,2.26772112263287,0.569813394517098,0.52711967684324,0.424388541201294,1.22327654618577,-0.55971487611671,-0.441770254642503
"ind_52",3.06107579435416,2.99198223344879,2.10355810562754,2.29260255286895,2.47706711675857,2.26962207005988,0.564591284508401,0.530339071493611,0.441529984264689,1.1840112452689,-0.563560190695306,-0.411869010331584
"ind_52",3.09631673533157,2.97627525632158,2.12546123640698,2.2981347114797,2.49151085517424,2.23356323573361,0.575100531236658,0.529802011205394,0.415472808289923,1.22585584403754,-0.543680172455471,-0.413775239954969
"ind_53",3.01791045534151,2.9613196121555,2.04591292450599,2.23502993015211,2.51418587474642,2.2370402147244,0.552717338148162,0.511323667477055,0.331465643936494,1.02102398024497,-0.266403396808147,-0.499058799607561
"ind_53",2.95388083517464,2.96538532145438,2.0124163360989,2.23093934509509,2.52021996901196,2.21254532979918,0.55343278507051,0.510784048100584,0.340806674719363,1.07649862885186,-0.243592907069421,-0.526777067903928
"ind_53",2.97182925486431,2.95293580217325,2.03997749588306,2.24485746981034,2.50953675755394,2.23271147069494,0.554002954442017,0.512252258250895,0.336547169615014,1.05057391958269,-0.264617838604808,-0.502465555616791
"ind_53",2.98440651311376,2.96886989968539,2.06994791016337,2.23176970786191,2.51362328108409,2.2095651419228,0.552333045950333,0.50641974508627,0.323721647862327,1.15409280213089,-0.278890985092592,-0.514210862753985
"ind_53",2.95639654752199,2.95118104730389,2.06181340868612,2.2235152263648,2.51705893214086,2.20694475259279,0.560789642774594,0.511723861193505,0.30081284210666,1.06022857427966,-0.251140857434726,-0.536943199010481
"ind_53",2.95774568917845,2.91776932667157,2.03305107679732,2.22495893455094,2.51167106613965,2.23081411794365,0.552374054286095,0.511690471263678,0.330754745094987,1.0871531464947,-0.307473103855854,-0.511712455233943
"ind_54",3.08685558058156,2.89249530937794,2.34602425635644,2.20474067053154,2.48455138344316,2.32353240230711,0.522766098600424,0.500572114904448,0.480119063507323,1.26497426794097,-0.557384775821253,-0.414056294126305
"ind_54",3.11912690824355,2.89365593162759,2.37392172257241,2.20893463162679,2.48336592046291,2.31569220930736,0.529088294952344,0.503226212658941,0.467186879976346,1.2996254878733,-0.593402761503991,-0.404701359685465
"ind_54",3.1277604595725,2.8708439850811,2.35564648019711,2.20492397962164,2.47350643563216,2.323807396263,0.522664024199567,0.501605526373553,0.4683870640779,1.32654811474738,-0.586663815231524,-0.438678624261266
"ind_54",3.14471666522643,2.90454574719288,2.35781456146548,2.20528331636581,2.47720439690732,2.31223185510858,0.516523116665163,0.498563750856993,0.483985933346047,1.27162766031909,-0.50057722496417,-0.415163462062919
"ind_54",3.14966866798635,2.9049013331047,2.35067953682108,2.20685680938332,2.49087521301256,2.32680756159667,0.529589884572849,0.503171820190524,0.469547159265628,1.33259640544702,-0.542047470048286,-0.435957324859498
"ind_54",3.14988741289125,2.91006903144352,2.35157400202431,2.20430197542993,2.48590547236659,2.34650339648613,0.530927389110095,0.50001002715698,0.469208052664147,1.28599564481021,-0.580133404809467,-0.406141532505207
"ind_55",3.08806043150108,2.90553760248989,2.1185005195738,2.24601368063926,2.44611049132945,2.4342303960746,0.527388122371347,0.508268867426516,0.358446472357177,1.29737113198419,-0.326016730990926,-0.27716940729413
"ind_55",3.07096261773672,2.91582762889374,2.11643054820269,2.24416761680815,2.4423128808407,2.42948072550506,0.533876531155988,0.501547969959482,0.362777297151121,1.22351170333471,-0.245946422779355,-0.280542741643344
"ind_55",3.07386798690903,2.92819784469331,2.13627488978646,2.24608295017114,2.43449549702968,2.45811093036825,0.532737062090274,0.505789144818237,0.360272887011609,1.26708759681112,-0.269639742479309,-0.273193426305471
"ind_55",3.04016505191829,2.87151935131699,2.11326792313609,2.24485314780579,2.44647799349999,2.38942192289285,0.521663122452831,0.50347441971437,0.344719345262859,1.25142946216505,-0.32574829370436,-0.277418092462916
"ind_55",3.08716966884658,2.92504926224436,2.12306635265135,2.24030419682581,2.43701917942017,2.46051609383405,0.522151579899032,0.504278132863133,0.362293520048915,1.27008648844663,-0.346963889655152,-0.317112572926051
"ind_55",3.0487761438046,2.92391303966102,2.11475657999847,2.24407084600331,2.44108508558811,2.39765777095687,0.529697713951851,0.511283834158382,0.363227832480431,1.27533278997764,-0.291001997265199,-0.306707160412293
"ind_56",3.03201620913886,2.80827896801591,2.19224926518214,2.26448451544998,2.41987466857053,2.42702908565761,0.568706504243893,0.503524218845323,0.391818546000068,0.91683054361498,-0.427689761553046,-0.473258237783143
"ind_56",3.0510119197843,2.84624845370883,2.16293447598779,2.26152187990427,2.40409357765518,2.41963683566599,0.571433863433707,0.498096308054806,0.402152881893643,0.898435110539029,-0.410954425553478,-0.463920988138361
"ind_56",3.06009314794642,2.85707501658768,2.16354151655836,2.25268309236052,2.40823532429316,2.40207885767968,0.570825625518877,0.497275490366318,0.379226927959489,0.914524152342241,-0.433216548554782,-0.441856218703184
"ind_56",3.03654089113853,2.82187231476385,2.19615087769168,2.24931680379918,2.40681475680124,2.41818552574221,0.565674280891676,0.498185990322917,0.372523898885389,0.947618597495141,-0.43708767221996,-0.484878431068403
"ind_56",2.99931333514153,2.82475289956531,2.17729476036544,2.24839272575808,2.40240429820371,2.40703028485218,0.571789137911636,0.496237558469984,0.384973052237672,0.930022518976396,-0.439440883036009,-0.447157764420915
"ind_56",3.08464044038059,2.84301392260679,2.18149635922161,2.24570062859956,2.40390249835527,2.4063592124351,0.571038254515735,0.495682463924382,0.366011399120922,0.943383343786289,-0.416582022420402,-0.500268654470895
"ind_57",2.97739271151973,2.84305496441212,2.27239864346485,2.26833338758069,2.43069461994412,2.51284663943801,0.511428550650873,0.52390913794366,0.403637438292225,1.1322702487183,-0.567354244823829,-0.307185114909622
"ind_57",2.92768307055214,2.82495365491348,2.28836467546826,2.26326718751691,2.43183212112373,2.52031154285914,0.514139651037064,0.522937268651012,0.383533658888863,1.09576723834142,-0.606419468720482,-0.293634665115923
"ind_57",2.93856900935605,2.8272839252956,2.29892992001396,2.2655250639839,2.42245526438284,2.49711253958682,0.51470383680213,0.519210583960023,0.400230043285296,1.10589932004764,-0.62830563172741,-0.273706663155659
"ind_57",2.96947273480923,2.82501648273754,2.27665316905454,2.26661026139082,2.43204155886182,2.51223421564905,0.512129542275973,0.525318367569304,0.378533237271214,1.11900492125888,-0.575296400731105,-0.310322696579097
"ind_57",2.95265715748705,2.82724493424454,2.28139058168202,2.25673770469591,2.4342879275721,2.5349801017705,0.5104540267329,0.523237911415099,0.395305545202584,1.10499853453316,-0.583914769430734,-0.279564978025162
"ind_57",2.94690904432832,2.86269197575129,2.26634931246812,2.27146238860875,2.42240744713727,2.51255210613476,0.509532149665451,0.526904439040319,0.397965198994848,1.16460678903588,-0.576841989539384,-0.293452988983107
"ind_58",3.01297438792537,2.78395445789147,2.21908559151526,2.21793470444921,2.49149680488082,2.29376302661175,0.488454414560863,0.49350056490726,0.344410909950008,1.24674590052283,-0.360989113860646,-0.281339254435664
"ind_58",3.01836640390318,2.80119501308175,2.18035762298528,2.20866521193092,2.48263613636478,2.28757948600339,0.499491887609029,0.49732170134354,0.35835934431685,1.24170673063379,-0.3849837734149,-0.289735181015992
"ind_58",2.99713846019679,2.83055951496143,2.19127600162348,2.20933343378668,2.49834225055832,2.30332967838149,0.505295210648102,0.498008372644995,0.346385484261124,1.19845056472052,-0.393840256143457,-0.290785923278289
"ind_58",3.00890536761451,2.81969311777195,2.20957834967023,2.20521792314433,2.49415095220714,2.30575676197564,0.505074863556958,0.49192491101789,0.350617182568437,1.2373343292834,-0.348634237919547,-0.265507711141969
"ind_58",3.0134165628133,2.7812364921733,2.18554636598182,2.21692499580848,2.49646209131275,2.27736429847471,0.512245261440988,0.492755081086941,0.333092249290311,1.25619412653365,-0.373344790277376,-0.295597354109074
"ind_58",3.0113677896454,2.79806838099433,2.23422833394622,2.20361674020443,2.49489469468016,2.32059603206645,0.502136614698425,0.48904404514518,0.35410731753946,1.21798195289611,-0.373994799753647,-0.301421094235612
"ind_59",3.10995259951096,2.96563754096122,2.12147831832675,2.20063171233902,2.44938543418305,2.47665434632003,0.517573223048542,0.522788412428593,0.52511210152112,1.07885532761168,-0.532069183242827,-0.403862248747023
"ind_59",3.12745040705427,2.94470844701095,2.11988724268116,2.19161831750159,2.44611595420376,2.43444945826567,0.523763560084221,0.521863469112564,0.51430718404534,1.10669671078702,-0.5578545457511,-0.43610635243486
"ind_59",3.11774474179365,2.95254377127036,2.13665997703849,2.19321596193952,2.44403598301807,2.48724971277266,0.512914791308911,0.51696530186557,0.500583032841958,1.0849539775752,-0.568849522412473,-0.445213286999446
"ind_59",3.0977716144294,2.96794386748269,2.11321334472007,2.18549692131624,2.45123594313584,2.50561622573478,0.516265595143836,0.52253097676623,0.504611033780024,1.10257504949917,-0.556138959561321,-0.424794936979828
"ind_59",3.07417824125262,2.97842401687557,2.11336847019678,2.18637787318875,2.45051629882914,2.46509353746755,0.508933742456692,0.520394994164098,0.533904959953227,1.04600393362929,-0.599525185988855,-0.421706814413566
"ind_59",3.11899486610111,2.96550594426757,2.14038145851703,2.19220934154516,2.44766486358008,2.4697017409218,0.522230053301575,0.515345649664228,0.519095889447094,1.10797798461591,-0.540176126077698,-0.410210605509712
"ind_60",3.23278632361318,2.81006870961632,2.18719820617265,2.21628049455857,2.44465821678112,2.16679820872583,0.561537171436869,0.51372467465576,0.530860683290025,1.12943875437896,-0.490587188660466,-0.505648013382445
"ind_60",3.20126163247394,2.80700372131182,2.17721416459042,2.24076807698928,2.44267127029839,2.18318834362438,0.555792504228236,0.51035859796788,0.526074813253526,1.10480420687406,-0.493714068526716,-0.481169499859454
"ind_60",3.20564119115941,2.81650796631368,2.20065236300187,2.22861489072413,2.44346821953436,2.18042897795413,0.565004841909177,0.515430023099752,0.530689394045141,1.08684866675784,-0.47149577398995,-0.473147760024913
"ind_60",3.1980609453794,2.8026408145515,2.173363563106,2.23536236794619,2.44854112311932,2.21451152627307,0.556219736418641,0.509756210074499,0.536855485484538,1.08358598016268,-0.490457442150382,-0.469145852861431
"ind_60",3.17078594565536,2.80037505874322,2.1827861375016,2.24057580137309,2.43651640495012,2.1751550813671,0.558991663959758,0.515934583327641,0.525404572704818,1.10632855712325,-0.450066795528322,-0.474808712902391
"ind_60",3.21861934099371,2.83048227465228,2.19441451166379,2.23615363211151,2.44726971148089,2.1841073183272,0.563170216515189,0.515909604409967,0.542710485869822,1.15649514554666,-0.501535292253269,-0.511888041336985
"ind_61",3.30289554211522,2.75176925168243,2.24554894647832,2.25776842793856,2.5056635669478,2.35354738000049,0.533896558902384,0.508673878044567,0.414982633356219,1.11224352575465,-0.33208012648342,-0.570242279761273
"ind_61",3.32322429728901,2.7967469785961,2.19816905423828,2.26070034845513,2.51206103720786,2.32426650769905,0.521998470637519,0.511833611152427,0.423258301402956,1.1402234945564,-0.361304963262568,-0.522192910963606
"ind_61",3.28835733823081,2.7677454072401,2.21590833751362,2.26372560469877,2.50152734286904,2.31167209625325,0.529571881032005,0.50875840243502,0.425866054908342,1.10743546136159,-0.348320589380472,-0.547356363799011
"ind_61",3.27371362106908,2.76538702007654,2.26328024068564,2.25331162567693,2.50407349157983,2.30532687818661,0.530531258154627,0.513212373407109,0.435940237214284,1.13209635482534,-0.3500898673248,-0.521623010697788
"ind_61",3.29570886330658,2.78642369239097,2.228911776393,2.25630626246858,2.50331781536635,2.35885517637664,0.53224773371766,0.514357769465878,0.424052425505575,1.17694082659444,-0.321540120529479,-0.542658768150084
"ind_61",3.34002895986152,2.77248195173172,2.26295112514744,2.25647059310965,2.50767883866607,2.33871509663801,0.531487324780803,0.512223680294314,0.433236361364715,1.11595057772895,-0.366386248669685,-0.551250648399164
"ind_62",3.0472004541109,2.85891534448188,2.10051557782404,2.20725872461777,2.49473167205604,2.35955663015405,0.551937930593792,0.500811299553077,0.401817421305943,1.36617003136502,-0.617521270572432,-0.565887713388225
"ind_62",3.04240454777123,2.8820571495246,2.06326546711575,2.21196037201269,2.48962586675724,2.35566885878113,0.562426831915921,0.501234739519942,0.390447113436921,1.34073745758194,-0.659031594953678,-0.557529537893577
"ind_62",3.04161883377943,2.85770528393948,2.07280617091562,2.20986021662464,2.48641657229212,2.33658028088532,0.554987374109568,0.498815110934702,0.406083100487383,1.34876014539712,-0.662495378555021,-0.543103259778388
"ind_62",3.02220544893301,2.86287711804482,2.11835897985786,2.21697370841716,2.48767953521251,2.3534187755325,0.554789034051352,0.498412427257368,0.404587186599687,1.37126746339526,-0.660826803429005,-0.559218753057422
"ind_62",3.03090922736609,2.86267588403457,2.11202361983821,2.2007988726825,2.4791211910139,2.35595846400285,0.556036525921005,0.499468682338616,0.409112152305722,1.34341594029477,-0.690838304835813,-0.538163788403086
"ind_62",3.08434477633293,2.85143873658703,2.0786369028957,2.20225728119057,2.49033286061271,2.36698923886518,0.546713911974342,0.502863243098338,0.380281344153343,1.35862870104297,-0.634186315897416,-0.550287657795956
"ind_63",3.25268376033364,2.88370312830944,2.36339206284422,2.25211493959456,2.49333933028104,2.19830287961397,0.515059127167665,0.506667344884971,0.465315660670334,1.01111673881676,-0.623224625904604,-0.692901386568521
"ind_63",3.25727741621903,2.89417906077543,2.32457690399287,2.24597787934866,2.49204488190683,2.19057506292782,0.524900077012075,0.506436963635731,0.451618964366013,0.940364900207352,-0.585258551399704,-0.686171242272708
"ind_63",3.25056969296644,2.90547380219496,2.30418852783927,2.24352893721781,2.4896330269846,2.21961584497134,0.521219025275029,0.51172373332594,0.479688478865311,0.960919934937665,-0.568377917878066,-0.68072409747111
"ind_63",3.25113037935188,2.88300393672611,2.3029570518299,2.24421266199541,2.48725558846575,2.20359880860269,0.516017594674415,0.50247291859314,0.428612655968056,1.01725361123676,-0.634535241080628,-0.671044139367114
"ind_63",3.25785341983076,2.90006742192524,2.3425368465081,2.25015157122333,2.4994967459364,2.20231682273732,0.528643987895555,0.499646444554456,0.456983982621937,1.00777298747438,-0.58183148667165,-0.69384231078523
"ind_63",3.28700373201744,2.92724945001246,2.34650593738229,2.25226277637936,2.49012638195851,2.20715167961006,0.523077896132575,0.501489796028801,0.471068745599055,0.948037277852258,-0.624993956911121,-0.658974012528981
"ind_64",3.2086475347328,2.90764155089659,2.2106462823462,2.22969504348149,2.44553329366518,2.30793745609581,0.574301347517224,0.531062472170038,0.496091669996598,1.2289661171519,-0.112135179299671,-0.458484463714067
"ind_64",3.23664666795793,2.8841588691647,2.21937107380977,2.22633933975056,2.44972128135218,2.38554903723977,0.571269903516282,0.530879331759201,0.522040659943867,1.28317093615728,-0.128288386808176,-0.437502230624837
"ind_64",3.23009593248725,2.90697473067172,2.28214565109506,2.22472941809508,2.45314255591118,2.35351554721126,0.582593536505457,0.535193981181094,0.511026580522781,1.25170577863471,-0.154082475246197,-0.459384050583635
"ind_64",3.1928114508282,2.89240293915116,2.22504275750309,2.23613333247768,2.44829911545121,2.3739772186345,0.580347675354729,0.535063538048667,0.50374650475185,1.22699804094612,-0.106391502199983,-0.428660826292125
"ind_64",3.21698902711106,2.8853587199316,2.23782022844915,2.22560907460927,2.45029938331442,2.35132408732064,0.576486042057789,0.530136300066587,0.473998669471579,1.2421791960915,-0.178153263572122,-0.447249688337529
"ind_64",3.2213948908019,2.87787406045055,2.23810314146178,2.22993537608938,2.44324836204126,2.34102015567163,0.573980581651891,0.536275260903321,0.485601757683046,1.24286499614867,-0.114897435808512,-0.471906846659742
"ind_64",3.19452697993984,2.92514793631553,2.25383194842413,2.22794733627379,2.4484922626443,2.34228605755113,0.572669180440633,0.533690937369178,0.504190402328165,1.24477688641669,-0.142019205748955,-0.423675740192735
"ind_65",2.95393398188653,3.02219908094791,2.20591583382046,2.26211389668806,2.46295648288415,2.23234380421203,0.5600238745886,0.51001726008124,0.499090089615879,0.991109397326547,-0.519937359653286,-0.317493257166874
"ind_65",2.94900692820878,3.01556537747325,2.20281123098666,2.25686951481426,2.4627883020665,2.24471892792222,0.557247918694439,0.50565942261838,0.494724295870275,0.962857290540418,-0.490856378249282,-0.326300877510739
"ind_65",2.96062105566216,2.99827449368913,2.20168809619088,2.25252321382691,2.4576258924674,2.22624867854265,0.563933590512343,0.505547851399096,0.499623286729211,0.971938060134206,-0.515302504014687,-0.29062035038116
"ind_65",2.93371925958873,3.02208773586149,2.21212081612754,2.25370840977463,2.47229631458621,2.23979669058799,0.565411461631408,0.515458982809701,0.493982135668685,0.995411675074764,-0.467195729751766,-0.327555553427576
"ind_65",2.86013116158111,3.02115780181418,2.19130384953383,2.24938405470469,2.4749169119466,2.23004903214816,0.563362431228417,0.513647318750369,0.49614215996947,0.938102420416287,-0.514407377366382,-0.306255294788986
"ind_65",2.97400524110833,3.01345802288133,2.19416966169857,2.26254233770412,2.47731601888033,2.23008326520964,0.566595711214708,0.511646570881216,0.524050073964028,0.960809326147496,-0.508437441111181,-0.309757918307604
"ind_65",2.9502090194701,3.01964563200481,2.18754267435024,2.25154665515795,2.48378478328546,2.22048533902694,0.567028031755373,0.507415796493297,0.510729184646152,0.953994348109708,-0.494273680252267,-0.300821239875514
"ind_66",3.34027077102065,2.93585215139861,2.13939229350446,2.24126816555947,2.45114446344995,2.41364333131784,0.571483131305171,0.496985449979259,0.291496163000624,1.49607096596385,-0.437028381538839,-0.350402630730039
"ind_66",3.31846531567,2.96271898105677,2.16865776645752,2.23865489897535,2.43698828220811,2.3808972669261,0.568382022178215,0.498770195209256,0.319396335816527,1.44053187108232,-0.392633054097213,-0.380972881886229
"ind_66",3.31344938333136,2.96935978101709,2.12819500201231,2.2450966666025,2.44750010329861,2.37270459022987,0.574867254425273,0.495599390604841,0.291351920303288,1.46749977526203,-0.405760270184364,-0.349432709033923
"ind_66",3.32780442410857,2.96868974416372,2.17809994910743,2.24325766219382,2.43694385758754,2.35729041285942,0.571732110692983,0.494487836856173,0.28852748371481,1.48223492376688,-0.439239350976626,-0.370262310334584
"ind_66",3.33474189169011,2.95270975869135,2.14810831488257,2.24075552722931,2.44457164756334,2.3981027282795,0.567274430102916,0.497738718381532,0.318483570653794,1.48373286475585,-0.411822659879203,-0.338674507543528
"ind_66",3.3251946745236,2.92536106805297,2.11726986850112,2.24596665556063,2.43466046384891,2.38574453898137,0.566814840664781,0.496858979438621,0.319946963060912,1.4334281295834,-0.409994083567035,-0.346271452306165
"ind_66",3.32466457192098,2.94075053464372,2.13035818368028,2.2390925788561,2.45357608279106,2.36884788081398,0.566217061892047,0.496954056263132,0.303245766252057,1.47484959285045,-0.414354929926134,-0.369190128452052
"ind_67",2.83512373228374,2.99474086044542,2.3361739308992,2.22952556008111,2.42070736498693,2.32428953112429,0.567001958437481,0.474807081186608,0.325876175435227,1.45489297242649,-0.288060611625593,-0.413824219037247
"ind_67",2.87844358739126,2.9930872036264,2.32996593016669,2.22551536359808,2.43380736714742,2.29124051529004,0.565266888385707,0.47608087403392,0.343152267454775,1.43501125679236,-0.325932997136132,-0.412123330161492
"ind_67",2.84298725185072,3.00205706218152,2.32683317625125,2.22207140481582,2.42574534138883,2.33722533725845,0.563603534276155,0.476927710158782,0.315041371352725,1.44327540363007,-0.277659273431094,-0.423237519453604
"ind_67",2.84653941311916,2.99962967884585,2.33504477518462,2.22393513422104,2.42611396476508,2.34687298054279,0.567485029607561,0.475153718299207,0.331674338538548,1.42515962300595,-0.319795244705047,-0.42228555096447
"ind_67",2.85302579143735,2.9838819042233,2.32332943051857,2.22115298158679,2.4211991884777,2.29685050299576,0.555054736854942,0.474663587345205,0.329553300959928,1.41682409953004,-0.310960340588916,-0.408688715408569
"ind_67",2.85909574519023,2.97993615829064,2.33188348705464,2.22853380972297,2.4333219467014,2.31966783783661,0.561522303176383,0.47693822707661,0.326252498109796,1.45490980635179,-0.280218098911959,-0.423588386047779
"ind_67",2.86781198878851,3.00399914149867,2.29432918344143,2.22380937652723,2.42705812079807,2.31000215824323,0.566189198155209,0.4760857106709,0.308807682972012,1.43240796584767,-0.390265928485786,-0.413895556840503
"ind_68",3.11166495027989,2.84757012910467,2.1464614428998,2.27100255867039,2.45799002171009,2.39322650340192,0.530539249334881,0.499997721806552,0.569643719589107,1.26741281754957,-0.571226628600031,-0.416890321486316
"ind_68",3.13363135640091,2.85519893890153,2.1650484071862,2.27264855479572,2.46848608058046,2.38148485736491,0.528186126618843,0.500129433811695,0.547724009575151,1.30467229268148,-0.537472343764328,-0.422706794027084
"ind_68",3.12379903820618,2.88668059861685,2.15029501291721,2.26969732363013,2.46658511784637,2.38820760155114,0.529898183624403,0.500002234025532,0.552235443806195,1.31793246996151,-0.540301909980378,-0.437722044518986
"ind_68",3.17651901446339,2.88015035712844,2.1715317280107,2.26608352287056,2.46615321583608,2.3886728214804,0.536704463295032,0.500851362151606,0.566461185820845,1.30747477835784,-0.541817349665968,-0.440044649614362
"ind_68",3.14319416394996,2.84024870943042,2.11417234294327,2.27028035534553,2.46448815132776,2.36864333492684,0.531772967945924,0.499202333327759,0.560628558309928,1.28368604918314,-0.565080514529358,-0.413630176921392
"ind_68",3.14378438594802,2.86213684451807,2.13408302027477,2.2581457528511,2.46116370170531,2.38303324698881,0.537397718836241,0.498997524779751,0.57660497880316,1.25999385814996,-0.560984531125072,-0.463995751154665
"ind_68",3.08953987132771,2.86192243128344,2.11667106123562,2.26495561397808,2.4811015534784,2.37993943262632,0.535025989774719,0.500041195933521,0.57589392256937,1.30730330294874,-0.531070235734948,-0.415632479722381
"ind_69",3.11228031076376,2.78114160614257,2.21917028849732,2.28562682249171,2.45023903165515,2.27519990822396,0.541215520134469,0.506238967988301,0.359129422561635,1.18895431382369,-0.199549453139374,-0.36321379544511
"ind_69",3.13277761797821,2.80614187509753,2.23219653225986,2.27787814147028,2.45345788465894,2.25452267752488,0.542909746302311,0.50067124031763,0.342048313159911,1.23746049648864,-0.285045020251352,-0.353350433367789
"ind_69",3.16600373945697,2.78054870987638,2.23362162723471,2.29317147920382,2.43215099209158,2.24910218833708,0.531823883381059,0.508861851448996,0.349740671053634,1.26413548806989,-0.22377587533217,-0.393477586785212
"ind_69",3.16448664300136,2.80961367491163,2.23901394274245,2.28312592365786,2.44241274025922,2.23414985499933,0.536490020064882,0.50376481354346,0.366097250875861,1.2133404106708,-0.273454808255441,-0.340111949041493
"ind_69",3.16406395885935,2.81686081146515,2.25231257881943,2.28978057654929,2.4402594515686,2.27115939860356,0.537097887231751,0.504374351844623,0.335249106496785,1.25425169693259,-0.216567857671047,-0.367681826048241
"ind_69",3.17182917357801,2.79685645750542,2.22461926029457,2.28230111182392,2.44221875959253,2.26695697819885,0.535080488863378,0.505550238549819,0.346402527070072,1.24739522836669,-0.222970051807394,-0.372452463157635
"ind_69",3.12377369338435,2.80207518477629,2.1902425859258,2.28404350854014,2.43778504573241,2.29330425183196,0.541264558710906,0.507852300563374,0.357238225425965,1.25935415100673,-0.209708608239781,-0.359774814390966
"ind_70",2.78119916783403,2.88884835385124,2.25857251334898,2.20525624349063,2.44214865722952,2.47668843153527,0.571207859031457,0.518398839776408,0.453955126024072,0.927024145002735,-0.562482172438926,-0.358739682714999
"ind_70",2.79545526033251,2.90822279409231,2.28199010099896,2.20532827277907,2.43906869005173,2.44442661929432,0.57446686001083,0.524769571448536,0.477366385381581,1.01063822785802,-0.543619214167525,-0.355484912549565
"ind_70",2.77320584923733,2.87871250252869,2.28356808639177,2.20245663027389,2.43793331553801,2.49623957021856,0.579551005995504,0.522741745562746,0.43869669295862,0.976390792027885,-0.514029883740164,-0.353797363633207
"ind_70",2.80969280511635,2.90043870479843,2.27476482052766,2.20771356324942,2.44473842520565,2.39728125660743,0.581347445703113,0.524208137361811,0.470101241948018,0.937394902779396,-0.520110995754299,-0.352803057903586
"ind_70",2.80208668569173,2.90291218267385,2.30414928584113,2.21322851592056,2.44606398971353,2.4335321653746,0.574715653637604,0.520257285306614,0.472994707335241,1.00385510548766,-0.498641897914929,-0.350998125510791
"ind_70",2.78640439356172,2.88319772476669,2.29694992488024,2.18930747375824,2.45172198124054,2.46561346901628,0.568644265636757,0.524774436676443,0.454442292474937,0.991171502369532,-0.505897902806899,-0.380724869654423
"ind_70",2.80336936259915,2.86448302399925,2.25579604517665,2.20902377049971,2.45120427141077,2.46530798078132,0.564853182022798,0.51728277580829,0.454125937877376,0.959951112982545,-0.536932325504043,-0.377123722521527
"ind_71",2.9980700082098,2.87856001870779,2.12128021787286,2.25097418310127,2.412129717718,2.34186719620564,0.530145550799314,0.509800911023688,0.378918980060183,1.0536647433662,-0.208158023147374,-0.445855982140899
"ind_71",2.98540612968102,2.8621313857835,2.14867095299602,2.24972736969793,2.42082714877147,2.40502250068066,0.537008305299365,0.513159534621488,0.376758838978032,1.08999029898382,-0.230526041037557,-0.430856643134417
"ind_71",3.00965714534281,2.87468626215882,2.14780578945115,2.24861012656445,2.42863715008283,2.4142531268644,0.525251624826408,0.511171698975245,0.388695013656758,1.03176290802053,-0.224638835203775,-0.43237689243788
"ind_71",2.98343054658419,2.85951192671049,2.12186679398017,2.25626353851183,2.42732325261083,2.37218277611024,0.531169565331714,0.510969268703389,0.379566570155105,1.06376471200044,-0.232464286576575,-0.447806110953388
"ind_71",2.96133374382611,2.86527619515328,2.12976476978896,2.2483561942039,2.41048141484005,2.41089289287698,0.535325044254175,0.509039719443382,0.389359112805844,1.09532593203406,-0.259292034911424,-0.424077856373448
"ind_71",2.98726437452814,2.88087167249088,2.14607608495506,2.26011821279072,2.42679422610858,2.39135195403765,0.530408473588386,0.509330909583342,0.414460553104692,1.03548723524311,-0.209176436063948,-0.440484742697648
"ind_71",2.99509520869636,2.86551067111772,2.13158250871712,2.25006787739536,2.42814378103313,2.41083347060971,0.530525175943273,0.50830636409791,0.374162620041351,1.02440268878915,-0.216176155182036,-0.415281164395266
"ind_71",3.01550088639747,2.84424934001293,2.12309806266663,2.25233273714442,2.43151127726955,2.38163143251816,0.527026675721905,0.510762560721714,0.39110931161818,1.12123478816353,-0.214841299836224,-0.374910920833904
"ind_72",3.08910893033848,3.00823670118366,2.14716433556421,2.24471488414465,2.5017430623906,2.27371331802237,0.562102154675065,0.501695130882295,0.521325617812438,1.2502126994856,-0.507048325279712,-0.404047614248079
"ind_72",3.11780582994263,2.99893652632038,2.13627196855771,2.22544923246611,2.50180551010455,2.31612326203297,0.565343064623783,0.501211976970489,0.515442682675082,1.23979834868348,-0.450627962933588,-0.40939139321673
"ind_72",3.0888244250744,3.02860881825467,2.14918526077632,2.22367715825504,2.50672419271775,2.25577612103357,0.571156628720331,0.501870263493198,0.523767872688892,1.1806726243093,-0.445887331176315,-0.410415706594887
"ind_72",3.11503019632185,2.99082353901669,2.15980286324192,2.23300696957689,2.49154896391233,2.27599760287739,0.561710853956227,0.498512742018926,0.513913681805751,1.19847223237452,-0.470937897983942,-0.405479272991545
"ind_72",3.07673841703226,3.0058877574815,2.1486685793427,2.22767017450601,2.48624437228542,2.27149835429652,0.561799527038406,0.501707901500557,0.516469256285775,1.20436701586857,-0.445186608882284,-0.40204291265722
"ind_72",3.0775155856998,3.02627828689014,2.14068808917473,2.22993982080062,2.50359564605288,2.27750341421784,0.564624029672676,0.501191883164229,0.490383289315423,1.20066618228989,-0.46727203056293,-0.399372253273445
"ind_72",3.06118834902063,3.02077919439918,2.13557992986549,2.23025869937166,2.50089749227022,2.26352416589317,0.564988628695326,0.492995824512335,0.499263745410987,1.22746861628839,-0.461154606559743,-0.407202112719728
"ind_72",3.13173715157775,3.02099514041808,2.1274981814588,2.23377638764599,2.50475487401205,2.29690555783111,0.561277720057131,0.49948374478585,0.534428974106252,1.24256266531004,-0.512791609535955,-0.401450598015935
"ind_73",3.29347140721455,2.90169240212318,2.26665294424384,2.20902686146465,2.50741019905615,2.11880144061354,0.530296685574694,0.478278795259204,0.304583111006266,0.898436858535148,-0.609764998922923,-0.32050178669614
"ind_73",3.29053008758707,2.89105101382868,2.25325203942678,2.21927994514755,2.51582899438824,2.13369506892845,0.541600723712099,0.48765905721909,0.298659842426173,0.925095744079342,-0.616933657632225,-0.29526568148365
"ind_73",3.2781657691623,2.8933941705515,2.25760520696125,2.21488890396186,2.51180840145655,2.11219307725366,0.538540664218032,0.486044200830196,0.303368094268647,0.90726117567352,-0.661042539237941,-0.330285573102208
"ind_73",3.28342188856736,2.90770380445974,2.26605331677582,2.22375008770533,2.50288215681822,2.08803533638508,0.543784892357389,0.486795694030258,0.307313684598976,0.914176289578013,-0.608904540576101,-0.325554868571374
"ind_73",3.28490659635339,2.88661803081028,2.24244739675883,2.21615417324443,2.49770756566564,2.09238581887636,0.546504110543559,0.485096589948719,0.314887288674991,0.909478294508071,-0.611770611657988,-0.332003242235623
"ind_73",3.27869715813282,2.91257286817471,2.24728264798565,2.21340436905853,2.50591771109651,2.14943783128367,0.539212295079256,0.485211648806656,0.309457797455722,0.905887528501363,-0.611225841996673,-0.313011082270049
"ind_73",3.29729396651354,2.88835478253247,2.25093488626107,2.21564526567261,2.50203088668351,2.11673847889979,0.535242726142707,0.483498071291785,0.306012867667977,0.922882802689748,-0.602207719041507,-0.319418094203664
"ind_73",3.29373190135003,2.88324974993805,2.24833896648702,2.22215339551516,2.50996356396527,2.14477704483339,0.538632014319929,0.483511241731112,0.310006543082717,0.960281069980301,-0.635541875136892,-0.332975031538381
"ind_74",3.15600268703341,2.90372952400196,2.18500916670856,2.21685266738329,2.44719661390837,2.44388070852453,0.568458609302028,0.501694616667744,0.33670148477892,1.08624223189747,-0.321803732760985,-0.48826127956452
"ind_74",3.1431585443575,2.92867090597979,2.16842752710039,2.20877455087211,2.44869937135033,2.41588805469636,0.563863839156866,0.50531599062058,0.35562127586685,1.13051314292759,-0.301569853588499,-0.483565709329546
"ind_74",3.21257606996972,2.92391136651141,2.15890380210274,2.20568107274418,2.44351381921465,2.41110624254399,0.568127137326904,0.50254385578386,0.347090574433965,1.11601891806927,-0.301080595876553,-0.469827385590165
"ind_74",3.12282663275728,2.91210346531061,2.15552345322092,2.21724361318918,2.45458131400516,2.4079765792527,0.570264084986281,0.506134342134637,0.37020664608413,1.10826510862858,-0.314991039026933,-0.481741246406754
"ind_74",3.14223203566533,2.91083443256032,2.18826143887317,2.21818005164234,2.44575817105893,2.44447680938793,0.556514602463015,0.499323716770418,0.346826206400758,1.1988171594863,-0.340832978186514,-0.478681674707665
"ind_74",3.12638692984417,2.9034826247175,2.1516696375638,2.20759716105739,2.45101697518122,2.39738844598879,0.567994482121143,0.502376686409096,0.353673816985467,1.12351632530969,-0.313218146308236,-0.468943202117685
"ind_74",3.15109739711636,2.90395683898348,2.15409630677976,2.22062090035723,2.44382207584329,2.4380391239896,0.558371093588402,0.507174365557788,0.359821765352173,1.0826160861712,-0.316940314758454,-0.478831412074211
"ind_74",3.17955683762364,2.93869492942328,2.16557968438461,2.22604978096066,2.44827372863234,2.40826042280902,0.571567915533204,0.50352938765219,0.361363159064933,1.18289603707859,-0.352012518526816,-0.463879658418219
"ind_75",2.97560782183464,2.99220360505441,2.35100036362242,2.2974331427059,2.39846447048249,2.45803979563209,0.553803628177377,0.501720766618982,0.403871425922562,1.32572922712883,-0.368112941411331,-0.383627318266187
"ind_75",3.00323965153793,3.00599022661241,2.32812880229415,2.29025234863088,2.39749624525655,2.41794969716844,0.553962139285941,0.50266865801587,0.390233802121415,1.32299528161891,-0.397838605352466,-0.412247546405751
"ind_75",2.98395089709854,2.98085508172739,2.32737612356952,2.30000735644308,2.39591506530783,2.45397429583966,0.566355870087306,0.503993612353112,0.403822330471498,1.30328179772093,-0.430719474304686,-0.437589750790732
"ind_75",2.99642712437851,3.00613436365626,2.35227514844889,2.29336998989093,2.40081686755971,2.45581610456562,0.553678825970743,0.50422101541157,0.39450670337353,1.35629404053394,-0.430316892805729,-0.430531202031399
"ind_75",2.98773845356503,2.99921118372596,2.35018798057046,2.29595541188827,2.40360470927267,2.43580000054452,0.548539272951485,0.501187151530682,0.387644874787439,1.35326336103223,-0.379948436460722,-0.421061278410156
"ind_75",3.05096720281354,3.0068595963507,2.32393667797981,2.28977361990617,2.39840739255867,2.47215418427881,0.549283496732332,0.504503704793562,0.411589255395946,1.33411536729073,-0.436127335402381,-0.419965721387099
"ind_75",3.01538280892139,3.02595490048617,2.33261374737588,2.29871451781668,2.40134187230712,2.43044355032628,0.550974098902633,0.500068493164975,0.365879805978785,1.32626723674558,-0.445462355979846,-0.439447461133539
"ind_75",2.94899848398535,2.98802040329429,2.33241680426421,2.29404472798001,2.39880684413511,2.48131239051628,0.555459953321224,0.5013492689461,0.398292049714674,1.33828770209855,-0.42121989805312,-0.435339664787925
"ind_76",3.00900450291309,2.93626938458434,2.19942918713735,2.28801252326172,2.41823757877686,2.41209898019673,0.544967061567507,0.518166738568403,0.472116796318882,0.915040953422338,-0.607592118615209,-0.371130029017315
"ind_76",2.96877721749336,2.92148617178465,2.20639097157361,2.27240506666274,2.42417197222567,2.36139973065648,0.544519747851487,0.513863197140283,0.482736296417813,0.933473647472204,-0.578077069638333,-0.337647463320898
"ind_76",2.94618617050318,2.93726769099825,2.17766913080433,2.28042335603066,2.43447284928877,2.37283089144164,0.544407531496251,0.509885076983117,0.492585634804886,0.950463959861162,-0.59571403445012,-0.372249561796085
"ind_76",2.97377654312573,2.95683976429303,2.18586785595756,2.27796240251108,2.41518548938107,2.37672813417641,0.546677893793263,0.514508936702718,0.494181197730689,0.924578103386966,-0.572758515200879,-0.35554927628185
"ind_76",2.97692785934638,2.97458654290476,2.22602209381631,2.28340068192397,2.41832274738915,2.39017289063297,0.54894015146831,0.512422399232401,0.480782166741341,0.917621901861886,-0.572911866486429,-0.389696563017743
"ind_76",2.95733815369773,2.93201643953832,2.1825316513526,2.28080562978799,2.41454007432599,2.37099859054376,0.554524071039432,0.511953690389154,0.484451563006374,0.957443859647143,-0.550992705425896,-0.375133356111045
"ind_76",3.00896462353452,2.96066628889382,2.19558881189985,2.27525027667043,2.41546972977428,2.36206476471959,0.54649200699666,0.51610240683813,0.498685752690934,0.927164312269558,-0.56486850102268,-0.373218355004682
"ind_76",3.00889258466881,2.92848302615744,2.15068446014432,2.28069662244213,2.41982218892964,2.36971984311871,0.550183486813598,0.513119042490478,0.476471676377525,0.918803283363543,-0.539234551950076,-0.362534755351153
"ind_77",3.26964757107001,2.8777397834117,2.23479537032233,2.23765828285618,2.40932964632708,2.33663985483667,0.5263706733191,0.527690929615563,0.481022375332396,1.11743263842501,-0.288556587334705,-0.397355869739233
"ind_77",3.30240274525654,2.89591342168744,2.22125203582883,2.22854194510177,2.41172462462584,2.31618314658013,0.530090352943734,0.531699840568582,0.449266360128325,1.1491507025477,-0.318953617692586,-0.38196511318337
"ind_77",3.25294167151185,2.87587808602135,2.23912612989982,2.24021829105127,2.4155232232863,2.27567291926263,0.53493241352851,0.5302711742724,0.472138530964239,1.16997387636654,-0.302404846531921,-0.421022818635857
"ind_77",3.30944105352738,2.90224595106312,2.24050766316032,2.24231555332254,2.41330150350842,2.30386680779842,0.53995476444728,0.526046669705578,0.471128948218134,1.21451894109174,-0.350735145958181,-0.410893992030194
"ind_77",3.24273717547254,2.88200312361589,2.24982399695604,2.23734819376609,2.41411309606819,2.33663718278439,0.526684474801941,0.532102526877155,0.480423082035763,1.1734988549123,-0.306018535646712,-0.447206147882242
"ind_77",3.2695755441545,2.91354267813981,2.20512361246531,2.23783209579564,2.41063088261252,2.30834517949905,0.522648240166223,0.532822900340499,0.449295494190444,1.14890155026457,-0.35106099811492,-0.442355082054141
"ind_77",3.27080807908345,2.91726756115794,2.22720193723534,2.23749302258569,2.40161135184883,2.32083517058782,0.528375375251135,0.530291179868369,0.460373240726892,1.18660655143328,-0.314125414868619,-0.411654499899421
"ind_77",3.27461040542527,2.89992392600211,2.23722722440086,2.23876988107199,2.40872444077473,2.31236877145208,0.530974892778167,0.529031694939868,0.454129986936709,1.12495789966889,-0.313110098105884,-0.38415042456691
"ind_77",3.27543322124184,2.89880552163791,2.22086382650359,2.23198466013323,2.4064674106998,2.31002576290897,0.526760302982598,0.527198261858182,0.466308637097052,1.23388777617784,-0.345762812867401,-0.415930167712401
"ind_78",3.05098747120911,2.91488168208983,2.09855796765574,2.233955863733,2.38683384073326,2.33065563019487,0.541435600435113,0.497154947591119,0.450628508694635,1.27726357754107,-0.269297028868956,-0.498593547465661
"ind_78",3.0459305617835,2.93629629609203,2.09826636628359,2.23946746354388,2.39115894210509,2.32957852143282,0.536691447727502,0.495417499834429,0.468732489683288,1.18196426510006,-0.25560205581281,-0.468871916292491
"ind_78",3.04108063439035,2.92397794832533,2.10868909041568,2.22970816392628,2.4035461352478,2.329103213378,0.531818106041499,0.494757861327129,0.511196634567658,1.20504482884837,-0.228717616265232,-0.479280692920245
"ind_78",3.01130934143443,2.92673020406029,2.12281248620285,2.23366387980161,2.39516541024847,2.33580483364192,0.534295959442367,0.496506127003242,0.489287120175694,1.1911312729151,-0.198405837247831,-0.49609288908746
"ind_78",3.02447135365123,2.89626015235194,2.1410549404799,2.22982977523084,2.39779451892579,2.3035132058955,0.536478352411637,0.497207013183663,0.478105905919713,1.21707699064442,-0.214032700624877,-0.480276657483986
"ind_78",3.04747413737737,2.94919743515252,2.11512845099454,2.23523798228064,2.39522000372931,2.3271758438034,0.533636274560197,0.494277088698654,0.477723410754191,1.25746251877259,-0.239392183600209,-0.517243020392694
"ind_78",3.05155339409054,2.91778633787689,2.14287946464947,2.23279488282352,2.4000693668698,2.33198815760333,0.528589149339385,0.496702980076806,0.480361977912122,1.29236173913591,-0.222342402393383,-0.506067894941727
"ind_78",3.11297706298136,2.9416945169132,2.09222102447497,2.23219085891701,2.38800178401482,2.33560015038315,0.530986481671283,0.495086560272733,0.484593341736478,1.2615853623257,-0.230638543304833,-0.480891003688439
"ind_78",3.1092647749589,2.90592401774549,2.09311130240783,2.23890511424614,2.39060935838995,2.32015007979242,0.534219291813153,0.497022089315281,0.475665127272932,1.25046068868127,-0.238042139230448,-0.491044425250022
"ind_79",2.99423793377542,2.93543154620098,2.25648029242365,2.24548395312812,2.47859801328388,2.36279839466196,0.530730252670442,0.513753334397315,0.478269348011682,1.13875454483437,-0.479837550622552,-0.48569439188259
"ind_79",2.98414138547419,2.93073734677252,2.23919940494715,2.22196325457784,2.47983835640663,2.31572091552157,0.521079004253773,0.511658343458749,0.484001982050661,1.14319213437159,-0.459747534257057,-0.49890012759641
"ind_79",2.96967317498231,2.90239478516684,2.26589175252287,2.22706651476577,2.47735687899967,2.39056747715112,0.531652240612098,0.506523244244269,0.47394592946621,1.13244993097507,-0.44919834977835,-0.494157236391413
"ind_79",3.0259098391787,2.93305704340102,2.27243232999177,2.22110261515831,2.47586490070158,2.37415899427786,0.530223287825906,0.515018899500205,0.459562587106809,1.1786723731137,-0.446384061457945,-0.458808488452573
"ind_79",3.03296310552065,2.92618629813477,2.2489230101973,2.2238077530767,2.47202845794333,2.3507490432689,0.52795047086977,0.51050667827622,0.494113650450928,1.14513476851972,-0.444603885321181,-0.449731199239353
"ind_79",2.99043973395376,2.90359619113181,2.27523321625527,2.22465130284393,2.47098905148074,2.37351476454432,0.531259925426163,0.508864346640129,0.470945506262185,1.08308659117983,-0.425737433337358,-0.452918798088643
"ind_79",2.99964071463319,2.91440789476812,2.25380422368469,2.23600918165457,2.47170358976491,2.33405531911978,0.52251453255335,0.512385812422204,0.477961142673149,1.13758076781156,-0.444464873840826,-0.445779148447903
"ind_79",2.98258413828889,2.91496906937381,2.23442830584474,2.22516042060379,2.48336276552274,2.32856557140748,0.540085773559073,0.50819767820202,0.485642440807845,1.16895460542651,-0.478264841095665,-0.466354815864382
"ind_79",3.015384637616,2.9251770360099,2.27662794195252,2.23082052141201,2.46602743787486,2.35658078250886,0.53425465292217,0.513610759000385,0.465528278045122,1.10048773914506,-0.400817432109998,-0.475083115253274
"ind_80",2.90030640088961,2.78700959911986,2.21820009055714,2.26171881821402,2.49445739534356,2.23398330357883,0.546259701712519,0.496429030985039,0.46220751890865,1.18249152645453,-0.527656256494859,-0.405872725274714
"ind_80",2.92947082356995,2.78462606455228,2.21997255207508,2.25581069439694,2.49517957344977,2.21212901828593,0.548042700205367,0.494291577841286,0.451310536932762,1.18284664933398,-0.441625649582297,-0.368324096024651
"ind_80",2.8877879785974,2.81060706516712,2.17874525063993,2.24663192029588,2.4902775343068,2.21645506671959,0.557482426005904,0.491803577802822,0.44388141166197,1.19241375956736,-0.450853583915228,-0.359986911629537
"ind_80",2.90161304726365,2.76074442917524,2.18722640742451,2.25383259945059,2.49192782206408,2.2442300981389,0.548901103350595,0.496200286220952,0.423480862988055,1.16740612437453,-0.48037566668294,-0.392149388887314
"ind_80",2.89503425900803,2.78840297865673,2.21993720566911,2.25286348385644,2.50982268088399,2.20592140082891,0.551812878551605,0.49848543121365,0.421489035278987,1.1982859319848,-0.48751584401018,-0.37201574790329
"ind_80",2.93127182746468,2.7735160780975,2.19159198702058,2.25913758511257,2.49180871092839,2.19842445766982,0.549395186475042,0.496872685397284,0.446641165272002,1.16381369742044,-0.433464479387098,-0.383378399566116
"ind_80",2.8742569393631,2.76503648992844,2.23778187872655,2.25096219018086,2.49927751602641,2.24131127722518,0.550774927292705,0.495722208012968,0.456749965951003,1.16318005986407,-0.476003615860445,-0.369268572458214
"ind_80",2.91860394462345,2.79763862265751,2.19507006974351,2.25833594587305,2.50383334893004,2.21141050806527,0.54565118447745,0.493397716431137,0.45600045162622,1.18656699906454,-0.483932444161981,-0.358423256286183
"ind_80",2.87172202423185,2.76695391078576,2.19882031577218,2.24809042664942,2.50290365415896,2.23954953627521,0.553726703563109,0.497645107035243,0.451122163049435,1.15877837945575,-0.431472187109337,-0.371866412212301
"ind_81",2.99985662142389,2.89156385059796,2.02144413985576,2.2047783589635,2.4580049976377,2.19218129381279,0.538310613896681,0.499005048194808,0.492013535970657,1.14845910256377,-0.376943953413578,-0.305028490537568
"ind_81",2.96382703965526,2.88961724354813,2.00353899415861,2.19248795699379,2.44956970939784,2.18081267551944,0.532816118962833,0.499435692298314,0.483795156505552,1.24070902427724,-0.375567335321437,-0.315668127872315
"ind_81",3.00410188881058,2.88205696716276,2.0059365900902,2.20104970172249,2.45241974431243,2.20214080206944,0.535374410460135,0.49851412426546,0.476529975807059,1.24205125268119,-0.429236022985266,-0.309888873484929
"ind_81",2.97388797480353,2.91241162756679,2.00186562188931,2.19537135640052,2.45318513315531,2.23614564404402,0.536676618067142,0.498185846332027,0.492272325974234,1.17441108374468,-0.442933751478497,-0.304394534257856
"ind_81",2.98615313123827,2.8824445280077,2.03498412488642,2.19905510533052,2.45316828910082,2.20896929997454,0.538646166222143,0.497781797337072,0.501070653611205,1.12132519751419,-0.412797042656875,-0.313145081528282
"ind_81",2.97294793842111,2.90877910501958,2.03699656015955,2.19035134854002,2.4599647919719,2.15379872158532,0.539261298546183,0.499031710511057,0.486582289852211,1.19350894022193,-0.410642848891663,-0.312954823685742
"ind_81",3.04047837772437,2.88763309418074,2.0268907237103,2.2018950243213,2.46062311072182,2.21061373827893,0.535701207567733,0.500619187806033,0.509550688153382,1.20853279189852,-0.411545719990137,-0.291449324890491
"ind_81",2.96315049692407,2.90299448846781,1.98782180470596,2.19519691927569,2.45642674314003,2.17068179804427,0.533295351133467,0.499551703190151,0.475323938871384,1.18234493785297,-0.375685156427886,-0.348401998483776
"ind_81",2.97633952246088,2.88045802329267,2.0185446072036,2.2008793778671,2.45827100894566,2.22478170178915,0.532711261072684,0.501539242572946,0.500768516162023,1.20746758245872,-0.397064970226704,-0.29820948677079
"ind_82",2.95971258421238,2.96781479187239,2.23160855463159,2.24903925292007,2.45176827566464,2.25170796008353,0.562034412649269,0.536062742020489,0.423862175744407,1.31941954470242,-0.566130584163396,-0.355031139130801
"ind_82",2.91282844413248,2.98082853403993,2.18455025370319,2.24971273887105,2.45960525267154,2.20422837457069,0.553490362620349,0.529027117451026,0.469199009589565,1.33892940030745,-0.597306170963912,-0.390267821851875
"ind_82",2.88789586908116,2.95823720375336,2.20016491954839,2.24993695373354,2.4552216683861,2.24456096757481,0.554992077455603,0.530222593876982,0.447430102878576,1.40062942857442,-0.56140522656634,-0.378592405873278
"ind_82",2.89145084443464,2.97839423855938,2.20089213353197,2.24612650889624,2.45628351462557,2.25948559294288,0.557555282809217,0.535504810319535,0.434248936041007,1.32665957416419,-0.580796852239446,-0.389471549711356
"ind_82",2.91389656526261,2.99134950620479,2.16962649234028,2.24450376804619,2.45654632399753,2.25158377653506,0.557724185564915,0.535458773535471,0.437698787696467,1.33841052934347,-0.599213140155999,-0.396311183048966
"ind_82",2.90804069047978,2.96050824295798,2.19624703219184,2.24192877546927,2.44955017349702,2.2389526801809,0.551384864246934,0.533369971471468,0.446019570231453,1.37587496423826,-0.557200416679054,-0.387570411909342
"ind_82",2.94023716138106,2.99452493929418,2.20531838030438,2.24955746944352,2.44978408760904,2.19583212172099,0.555222518276183,0.531734236120213,0.441548790733346,1.33015465799103,-0.56530169814408,-0.392173381441932
"ind_82",2.89800019366526,3.01544036984986,2.24669268803473,2.24869775107018,2.44940128218971,2.24511965264574,0.555425674283938,0.53315152302295,0.431207708139358,1.36143046157238,-0.559777912939423,-0.390775816111454
"ind_82",2.91924834744569,3.02832392268598,2.22216908473902,2.2392596195443,2.44857205624052,2.24154394179767,0.552744015145738,0.532795944520733,0.460476023946963,1.33167731051913,-0.56346069563104,-0.388323697707691
"ind_83",2.95374701553554,3.02498499778053,2.13492579374788,2.2783894755445,2.43302838054116,2.14753463242613,0.568263137217365,0.487116150951596,0.463687159382293,1.14804587889846,-0.579250257580478,-0.454247782629194
"ind_83",3.02384680204285,3.03677547880131,2.1398063068177,2.2678282658487,2.43279903094636,2.20389120982598,0.555365364378118,0.485776076819912,0.450466071456156,1.1632525480501,-0.598716594611662,-0.465646147462762
"ind_83",3.0796903777388,3.03207497034616,2.1377276287915,2.27083032285083,2.41977804426061,2.20163939044465,0.567368851418631,0.486675685431279,0.486470619692107,1.08356245074079,-0.643765018709205,-0.436840284555535
"ind_83",3.01333053561005,3.00562201801849,2.17939210585026,2.27582639501601,2.43497923892539,2.21129875489001,0.561869728896828,0.486480199939546,0.484182175319675,1.12554680865067,-0.599101165660895,-0.452641731459255
"ind_83",3.00466796199452,3.00340465654333,2.12246058450766,2.2716160980969,2.42376196933145,2.19615427079214,0.562006737302217,0.490348777418662,0.493923852675902,1.09039180508068,-0.575477858029695,-0.463910989066213
"ind_83",3.02175616168576,3.01621240735082,2.14741998537698,2.27196873385433,2.44586121647177,2.20744937186733,0.578584651520643,0.486569984922952,0.480160272845148,1.13657099575113,-0.574450818584276,-0.466832663489455
"ind_83",3.05350217492956,3.00859543102519,2.16628907550721,2.27068194242069,2.42522090338465,2.20775396399898,0.565720323146157,0.488393709436417,0.463294947155929,1.13485934213604,-0.586896123873167,-0.438369425183787
"ind_83",3.01957449857457,3.01632386862526,2.14140399809149,2.28057486202901,2.43610902890261,2.16265820368872,0.565517366421534,0.482459866675148,0.465308194930674,1.16513399186175,-0.5632513685646,-0.445273771446783
"ind_83",3.01018631514147,3.0224378757356,2.13586557618984,2.27353560450547,2.4333207728881,2.18223451255283,0.568081888480093,0.484608654923866,0.495247473628092,1.16860657578001,-0.5976120225256,-0.466887948553626
"ind_83",2.98629903340434,3.02301480172395,2.13410106752761,2.26039711476638,2.41786404054787,2.20835025393826,0.569747855276721,0.489810121569472,0.47122067964589,1.12186008233338,-0.61353518520082,-0.46029540038312
"ind_84",3.05354235114848,2.98166063293413,2.22321014540105,2.25151811139291,2.49281933369583,2.13204391759764,0.552563673607442,0.487570538561756,0.407699078907424,1.00970656941532,-0.429149040837056,-0.504517344244225
"ind_84",3.05212490051182,2.95642280019871,2.20615445567354,2.25808676655662,2.48846020494902,2.1349773263097,0.553310058808275,0.488245995948513,0.414009693871883,1.03576687022686,-0.464803813573444,-0.512022772529759
"ind_84",3.0665687347963,2.95839918982308,2.22713819127426,2.25087204364674,2.48317904624601,2.12277194267681,0.549585334633661,0.490211112304202,0.395627547489247,1.00143044531972,-0.459738196646361,-0.521726612594699
"ind_84",3.09910248629178,2.94390815352139,2.22307683556683,2.25010220799174,2.4886507258797,2.08658723478162,0.56103887016929,0.493588005224223,0.414090247850322,1.05294679935769,-0.380064633505022,-0.555369372187403
"ind_84",3.07986145750137,2.94884469029917,2.23702970635579,2.26712462845916,2.48282816368214,2.16979619427747,0.545503853093745,0.489687849756568,0.41523467123316,1.06455594628111,-0.392080319379081,-0.498070082853373
"ind_84",3.02096241682189,2.96395753237805,2.21012733749805,2.25142175731799,2.49195093873094,2.12814648457064,0.55480633011636,0.491478770538098,0.408270442189114,1.06210872653619,-0.42932902141695,-0.527559627749668
"ind_84",3.08189769115371,2.95768895943485,2.20140150693052,2.25667603534458,2.48281445155424,2.15205409746507,0.545612570810342,0.489434229471283,0.415099337047985,1.09912641984845,-0.407430645103062,-0.491831697573557
"ind_84",3.09429541200719,2.95081015745384,2.23709741304629,2.2584127485822,2.48571917718372,2.13564125911846,0.54848125890568,0.492710866139639,0.396782079068887,1.01724769850942,-0.448032751642355,-0.499582932499701
"ind_84",3.08552389066276,2.94997694582332,2.22284582351798,2.24908984910999,2.48849116508931,2.13383791675584,0.550702067033157,0.490685113095772,0.434723550106313,1.05209023927633,-0.40170326781991,-0.484567246529589
"ind_84",3.03593196578816,2.95409118676499,2.19346818706616,2.24951122737881,2.49475459825487,2.12485317067801,0.544922147308942,0.489288378276182,0.385999387813439,1.08412508791317,-0.454988117607319,-0.501631251310029
"ind_85",3.24895627386271,2.96616808619852,2.26550801799261,2.20032261746057,2.45460282230534,2.38974951858696,0.537519772615627,0.491358628849463,0.459460294176837,1.28602315411174,-0.632232708673409,-0.497570887184752
"ind_85",3.21585926028001,3.00150934486227,2.24063406083771,2.19470548302954,2.44292667120513,2.40267291703316,0.527551406346211,0.488635077305577,0.454796250253501,1.31408193059748,-0.613141567143032,-0.474783931846424
"ind_85",3.23019362014771,3.01892348414762,2.24311909933472,2.19496987930761,2.45754629340148,2.40596124105386,0.529339859345377,0.490036935038164,0.478998617512453,1.2230950602851,-0.635929715005171,-0.470811871162112
"ind_85",3.19888828474081,2.99313873232845,2.23294626874027,2.18995129915631,2.43721467158844,2.41376848460972,0.531264798181485,0.486408995424609,0.465203388413782,1.26686882255554,-0.596791928391779,-0.484184004482239
"ind_85",3.26367711117716,2.97828601920638,2.22461303072436,2.19447821089393,2.44249914903569,2.42842444467702,0.529623290165676,0.487230056273305,0.463609663032497,1.32266184241804,-0.59233912303058,-0.484903777716263
"ind_85",3.2679038458833,2.96303787476742,2.26010689144207,2.19029357639504,2.45066420331893,2.40597609273345,0.533240066819151,0.488487959026322,0.473022012529408,1.27217462743999,-0.60445732707574,-0.478880911219083
"ind_85",3.16795458490454,3.01407677205014,2.22855775707239,2.19362527230676,2.44687005683261,2.39339828545217,0.528931034833885,0.490652411172281,0.482104055531625,1.21337651271764,-0.632264748513446,-0.470545282232777
"ind_85",3.2506344801601,2.98854741981796,2.25528455558686,2.187635212575,2.4485587195009,2.3843478029333,0.530639479957535,0.488760101184125,0.451839113831045,1.26014540758861,-0.584454961919539,-0.486067653509218
"ind_85",3.22387898750697,3.02555767166329,2.24201244647418,2.18611495720091,2.44706941844277,2.4446007385592,0.522061309944921,0.487842319834503,0.472814306862014,1.3526777729615,-0.584266611654761,-0.483084965687613
"ind_85",3.21283486870216,2.99360595639673,2.25569696990856,2.18525697414875,2.45321057891456,2.4214676557036,0.534408686253713,0.487644968879407,0.489394176269148,1.29216678752414,-0.551406375787919,-0.492654801127229
"ind_86",3.0316988796472,2.80600153333478,2.15544959634826,2.27270264158716,2.46271193559548,2.16660198692307,0.562988967146531,0.50043915577243,0.407349025128956,1.02326479340649,-0.414330110854823,-0.26847172067731
"ind_86",3.08667026840513,2.79557848853975,2.17363097458811,2.27625997068445,2.44875951909722,2.18244039488302,0.559445451499836,0.505674167419188,0.410146773092595,1.01393217520565,-0.453694207711062,-0.246873503768498
"ind_86",3.03841138314075,2.75941913001405,2.20415387111478,2.26660792798108,2.45056324071852,2.15030036049736,0.558443119825891,0.508034526715041,0.425349451159983,1.02046701232199,-0.397059105364466,-0.256160472671313
"ind_86",3.06165980169716,2.76139479624987,2.19140357619169,2.26913969654788,2.45337945300286,2.18220177231358,0.551625727582659,0.505224635620314,0.384776449836463,0.983862955043813,-0.408735133827199,-0.252390943642201
"ind_86",3.02147244966222,2.75052620730375,2.20087160996461,2.26731821920615,2.45586833159553,2.15335920635585,0.557807192788863,0.50792177645562,0.396720658191673,1.00385373186123,-0.408043461195904,-0.263857076412603
"ind_86",3.07431900756627,2.75904766044188,2.19492994090608,2.27091616162528,2.4520111748522,2.15400781706899,0.559669142544608,0.505107128850947,0.38341785340129,1.06159480779978,-0.400499425038948,-0.274727844430622
"ind_86",3.10492200729586,2.7684507301433,2.21945708456795,2.26763232742085,2.4512999917758,2.15013287613857,0.557194262588089,0.503102246393325,0.417954111342152,1.00706941497036,-0.375601299258609,-0.245212141533507
"ind_86",3.0598883465214,2.79215814644106,2.16689291777475,2.26510025211574,2.44566850593834,2.15493195595329,0.563303933634629,0.504888598051376,0.414587988657411,0.987551292856712,-0.390378156931281,-0.251204530075372
"ind_86",3.05944770883378,2.7849142988462,2.19841170561563,2.27314435020645,2.45103324807498,2.14281187758948,0.551754231232962,0.503606779540578,0.391844791744081,1.03372946985032,-0.433188728890004,-0.268489910260218
"ind_86",3.07723628231414,2.7965023330765,2.19748112180512,2.26476711875148,2.4391826159268,2.16991141614515,0.563951892738031,0.507271037198441,0.374614003974197,0.994860265305816,-0.394917245864766,-0.267215298465645
"ind_87",3.25079025499002,2.80923413536831,2.17803246541724,2.20131388146391,2.43284770656026,2.56067940472569,0.552081820552955,0.51537815435496,0.523220643824998,1.39499613974662,-0.576272834239223,-0.550446214184942
"ind_87",3.25446075856186,2.85168017694075,2.17017086054972,2.20823089594722,2.43402147666674,2.59153757375804,0.54904057071984,0.511916458971186,0.543428883787729,1.47421534921704,-0.546168322200315,-0.54430401729848
"ind_87",3.19924429589645,2.84958794578274,2.19044099924276,2.20109239021119,2.43669734570878,2.57556926340698,0.55208287511408,0.510935644611637,0.521715138687656,1.45810324456468,-0.535150607935278,-0.533096287158104
"ind_87",3.21373701783387,2.8359389785417,2.1398506199641,2.20896880053349,2.44265534178597,2.58756116308447,0.544106812727615,0.509021709130623,0.532836555407437,1.41120871544689,-0.529303525694154,-0.543983201222925
"ind_87",3.22743490757197,2.8466247247299,2.1838559342491,2.20402009121805,2.43380594154423,2.60742192339395,0.553153546028954,0.50920709292893,0.509654561075481,1.45256350647088,-0.553746006934319,-0.573699443638773
"ind_87",3.22879605393584,2.85397833751278,2.17628192137315,2.20172022441052,2.42444917235058,2.58490549277477,0.551347207338798,0.519108204580585,0.527680113673012,1.42651286100192,-0.555039564187843,-0.542889389765157
"ind_87",3.23165290552255,2.8470436815021,2.17242245867975,2.20866273008487,2.4407958193617,2.55151567315553,0.549960019704417,0.515559132358503,0.531392638109057,1.40649792437778,-0.552892137356557,-0.507122173150522
"ind_87",3.2117339878957,2.84919023882198,2.19280175353916,2.20660759915695,2.43544225738689,2.55061588934329,0.552110083743229,0.5160743164077,0.531177240897069,1.40695828420468,-0.573385740363898,-0.553298526705639
"ind_87",3.28658958052254,2.82148671090706,2.18433340970906,2.20950443318061,2.43461542102234,2.60309219964491,0.544491430584272,0.510967048042751,0.559074625169655,1.43683990553009,-0.599779868931757,-0.568204679328441
"ind_87",3.24851525309559,2.80784416211395,2.17468041507253,2.20608293062734,2.44292588241814,2.60481573621641,0.543741015094697,0.519462327767929,0.530766436651923,1.44346245094199,-0.5017786505096,-0.568066919934852
"ind_87",3.28120202847666,2.83495162516324,2.16223328652073,2.2050327386822,2.44295743217196,2.54320898471721,0.549738739502694,0.516737437767429,0.522649097115183,1.3784550967678,-0.525955901460573,-0.588728703690305
"ind_88",3.21821596348536,2.7980890094742,1.99189179111223,2.27550510632694,2.4575166187397,2.01845018021422,0.511354690712737,0.480359256820444,0.430509314535138,1.34301844030042,-0.549268847323127,-0.408727026329833
"ind_88",3.23622744628281,2.80084581242763,1.97399589268471,2.27563567446269,2.45049102279146,2.0585182123103,0.504951701606149,0.481741948704652,0.450988429338958,1.2592220156546,-0.505424272771795,-0.415424905746545
"ind_88",3.25319991158327,2.80483568165158,1.99133924830872,2.27535331603473,2.44435945818215,2.05427668114346,0.516014037179566,0.482290833212141,0.440407056892158,1.24809559479706,-0.53848796275075,-0.436917037820067
"ind_88",3.25535037884733,2.80359533852517,1.98892006571494,2.28086969146253,2.44642925958185,2.03009546917515,0.508523791037406,0.485304626811808,0.425296657844974,1.26891975440558,-0.544238642653661,-0.395159130588068
"ind_88",3.21374926758302,2.78252627110673,1.98140826312322,2.28115867131234,2.45255614543035,2.02084656720153,0.50573759655615,0.48548295822549,0.454648229171244,1.29711113551646,-0.494750511608262,-0.41529526184575
"ind_88",3.22999277388461,2.81400244323614,1.97042687860084,2.27988069113077,2.44599492832606,2.03264901156791,0.509527338553665,0.483614399088479,0.459319360472315,1.28432184117398,-0.569457905223302,-0.401373919910699
"ind_88",3.23282298931609,2.8120803817295,1.98132525540191,2.27853319343961,2.45852202299117,1.99548809652589,0.507605382774189,0.485225595334877,0.439689758957546,1.248313074961,-0.53846526138908,-0.447339495261599
"ind_88",3.21373357042878,2.75711126569192,2.00750208820209,2.28202819967208,2.45098953233612,2.05044252561657,0.513818296563495,0.484307177148382,0.437467297293905,1.27300839099986,-0.493525914777228,-0.399191226963699
"ind_88",3.20336112106878,2.80669674947736,2.01676278545946,2.27575096220149,2.45161123585641,2.08992420310337,0.513587801668565,0.486320926074411,0.450145610095923,1.3141512885784,-0.500424406394366,-0.425594940809176
"ind_88",3.27738199688465,2.79281194316269,1.9737382429259,2.27948130597679,2.45782239752276,2.02514826103987,0.508419386694785,0.488208056670799,0.438837431143661,1.27604983626035,-0.532100735027732,-0.444744465592807
"ind_88",3.27319025478438,2.82436932214385,2.01026088916442,2.27981525669263,2.45504274150335,2.02702173312037,0.511771306077865,0.484100144356568,0.435282237153946,1.25006662234803,-0.547020815895301,-0.412289461271562
"ind_89",3.10710513473898,3.0167278664919,2.17336764082895,2.22308760741338,2.51128570836664,2.26875197673511,0.554836525363951,0.503757728076065,0.444682457556836,1.00040364542378,-0.376802514946604,-0.466609669043196
"ind_89",3.10831964018436,2.99990198846789,2.17337799527973,2.21774906002854,2.49658091608382,2.22997931328095,0.549051333100183,0.504425056685507,0.442996889121745,1.10856093229741,-0.372091846615652,-0.455378576962138
"ind_89",3.12537609836436,3.0044569480363,2.18851532770908,2.21483357043256,2.50016242842401,2.23716591237993,0.555383634549786,0.501025404095416,0.449663879734157,1.09364620630178,-0.363660024729393,-0.486704232451028
"ind_89",3.17495419148344,3.00833434239149,2.18372396037992,2.22299100585263,2.52154082463768,2.24229300785622,0.551265674057189,0.502014972376859,0.431628339651513,1.10988082821422,-0.39757607669518,-0.474413990653755
"ind_89",3.12417003754609,2.99494082595132,2.16099736461056,2.20898484564304,2.50101966754225,2.24151334671814,0.553459404660721,0.505371839471356,0.423136927909576,1.0859471848005,-0.366514736386061,-0.475390436351035
"ind_89",3.10346841384283,3.01226507863349,2.19413853516421,2.21722038094707,2.51143146721902,2.25583904613123,0.55123460807954,0.498533912566897,0.437359405960349,1.04790524890553,-0.404643743843013,-0.468165430924953
"ind_89",3.14406020966061,3.00564466568283,2.18338122827823,2.21694762864176,2.50817688963734,2.24491158604013,0.545768712233368,0.501050682163903,0.441640672276225,1.07416555093253,-0.416229511498636,-0.449757077308718
"ind_89",3.16018085860425,2.97681073197184,2.18019563664864,2.22350559791576,2.49606199695157,2.23738877328652,0.555027642597786,0.502602763546309,0.417853032048928,1.10037449460433,-0.367455140267795,-0.459912660860113
"ind_89",3.15979765871549,2.99655241444087,2.1703339365883,2.21622726315015,2.51639278419186,2.29573829772313,0.547263308783092,0.507083104612379,0.454234855737113,1.08560261188994,-0.381640488159426,-0.470740928376228
"ind_89",3.12198280915556,2.99133199913376,2.17964985469239,2.21549146834788,2.50982075624332,2.2254467017108,0.549875811844609,0.506977881136969,0.457583206994161,1.15527102882337,-0.399369911457253,-0.487744102021545
"ind_89",3.13947703375085,2.97060092173034,2.19417719637696,2.21564852790752,2.505979568107,2.27876348586177,0.5447824188712,0.503323838831099,0.427971606360042,1.05683395833199,-0.383400641943964,-0.449955251885353
"ind_90",3.14000658070779,2.97339445091252,2.14492058771679,2.26872512092134,2.48582021945028,2.26239232687794,0.522296316131079,0.501125640049962,0.412221827254552,1.09435291406027,-0.27015779853018,-0.388555343903044
"ind_90",3.1373841045285,2.95847971700685,2.11384939765873,2.28271283515042,2.47883661297656,2.23216277556269,0.518420422909664,0.507756870972271,0.405755955554305,1.08162485790083,-0.220500566056292,-0.384418795832455
"ind_90",3.16008070085916,2.98422844098578,2.11331058768159,2.27735290798394,2.4835084568142,2.23578446001387,0.515501559184592,0.502091782768916,0.393593066053911,1.05397398837824,-0.167253339432814,-0.402785576372333
"ind_90",3.13426516779388,2.97505884271095,2.1313610344366,2.28040334846196,2.47942195775904,2.23487199943071,0.516405030326349,0.505940514809173,0.376485293800123,1.08108613748185,-0.185161225045744,-0.403918868887477
"ind_90",3.14950081821191,2.98579203734409,2.13434106230921,2.28234449473531,2.47909126256492,2.23314355833121,0.520063913287273,0.505604537631559,0.405853783944555,1.11252916832257,-0.193680216656725,-0.374328535147335
"ind_90",3.13161136025002,2.99089042563978,2.12870138554062,2.27929991737332,2.48339768449918,2.25136747648994,0.515205775876033,0.504345673514926,0.390661674818836,1.10126995329567,-0.209801462121015,-0.393314488743929
"ind_90",3.15626825421861,2.96981670567427,2.14994372548158,2.28033471846847,2.49405059155291,2.23890113555499,0.514989486835468,0.502594200096104,0.402047978519638,1.03963382314715,-0.173925523399951,-0.383778968982665
"ind_90",3.10736384269157,2.96933262621619,2.11481906534752,2.27016222405979,2.50006819564251,2.25745870483969,0.520428811943896,0.506055428482108,0.379582838030254,1.05797804931935,-0.189504578944275,-0.390428005742921
"ind_90",3.09106688828775,2.96238267189267,2.11716207698867,2.28197446708764,2.48458578582955,2.2841216741404,0.514869124126331,0.50717853051158,0.421940585333364,1.04893204383975,-0.224593007606862,-0.385142024283999
"ind_90",3.12546708351955,2.97511780737229,2.15711974049634,2.28319164818847,2.48160087464861,2.2095622218658,0.521222647724913,0.509641337587105,0.391540034309076,1.08440473259415,-0.251186377907166,-0.381157456978857
"ind_90",3.15312110967196,2.976945216469,2.13974173829744,2.27793713052305,2.48418673625148,2.31017464962642,0.524720335134332,0.505367071440661,0.407500758591012,1.12683879360314,-0.23816143132708,-0.396749595538898
"ind_90",3.09972304373409,2.98626897018359,2.1245346994395,2.28227002040291,2.48731754814881,2.30128201872182,0.51698682080224,0.508523734903142,0.413601739291888,1.04888394677397,-0.177139934380203,-0.384977549167819
"ind_91",2.99628396412619,2.99189158984322,2.25750856016981,2.25830951972123,2.4397872484336,2.26265063747896,0.52096651015059,0.501470366262318,0.367164783925123,1.12181547247875,-0.491227074472191,-0.411787390835523
"ind_91",3.0174972026072,2.949411732813,2.23105777135667,2.25032742593216,2.43212130353204,2.2204757099013,0.517847467106573,0.497258922248044,0.386928201059723,1.13944735652222,-0.50700794468671,-0.404819325518527
"ind_91",3.02049769291913,2.96063024075042,2.24740967233791,2.25132823407151,2.43040164811595,2.19454306909139,0.515686248908004,0.495214891658634,0.363771338049097,1.08523884627044,-0.456179611635276,-0.377179976143288
"ind_91",3.02811877500385,2.97440279836595,2.26886506775375,2.25890405111272,2.43956390877472,2.18374989886068,0.522780493098418,0.49665490257413,0.354111256377414,1.14794281040162,-0.484174185624404,-0.423017657097343
"ind_91",2.94395078810018,2.9624064885649,2.29486796477594,2.25377291092807,2.42453196881408,2.20995832592352,0.524512976880493,0.490876497506519,0.371220952193498,1.09739213925281,-0.481429292881856,-0.405294820865727
"ind_91",3.00230728730451,2.9447055859917,2.22965098290476,2.25740125611146,2.4327870680321,2.23798562964057,0.515208286323133,0.493213883971673,0.373685907499755,1.16480193296343,-0.484759086227896,-0.388724976238619
"ind_91",3.06098146885407,2.94554919531716,2.25721309827032,2.25371436714079,2.4327580024738,2.24142514286704,0.516529093612382,0.496744550656807,0.375883084234293,1.14597085384957,-0.531560954795549,-0.389519878634631
"ind_91",3.03739403676346,2.95525933758759,2.23882481703255,2.25800362203673,2.42764743644365,2.24732017850372,0.51812990152658,0.496849992991266,0.348375899830489,1.09906435479003,-0.488890835401092,-0.394050538468513
"ind_91",3.02169612935066,2.9699273258638,2.2913460449,2.25903916514346,2.43930695197906,2.21647509461378,0.525513980301287,0.496710289654906,0.372564397850041,1.1365553679628,-0.50585038866332,-0.415140665498958
"ind_91",2.98970089731756,2.96700170384634,2.27720503604343,2.25679024516488,2.43737641275747,2.2173060821549,0.520822512666178,0.500533954519182,0.357173587393613,1.12600862087327,-0.538314846090546,-0.386641653334612
"ind_91",2.98019040804435,2.98196185211888,2.24002901138188,2.25581817579575,2.43425500827271,2.24030318719923,0.521398072546274,0.496176929975053,0.360947065112873,1.07503812280832,-0.459684656776073,-0.410376681257535
"ind_91",3.00072235141539,2.95541268503329,2.23489430665348,2.2537917100097,2.43576722090032,2.19878164179248,0.516025246345878,0.491930966742737,0.375892152670377,1.12628729921131,-0.467398897429965,-0.404662394582986
"ind_92",3.41565494685651,2.97245966683197,2.14938660875963,2.22706345485023,2.45309292592733,2.43637261190482,0.583331614648108,0.495458698426464,0.40292453645838,1.23875873468147,-0.576042311825227,-0.358045127694599
"ind_92",3.44689367363427,2.97539962302952,2.18638664911682,2.22688287482765,2.45693967373473,2.43518801951241,0.585637448524193,0.501353224523822,0.43956397227963,1.21617392038961,-0.587654881445455,-0.352588854055977
"ind_92",3.4434729731625,2.94333833616254,2.17758139123789,2.22995245269124,2.44441243567632,2.46676199601891,0.581243701574346,0.500938383042683,0.423645509509784,1.27421426961625,-0.575452993488332,-0.35649915151904
"ind_92",3.36159574838392,2.95304652806525,2.17150531414878,2.22605094254084,2.44817988776134,2.41846803981501,0.585925671705989,0.498690208104947,0.418855786378215,1.30178623598308,-0.559081682110229,-0.367526321361121
"ind_92",3.43121201349281,2.95813598520851,2.19687500847561,2.23745667980644,2.45514131610394,2.46632429182838,0.587935539935012,0.497733490599139,0.415292599551959,1.24391871495034,-0.611620665617436,-0.361713479982529
"ind_92",3.4325695338403,2.97870389099172,2.1684107385256,2.22417772522725,2.45349368368938,2.46158077825776,0.587966460965317,0.496335713727015,0.440416039030552,1.27973227552384,-0.568740650426061,-0.374945221652992
"ind_92",3.40105867651115,2.98357603760818,2.19390936370243,2.23154888027676,2.44356223188787,2.45188548987927,0.586773629465188,0.502889222674601,0.423009333921087,1.29624745873344,-0.598753914330174,-0.386731843892808
"ind_92",3.40404955206238,2.94478941313596,2.18438496852065,2.23070749934371,2.44775768600301,2.42290269220728,0.580418516439055,0.49969858142259,0.419747840122433,1.23347317892531,-0.562661096608996,-0.389690194630859
"ind_92",3.38208351077776,2.97568033451677,2.15861529453123,2.23599456802278,2.45362081317014,2.44544983856532,0.588095444981779,0.504429803564617,0.397549770430322,1.2637448692619,-0.539527024977362,-0.367648998949277
"ind_92",3.40023212077101,2.96582663838355,2.17679294876965,2.23665955502247,2.45574668772634,2.44754431062279,0.580581152240087,0.494104526868468,0.401883646704591,1.2658448053604,-0.579168374157591,-0.353257493578056
"ind_92",3.38007779449603,2.93335763805472,2.18978316697987,2.22882957740855,2.44800579108514,2.46081569126366,0.583969071989678,0.499214679476407,0.402665005257653,1.23366983084165,-0.559608749313067,-0.353516062956348
"ind_92",3.39241058451799,2.95939735301773,2.17181105215572,2.22299076583309,2.45437571747439,2.42365154516202,0.581104771162964,0.500446291879336,0.404531729190693,1.27836265136521,-0.591834998533682,-0.365289657280532
"ind_93",3.07409626801889,2.71591609550472,2.40273213761794,2.25196701929066,2.44617653646623,2.37461286112254,0.5466526915644,0.529427072204537,0.401984475966921,1.17342185570441,-0.324234873532186,-0.438051355105692
"ind_93",3.08913319416212,2.72604917983517,2.38181178922585,2.23931742151853,2.45069182657438,2.37068667940301,0.553248599743973,0.530005903215346,0.393927751886947,1.22132529456588,-0.321834383983386,-0.438220265205157
"ind_93",3.04946009701521,2.7284378662878,2.41341552676309,2.24362023610077,2.44619514477204,2.34594282653676,0.546777767460747,0.524595034022053,0.403288708644053,1.22526197373562,-0.327646033277808,-0.445495355730533
"ind_93",3.08817263835035,2.72606445251741,2.35855604900928,2.23904013187863,2.44863829765542,2.37496865441316,0.550611569186398,0.527700373395514,0.401208194657012,1.17247190221154,-0.295762168206756,-0.436920117977747
"ind_93",3.07232077549092,2.73538875125563,2.39735427932566,2.24819376264687,2.43849574625624,2.32185095154028,0.543466407456054,0.521702984401512,0.406187939815909,1.20737981000297,-0.353217060550165,-0.440202747193043
"ind_93",3.09535004998836,2.719263534878,2.38627137276055,2.24135320584482,2.45543591381184,2.39349746285837,0.553850015012029,0.523496783792699,0.412878438108855,1.20996662172992,-0.270200445180004,-0.442689899781767
"ind_93",3.0974593098996,2.7103308400906,2.35598970705166,2.23891238747198,2.43990922571388,2.36112841225674,0.540999614045087,0.527368780175231,0.407825829308032,1.23194421168656,-0.324880095777131,-0.440920072087762
"ind_93",3.0470221165584,2.72798302782499,2.36793878270412,2.24930057953344,2.45060688490827,2.34400991798081,0.556308005043088,0.527087282905408,0.400650537238399,1.18898553569122,-0.329401531976559,-0.435605370620001
"ind_93",3.07660952410723,2.72591138536177,2.34623495424858,2.2413315180817,2.45411445406425,2.38504816737459,0.554442892996374,0.529472493880864,0.414112474698327,1.19309530480058,-0.30916669412908,-0.472428152977283
"ind_93",3.10335959354221,2.72052913602406,2.39278925357576,2.25075212007584,2.44704580841236,2.37389171503542,0.548930360725607,0.529188084126691,0.383129351627526,1.15929458526822,-0.275065800240413,-0.422388200621226
"ind_93",3.0065477849225,2.70224198759229,2.37913518412466,2.24219560081107,2.44358159929501,2.4205763996782,0.540678677754767,0.526293197203505,0.399406581993758,1.20379622348809,-0.304655046796212,-0.402647748594028
"ind_93",3.08357243781164,2.71631414736617,2.36113295930962,2.24249357482457,2.43551315212284,2.35309572989046,0.54814113845795,0.533313137247406,0.420482327805761,1.17443144883537,-0.300642636011186,-0.455034778865645
"ind_93",3.0812311203738,2.69379449323379,2.35407546660283,2.24574633620512,2.451445985886,2.36253194100898,0.549205789905884,0.528452933466264,0.395895775348223,1.2136025403432,-0.321947618013647,-0.424324339750962
"ind_93",3.06368324305711,2.73901864243745,2.35726851842119,2.23757983733906,2.43997435096415,2.31062415331972,0.548891238078294,0.524065310320607,0.406528525985607,1.21382738920942,-0.328635103499051,-0.437678562156114
"ind_94",3.1852541342378,2.89833192224123,2.23791272832536,2.24617236838151,2.43838950302232,2.29771298391857,0.505757717190702,0.506124444968894,0.410058504788184,1.39448351201581,-0.624333693217013,-0.346484569981174
"ind_94",3.18223248395797,2.89504769627356,2.22758832256383,2.25069436955998,2.4292615231237,2.30223417085837,0.519445339542127,0.506083190913926,0.445289629390762,1.32474036896765,-0.581751294799435,-0.336986231976781
"ind_94",3.17528104086957,2.90724828245355,2.23490865962136,2.24934430970782,2.43597563749844,2.3059609462342,0.516498844153284,0.509223311380388,0.426905868944071,1.34091521144456,-0.574994497236392,-0.36890553921802
"ind_94",3.12864368278738,2.87517531704022,2.2248533328103,2.25208263919113,2.42235620618705,2.28784530357376,0.511762223760735,0.50907582692099,0.428606686731198,1.36828014543361,-0.592695191176171,-0.366394266294355
"ind_94",3.17289179127326,2.88274414043772,2.23853927941364,2.2507161327903,2.42657621719661,2.31896979653667,0.515226848883456,0.505943233490664,0.446068677260007,1.39644451458477,-0.584339345215017,-0.339598705744766
"ind_94",3.19850320191057,2.8813586859786,2.19320729488718,2.25460444123916,2.41990152603439,2.3263145888671,0.511845635741612,0.504682297954552,0.438315272507539,1.31952374279043,-0.633149633098766,-0.35720383331937
"ind_94",3.13294482938806,2.89549635727684,2.2343186701846,2.24619967816317,2.43237247870319,2.35346409483881,0.521035620868723,0.5096586040596,0.446286427634869,1.3259814415936,-0.626017205975561,-0.361659828436486
"ind_94",3.18527002843884,2.85550331676391,2.21901921484247,2.25577184332438,2.42403757055534,2.31178572389493,0.508445247262419,0.505395286172713,0.434054206309531,1.3349793059477,-0.590753925383984,-0.33102976432923
"ind_94",3.19575279544893,2.87118348144518,2.24296528478885,2.24483963564593,2.43626019311643,2.31243742536706,0.514452010242574,0.510692886063688,0.416726264582216,1.35908128331455,-0.619216990620802,-0.349250384573968
"ind_94",3.22299078191201,2.88145259727462,2.22519588212965,2.24073919346942,2.42614397955586,2.31879378199326,0.51981361301913,0.50800986559057,0.44113494170535,1.39920001902262,-0.585177241136303,-0.34842709509846
"ind_94",3.13529514942857,2.9084705984515,2.28089908809833,2.23990623269672,2.42795515820781,2.31572739499817,0.519818763692102,0.507340364236303,0.407885560549668,1.31850950599814,-0.610903964226339,-0.35654696373726
"ind_94",3.1793026350482,2.87307172265019,2.22948055021075,2.2373340379003,2.42560423507025,2.30084464258279,0.513616487166242,0.503638617837647,0.39732207932081,1.32784346565967,-0.643856647934089,-0.354181704327067
"ind_94",3.17910189806587,2.87980178618963,2.19981068230541,2.24422699739907,2.43692121871043,2.33128246383969,0.524000600046307,0.507118221398311,0.423402697507428,1.38831849901123,-0.602582066882096,-0.359590662141743
"ind_94",3.19646772809619,2.88461914724325,2.22559008703709,2.25721109991586,2.41688179108371,2.30200967699778,0.516836436685621,0.510391912799324,0.409786423625183,1.38006073423225,-0.610969496108465,-0.339622677564823
"ind_94",3.225303796222,2.86951745592765,2.23697702179457,2.2463870478022,2.42861872726181,2.34259842417819,0.520940620427516,0.506337959926603,0.409182000280334,1.42226230346246,-0.608567360007617,-0.342908618813698
"ind_95",3.13512229682203,2.74507147157063,2.28115146371432,2.22511637015978,2.44752417204116,2.11045045083734,0.554767566837824,0.489708992539946,0.461256833647007,1.16271447915821,-0.343445256294895,-0.29965998186807
"ind_95",3.15811858784451,2.73325277533793,2.30446774806262,2.23283505187061,2.44430886938795,2.05858909395984,0.547151849871367,0.496913329751305,0.409263117671291,1.13102273164348,-0.300065503115283,-0.324404864542572
"ind_95",3.21085283418167,2.75709849936026,2.26604778065974,2.22918913354685,2.43725691043698,2.11539947773083,0.546969862108068,0.499175494497423,0.423299889102807,1.15465932134456,-0.374428068535884,-0.3027458259124
"ind_95",3.12578882807007,2.73052910419678,2.27886893551485,2.23084158138448,2.44309484699112,2.07240774491459,0.548548920430053,0.489336622367425,0.404251968304632,1.15090947491692,-0.393995983327205,-0.308847198105261
"ind_95",3.1676538466854,2.74887898108345,2.29294877820428,2.23161489527627,2.44355957855199,2.06975641889088,0.550556404317745,0.498249340250483,0.423442504551148,1.19489032755017,-0.35288826627332,-0.31459778577601
"ind_95",3.21093152696131,2.73560356712946,2.27413608317235,2.22906924262799,2.44022259122212,2.04472645106081,0.541639172762954,0.494364193726795,0.407257827573328,1.1305179709711,-0.353437355685256,-0.314069159154507
"ind_95",3.18488998268207,2.74309669038758,2.29136383384471,2.22768528212686,2.43498384246095,2.02217530627272,0.547384204225498,0.498768954085794,0.40686570577711,1.18421188189265,-0.381324875835609,-0.305744276439188
"ind_95",3.15060948217337,2.73078383209233,2.24491320601913,2.23791576012398,2.43396059688811,2.04996868819349,0.546349695391553,0.490348255670292,0.412360717588229,1.15140790688824,-0.374854430675055,-0.300310894440742
"ind_95",3.19322434744736,2.74411496149393,2.27628419737078,2.22577069450071,2.43937028389812,2.11254343150947,0.554606444580949,0.490559235410684,0.42303370604001,1.16352182657573,-0.373359674274556,-0.285070009663126
"ind_95",3.16591450793996,2.75486623968427,2.29881114186661,2.21219783427192,2.44319325217681,2.05628645936402,0.546498003637547,0.495447476494684,0.401846345815507,1.23844467844519,-0.385561227561747,-0.315384846454954
"ind_95",3.21146950228015,2.76040820644274,2.28520019227307,2.23408743574369,2.43434475696213,2.08947485703533,0.537562394263035,0.496812809836158,0.4064453415458,1.19031081417314,-0.373308535422105,-0.33814886133927
"ind_95",3.19664857991557,2.71819481718962,2.28882254714707,2.22426251867724,2.4312968514375,2.10855079512398,0.54101229032736,0.49503369170393,0.402952689247957,1.17121556411241,-0.375464107769808,-0.305482349885303
"ind_95",3.17631824327364,2.74703257244207,2.26411532344803,2.22497389289606,2.43594435921421,2.08007069801831,0.550575352911585,0.495055957311223,0.391937294715513,1.16410509969922,-0.337791087134006,-0.334649627098794
"ind_95",3.13412392561896,2.74473639765173,2.30982785782566,2.23302094575064,2.44112139446696,2.04868717375488,0.552350599204275,0.491728940556451,0.430734097069176,1.21567274572159,-0.363900809174916,-0.305931158273981
"ind_95",3.23871075529766,2.73931263188444,2.2699442176692,2.21948338553461,2.4362332393672,2.07658805208655,0.546010551507324,0.49288540336396,0.420243459165154,1.15225359995101,-0.366550016803263,-0.33624879226084
"ind_95",3.20528836600083,2.6932900291624,2.28595148365284,2.23342808669234,2.42819464992947,2.07603244085088,0.546699161843769,0.49353946624884,0.448628970692583,1.16314646555129,-0.31232013163091,-0.327900082361189
"ind_95",3.14705182099157,2.74021415735574,2.29053486672698,2.23088027444274,2.43918790042192,2.10006495007524,0.5557687042638,0.494506030374795,0.407962499329167,1.15866921347528,-0.366921394359665,-0.317592540866729
"ind_95",3.20634754933505,2.73592614849337,2.26666997851363,2.23197361501502,2.43673142859857,2.11614699018717,0.542966230454335,0.497680509170346,0.43773079596136,1.20282684029559,-0.365559774658498,-0.28578690271873
"ind_96",3.41505306605621,2.94314814640266,2.09622819253694,2.2884047144689,2.47961740732024,2.34618015699837,0.568772642341235,0.486635464879224,0.483894321213283,1.06328540053692,-0.39207069130375,-0.382076739785505
"ind_96",3.41793138675801,2.92164732039885,2.10284265410006,2.29114856737423,2.48144025148692,2.36736362520185,0.570123702347062,0.484175217314082,0.511686554597336,1.08909110860017,-0.363411388480559,-0.369166392753649
"ind_96",3.42496823162837,2.93985838373901,2.09830669669392,2.28983467809853,2.47651824863736,2.3433433568532,0.571029484396729,0.487825824609194,0.498611686050671,1.13712218129805,-0.415498875925252,-0.339697593901103
"ind_96",3.45735874162707,2.89919551819383,2.09138735634607,2.28889570310193,2.4731660658049,2.33106485394939,0.568497850910826,0.49231787593178,0.509059157342579,1.05470154233933,-0.395502897610029,-0.331025265971529
"ind_96",3.43798331721069,2.9317974758735,2.11473166930393,2.29461020920309,2.46696750644826,2.37266491746114,0.569182410089969,0.489535645577581,0.502139139103067,1.07034720608315,-0.392164825293762,-0.355059576756328
"ind_96",3.41015264132748,2.90611488551863,2.11692437322989,2.29736923628298,2.47225480204413,2.36297849258952,0.567694553543897,0.486152474490262,0.505946519019486,1.08915223031254,-0.414981707778909,-0.367243060176804
"ind_96",3.3952960759266,2.91791354201263,2.10723105289578,2.29304614992697,2.47258467155525,2.36335976188809,0.575875318746649,0.484427343533741,0.498771459849763,1.1181378815915,-0.419433064230397,-0.361307723128751
"ind_96",3.40235867805173,2.92654328119384,2.10882652322661,2.28881741950739,2.48066468176221,2.3450581673503,0.572945304856898,0.486577444950686,0.496263899050458,1.08348401948964,-0.417401249650247,-0.372221841916073
"ind_96",3.43723133335305,2.90474565249699,2.13779159593304,2.29447273310064,2.4695201615274,2.3645689532499,0.554854726031929,0.492094251165495,0.48895230165059,1.13316235015704,-0.424600988612321,-0.366768939814469
"ind_96",3.43202841394154,2.90351679095824,2.11442195990217,2.29478685803659,2.48534666929712,2.33373931269974,0.566637860882444,0.490464791384691,0.485839049285234,1.11749799329068,-0.387158432587503,-0.350570034151518
"ind_96",3.44972827877008,2.91388750325056,2.10343973012896,2.28822402452047,2.4808812343758,2.33394558295241,0.572589460687073,0.486364650834902,0.499168925195853,1.12675032117051,-0.449521125107272,-0.363861879270651
"ind_96",3.45234744866252,2.92450032772678,2.0855485573491,2.29588957971116,2.48077398365697,2.35975257442327,0.569146566018486,0.489550929856523,0.502385038624968,1.08565642438854,-0.429828787717952,-0.365143389941481
"ind_96",3.43783036313342,2.91623178258846,2.10578327523954,2.29986539180274,2.46479043056158,2.3380179859151,0.576652435877308,0.490964443042172,0.493557276941496,1.09644683443706,-0.419274346457911,-0.365286181609802
"ind_96",3.40304156349429,2.90306515714942,2.10149085047065,2.29745814311668,2.47456088022716,2.37496425867361,0.57237537388561,0.487280287962142,0.491035910895478,1.11709807820935,-0.437673621579235,-0.367072777739847
"ind_96",3.45509463014733,2.90887686221491,2.11707855628642,2.29388909440019,2.47774153079011,2.32620666947204,0.571904695068024,0.486961061319569,0.491041269280616,1.0656183616357,-0.416679897199563,-0.360117688168838
"ind_96",3.39735883097347,2.8853386323678,2.11882294106465,2.29722124820569,2.47187753102245,2.32820748027872,0.568279483430747,0.495561847106664,0.518485452813726,1.11401583596849,-0.39540822955013,-0.352407667268375
"ind_96",3.43368889209919,2.94260639726703,2.11250958919119,2.29495592154521,2.47156413006145,2.35601569518671,0.573527033276424,0.488497279154005,0.473229499182976,1.13056029526685,-0.437063012260892,-0.382717555515287
"ind_96",3.41973598475079,2.92954201856819,2.1376105954759,2.29252016066498,2.47662889631252,2.38670390435568,0.569500244573686,0.487625618392836,0.502294320887219,1.09776575610935,-0.458442808278159,-0.399280552239445
"ind_96",3.39900356642142,2.89213026283155,2.10333566780899,2.29118449633511,2.47783775167479,2.359183342423,0.570733011603909,0.489357547016693,0.468321987529469,1.10241541897224,-0.46167433784689,-0.36366296518051
"ind_96",3.39294301851839,2.91749715299033,2.10216874475862,2.29438252899013,2.48320574822322,2.33966372086246,0.570206004159594,0.487179433962379,0.493424632951829,1.08107142616216,-0.436024767497216,-0.396803950662185
"ind_96",3.47981896150877,2.8998014494157,2.11559741390191,2.29844554862874,2.4752236520719,2.37255332373949,0.572553558772959,0.488584285935385,0.497158384210788,1.07337917487946,-0.411509002899095,-0.372548297521723
"ind_96",3.45617861029795,2.93034481842904,2.13513206717473,2.29055273944007,2.47612150987678,2.37731505698156,0.568088817464709,0.491221416566912,0.50068603419957,1.14342457062253,-0.39513197318753,-0.333481727234343
"ind_97",3.12807665552367,2.82912435724786,2.13861707580955,2.24001813945704,2.443265375068,2.34321026969001,0.531852048970858,0.493395710747232,0.383818676988568,1.10581139478043,-0.258944464774252,-0.327092137297732
"ind_97",3.12620204179797,2.82987010632051,2.15697539963634,2.24348313784734,2.44712570101092,2.34946418568018,0.531748335791452,0.493630666059805,0.413035034071545,1.06841134763246,-0.287709742727632,-0.301224425816725
"ind_97",3.10789613116597,2.84260664988361,2.16526132570463,2.2329635137108,2.4494171098068,2.31385984471771,0.531518186234328,0.488186793832156,0.412843439348436,1.09038271535655,-0.270068029356776,-0.262347109275156
"ind_97",3.1025362649545,2.82290871308957,2.15487103923551,2.22916487301188,2.44301049161617,2.31880694712616,0.529945524272498,0.495370463561561,0.390662963325286,1.04003070133504,-0.288042423407369,-0.299819262640115
"ind_97",3.14736834327808,2.86376921333842,2.1538395252146,2.23313256640847,2.44309317645527,2.37933855240372,0.536983641777292,0.495343089782271,0.403221494025279,1.04927592390723,-0.3044651938232,-0.268904463546997
"ind_97",3.15359663267096,2.85354239290398,2.11803678105006,2.23698707369995,2.43820682019689,2.32643599978408,0.527200629065532,0.493591965281138,0.382659710891186,1.06131003965638,-0.292310038113868,-0.274940865028838
"ind_97",3.17192125533633,2.82454627501704,2.14078324776238,2.24091071133378,2.44411450676774,2.33995695142353,0.532246668207411,0.492970783014086,0.407683407967051,1.06194996543771,-0.271846804946614,-0.270774436827803
"ind_97",3.09126102376516,2.86716412859494,2.13564068063374,2.23191910829553,2.45192250088925,2.36283304356649,0.536578438214303,0.490651451808714,0.400465930662378,1.12663479827877,-0.286446185225088,-0.295070787846824
"ind_97",3.12913971450467,2.82812883061362,2.13580315957317,2.24696318422598,2.44271516543371,2.34167063338112,0.539050329590675,0.499539857526657,0.405130103617711,1.03642891067286,-0.250070274592027,-0.280927155745819
"ind_97",3.13156379903986,2.86000870253726,2.14874764553971,2.23638119595836,2.44494235854406,2.3133393843005,0.532321739584945,0.498090428935082,0.406570116670345,1.0373147211618,-0.255231251579547,-0.290061628847732
"ind_97",3.11483920435368,2.87880927408596,2.1422037760528,2.23572523410426,2.43886756233001,2.325550852476,0.531926508148398,0.495221686156544,0.391776696550407,1.05622897675165,-0.313169600385941,-0.275022135402756
"ind_97",3.08755929096002,2.86701921547886,2.12713685805022,2.22930554936962,2.4343472041622,2.35158493324952,0.526953965356442,0.494409499024301,0.39670628709824,1.08708464724781,-0.293451481504023,-0.242441093695881
"ind_97",3.14371097902357,2.84983738020648,2.15808307142857,2.2423939753144,2.43436884487279,2.32594656986376,0.529526606997608,0.494337853979079,0.411332938386183,1.07439886759191,-0.277419616827395,-0.260352574193684
"ind_97",3.17234399837491,2.84540144722362,2.12241913036086,2.24061411909684,2.46389614062327,2.31904837829654,0.528197786009049,0.494792221221097,0.410803082584328,1.06862053700394,-0.300828579864396,-0.286528644378899
"ind_97",3.1103501019465,2.82334689111212,2.1261075547052,2.23570793404127,2.43613309248105,2.37809140741124,0.530215145411511,0.496675678911494,0.383440661632061,1.10000763425401,-0.26136165693724,-0.291460737006718
"ind_97",3.11845401530461,2.84365136534599,2.10743583782886,2.24908938258281,2.44315248964531,2.3293134154207,0.530652067191552,0.495449555052576,0.390675055983471,1.1313495636483,-0.264753972811986,-0.297894849053585
"ind_97",3.1383389164324,2.8505526462875,2.14511430850134,2.23127526795649,2.45210476487298,2.3164379465112,0.526046017827565,0.494147069333797,0.408982133273734,1.05461091165018,-0.32520429619009,-0.287856332929652
"ind_97",3.1022708446426,2.85454813264302,2.13200305409276,2.23417551021867,2.44441959324108,2.34521320890231,0.529254626215047,0.495197930194316,0.394063134374143,1.0790300303751,-0.294252176539611,-0.250082036998616
"ind_97",3.07377300221688,2.81330526185391,2.13719889110802,2.23198572398638,2.43599406542361,2.34439509234465,0.534329027124508,0.496110276081641,0.400115787583617,1.09327525898802,-0.300596927825487,-0.264408719550168
"ind_97",3.07870681790672,2.85244872455047,2.15480846753553,2.23905609716945,2.43447951462717,2.3183020426055,0.520717291671158,0.493229876079324,0.38828458221668,1.12774321473838,-0.292549503369552,-0.236479093055047
"ind_97",3.11805420622727,2.85182801427715,2.1354618508457,2.23775017969178,2.45245527639091,2.312573098359,0.527460304530803,0.495898778067068,0.395441952918458,1.0630826122832,-0.314398686412894,-0.311237736096136
"ind_97",3.07560506224838,2.8709983724388,2.13169497670127,2.23433463311014,2.43804585192528,2.32291796128275,0.533085613048027,0.491316359428359,0.391391721614572,1.06927675590619,-0.268278991129767,-0.300226805969841
"ind_97",3.12844992253399,2.87414501463124,2.13748508148685,2.24323465574968,2.44031880087814,2.28157261797098,0.533539912524108,0.492664347759574,0.408155714076312,1.12008783797957,-0.264032401751993,-0.248409082794664
"ind_97",3.11836073529384,2.83772628628561,2.09557778726905,2.23938743302823,2.44530362915684,2.33887177396688,0.541131591521241,0.490775763797813,0.394368622434571,1.04099820090661,-0.2850587903627,-0.291149311445602
"ind_97",3.10577015540979,2.83356426500618,2.10845392115796,2.24118150649422,2.42796145486374,2.30576167284793,0.53129975563889,0.490546310162671,0.39621052880604,1.10203070195284,-0.298516825508362,-0.293299169451962
"ind_97",3.10544620221933,2.83779419054186,2.11674247772655,2.23778284478845,2.44686203392644,2.30154603799705,0.535193108513702,0.490816700151851,0.414354123695273,1.10853918246445,-0.27218377878285,-0.255482321632096
"ind_97",3.10770198283493,2.83536624582708,2.10513727715547,2.24124388720446,2.43258776620906,2.32293543283612,0.5300967895444,0.494476610277284,0.404207038950433,1.05099356654196,-0.292232244542764,-0.29650619319106
"ind_97",3.13711141505841,2.84467832624596,2.15756733632798,2.23228554982918,2.44299257864815,2.34908927825727,0.53327891450229,0.489576751302979,0.399857367365929,1.07498133387403,-0.285691942916375,-0.276870577039623
"ind_97",3.11533538233968,2.8510030039015,2.13288456379892,2.24431776621363,2.44664421986739,2.31272380471967,0.526242693214937,0.495734289020052,0.37792919114965,1.07046992246397,-0.295454449142247,-0.273871825359235
